0.000000 0.000000000 0.000000000 0.000000000 -0.000000000 -0.000000000 -0.000000000 1.000000000
1.000000 -0.000004430 0.000131253 -0.000003554 0.000018686 0.000004067 0.000073798 1.000000000
2.000000 -0.000042588 0.000237688 0.000059289 0.000034682 0.000005468 0.000136796 1.000000000
3.000000 -0.000071113 0.000232117 0.000116871 0.000033868 0.000013682 0.000141410 1.000000000
4.000000 -0.000045784 0.000280015 0.000035616 0.000039577 0.000010154 0.000163964 1.000000000
5.000000 -0.000094718 0.000298195 0.000593383 0.000046147 0.000035900 0.000221749 1.000000000
6.000000 -0.003007620 0.000924735 0.003764058 -0.000506745 -0.000194281 0.001082055 0.999999285
7.000000 -0.002633763 0.000758133 0.003886221 -0.000521148 -0.000231508 0.001001112 0.999999344
8.000000 -0.002483584 0.000502905 0.004751199 -0.000552408 -0.000209510 0.000955706 0.999999404
9.000000 -0.002353258 0.000398206 0.004977142 -0.000575098 -0.000227142 0.000948937 0.999999344
10.000000 -0.005546783 -0.000768694 0.007439060 -0.001127532 -0.000487234 0.001023477 0.999998748
11.000000 -0.005271906 -0.000777753 0.007816019 -0.001129672 -0.000506367 0.001055003 0.999998689
12.000000 -0.007392317 -0.000710646 0.010091744 -0.001358017 -0.000615010 0.002430815 0.999995947
13.000000 -0.010024335 -0.002789353 0.011744274 -0.003160658 -0.001916832 0.000897997 0.999992788
14.000000 -0.010274611 -0.002953597 0.012055448 -0.003193421 -0.001844453 0.000919584 0.999992788
15.000000 -0.012243925 -0.004534803 0.014717867 -0.004758068 -0.000250057 -0.000562996 0.999988496
16.000000 -0.013191557 -0.004484482 0.016552143 -0.005375538 0.002069797 -0.000794320 0.999983132
17.000000 -0.016596776 -0.005832907 0.022706969 -0.008148630 0.009417872 -0.002217857 0.999920011
18.000000 -0.016779711 -0.005944466 0.021523284 -0.008165782 0.009396955 -0.002401655 0.999919653
19.000000 -0.018367043 -0.005074332 0.027944917 -0.009020186 0.015680568 -0.002195248 0.999834001
20.000000 -0.018588819 -0.004801620 0.027376972 -0.008991638 0.015654637 -0.002104470 0.999834836
21.000000 -0.021027351 -0.006632214 0.032413092 -0.007998173 0.021300934 -0.000376232 0.999741077
22.000000 -0.021470627 -0.006352301 0.031803261 -0.007995010 0.021275077 -0.000236106 0.999741673
23.000000 -0.022540379 -0.008795056 0.037570808 -0.007548458 0.026877847 -0.000240054 0.999610186
24.000000 -0.023187928 -0.008439648 0.036716294 -0.007454791 0.026885761 -0.000241933 0.999610722
25.000000 -0.025453955 -0.009133882 0.040417351 -0.006809128 0.030876180 0.001765140 0.999498487
26.000000 -0.025349898 -0.008058737 0.041875314 -0.005078373 0.033427570 0.003252285 0.999422967
27.000000 -0.026295824 -0.008987045 0.042508710 -0.004282911 0.035291739 0.004216052 0.999359012
28.000000 -0.026437901 -0.009862610 0.042853266 -0.005099602 0.037741579 0.005784405 0.999257803
29.000000 -0.026066883 -0.010410817 0.046130370 -0.006546771 0.039874621 0.006374015 0.999162912
30.000000 -0.027128739 -0.009733444 0.053361405 -0.008235794 0.045136098 0.006850806 0.998923421
31.000000 -0.027693927 -0.009814940 0.052635517 -0.008242374 0.045154128 0.006781359 0.998923063
32.000000 -0.026469015 -0.010175216 0.059300099 -0.006593797 0.050400324 0.009956103 0.998657763
33.000000 -0.027314113 -0.010291221 0.058763150 -0.006588625 0.050441999 0.009908515 0.998656154
34.000000 -0.025455359 -0.010382324 0.065764785 -0.009457151 0.058281530 0.010968888 0.998195112
35.000000 -0.025767144 -0.010483461 0.064993039 -0.009442287 0.058282331 0.010893175 0.998196065
36.000000 -0.025041696 -0.010380193 0.070445716 -0.010208182 0.062436659 0.010741062 0.997938931
37.000000 -0.017416105 -0.012073455 0.083817013 -0.009451174 0.072211437 0.013198698 0.997257233
38.000000 -0.017720144 -0.011892092 0.081542358 -0.009409563 0.072121605 0.013134111 0.997264981
39.000000 -0.019964870 -0.011521745 0.086431243 -0.008552969 0.079233520 0.014512794 0.996713758
40.000000 -0.017377540 -0.012168443 0.093773492 -0.007043093 0.084242739 0.016651837 0.996281266
41.000000 -0.014894784 -0.014685976 0.098368526 -0.005885614 0.089978904 0.016312657 0.995792747
42.000000 -0.002130166 -0.015472005 0.117500320 -0.002358760 0.107930712 0.018946687 0.993975163
43.000000 -0.010738003 -0.016115351 0.115333647 -0.002488006 0.108662151 0.018621545 0.993901193
44.000000 -0.003330391 -0.018071949 0.132944509 0.000727356 0.123289116 0.023214933 0.992098987
45.000000 -0.004209505 -0.018476175 0.131278977 0.000667933 0.123284623 0.023282692 0.992097974
46.000000 -0.000718387 -0.018472377 0.139361873 0.002211231 0.130419120 0.026790695 0.991094470
47.000000 0.000918828 -0.006900427 0.145149738 0.002639401 0.148305431 0.028287038 0.988533497
48.000000 -0.000147854 -0.007650725 0.142628923 0.002490702 0.148421675 0.028166682 0.988519907
49.000000 0.009104275 -0.008636137 0.161739618 0.000398620 0.167564839 0.031878848 0.985345483
50.000000 0.008976649 -0.008931124 0.162063032 0.000370750 0.167629853 0.032105360 0.985327065
51.000000 0.016882308 -0.015442725 0.180461258 -0.000652191 0.184945524 0.038964171 0.981975853
52.000000 0.016120458 -0.015974186 0.179840401 -0.000692195 0.185087621 0.039147779 0.981941819
53.000000 0.020051753 -0.019730344 0.187775910 -0.001215919 0.192694813 0.042050917 0.980356514
54.000000 0.021055210 -0.023328420 0.194047749 -0.002302674 0.198972479 0.044736456 0.978980780
55.000000 0.027594892 -0.025230344 0.212837577 -0.005992329 0.207539052 0.047792658 0.977040231
56.000000 0.027729675 -0.025942642 0.213028371 -0.006078889 0.207568005 0.047823589 0.977032006
57.000000 0.035426643 -0.048018262 0.231283337 -0.010520776 0.215692922 0.055566698 0.974822164
58.000000 0.033942629 -0.048150755 0.229900330 -0.010466790 0.215935215 0.055695605 0.974761784
59.000000 0.036151826 -0.048711598 0.238016099 -0.010852476 0.215106979 0.057228960 0.974851847
60.000000 0.032400008 -0.048759155 0.239770144 -0.012016833 0.215006918 0.056683004 0.974892139
61.000000 0.031632081 -0.045712210 0.250027359 -0.016755879 0.214621320 0.055603970 0.974969327
62.000000 0.032683447 -0.045459915 0.252034605 -0.016714346 0.214602336 0.055373069 0.974987328
63.000000 0.034444906 -0.034736771 0.262634575 -0.017556196 0.217149824 0.052751299 0.974553823
64.000000 0.034938850 -0.038856424 0.270892233 -0.019705771 0.221726760 0.055665139 0.973319292
65.000000 0.037459522 -0.031444028 0.285464555 -0.020111447 0.229963854 0.054785762 0.971447766
66.000000 0.037097730 -0.031576138 0.286253750 -0.020123212 0.230135992 0.054839101 0.971403778
67.000000 0.039902080 -0.035659842 0.299384713 -0.020123182 0.241196811 0.060751297 0.968363762
68.000000 0.039472245 -0.036984168 0.300298572 -0.020271383 0.241335019 0.061298635 0.968291819
69.000000 0.039848633 -0.037442282 0.313393831 -0.019003442 0.254385322 0.063204475 0.964848280
70.000000 0.038004871 -0.038657025 0.313248992 -0.019151071 0.254656345 0.063557126 0.964750767
71.000000 0.031703856 -0.033258244 0.316575080 -0.020643886 0.261963099 0.061031122 0.962924957
72.000000 0.036973566 -0.020614712 0.329345614 -0.024175482 0.275805533 0.057130080 0.959209561
73.000000 0.038179334 -0.020519394 0.330821306 -0.024110274 0.275835276 0.057309732 0.959191978
74.000000 0.040057316 -0.022951383 0.343605489 -0.026881766 0.282271862 0.055090997 0.957373977
75.000000 0.033963259 -0.032410145 0.361668259 -0.026533769 0.286531270 0.060278438 0.955804586
76.000000 0.034799092 -0.031459883 0.360953003 -0.026308980 0.286303669 0.060436778 0.955868959
77.000000 0.027806947 -0.040800393 0.378332406 -0.022156341 0.285775483 0.068908982 0.955559075
78.000000 0.026630918 -0.041327983 0.377208292 -0.022267727 0.285812169 0.068828970 0.955551267
79.000000 0.024665207 -0.079987459 0.386401355 -0.026235851 0.281496763 0.076370753 0.956158400
80.000000 0.010682980 -0.076876104 0.380026817 -0.026173167 0.275766850 0.074859850 0.957947612
81.000000 0.000903472 -0.089403100 0.385775954 -0.030506954 0.268151492 0.075002603 0.959968150
82.000000 0.000644621 -0.102923021 0.395476520 -0.035220262 0.253885806 0.075897068 0.963608444
83.000000 -0.004666558 -0.090578809 0.404954910 -0.035264499 0.242495373 0.070463680 0.966947436
84.000000 -0.012638588 -0.097184777 0.413232297 -0.036475770 0.233404428 0.072067082 0.969019234
85.000000 -0.017762268 -0.107571989 0.421014190 -0.037743386 0.219086185 0.073515914 0.972199678
86.000000 -0.027597018 -0.097907245 0.426761597 -0.037125196 0.205864906 0.067847885 0.975519359
87.000000 -0.043782707 -0.112231687 0.441725701 -0.043180354 0.182121664 0.065921076 0.980113089
88.000000 -0.047837455 -0.096384063 0.431886196 -0.041638110 0.182475150 0.061796065 0.980382800
89.000000 -0.057342459 -0.099762335 0.459431350 -0.041745558 0.151669636 0.057183396 0.985892355
90.000000 -0.054655530 -0.102243833 0.454452366 -0.041965563 0.150999323 0.057490304 0.985968053
91.000000 -0.064639285 -0.087085947 0.473136395 -0.033558805 0.122037068 0.048355423 0.990778744
92.000000 -0.078319527 -0.100658633 0.455307454 -0.035367075 0.121781714 0.050621122 0.990634143
93.000000 -0.084890507 -0.097799703 0.458456188 -0.033113614 0.109456316 0.047246348 0.992315769
94.000000 -0.093349591 -0.096301429 0.471148908 -0.030376064 0.087667428 0.039824292 0.994889796
95.000000 -0.099665567 -0.092605278 0.486179978 -0.024089724 0.065318637 0.033514060 0.997010589
96.000000 -0.086099595 -0.061789107 0.497372627 -0.021451514 0.064394251 0.028392402 0.997289956
97.000000 -0.086687282 -0.060916875 0.506476700 -0.018321525 0.056802183 0.026858687 0.997856021
98.000000 -0.088440947 -0.060341150 0.509490252 -0.017418182 0.047587000 0.024588933 0.998412490
99.000000 -0.091112062 -0.059388597 0.514324486 -0.017098702 0.042005502 0.023891443 0.998685300
100.000000 -0.104595751 -0.069366388 0.524770558 -0.014338044 0.029068461 0.021397699 0.999245584
101.000000 -0.100244619 -0.062959276 0.527992904 -0.013917215 0.028788399 0.020776823 0.999272764
102.000000 -0.109471440 -0.061284788 0.529013574 -0.009612258 0.014345185 0.019514881 0.999660492
103.000000 -0.109279722 -0.061363280 0.531277955 -0.009661798 0.014471261 0.019560685 0.999657333
104.000000 -0.113394745 -0.065033637 0.539407909 -0.005195551 -0.001842399 0.015624676 0.999862731
105.000000 -0.112780757 -0.064584292 0.543583274 -0.005098640 -0.001905274 0.015842738 0.999859691
106.000000 -0.120409511 -0.063531741 0.555676460 -0.000929331 -0.019294234 0.014557820 0.999707460
107.000000 -0.120166846 -0.063114025 0.561797857 -0.000997339 -0.019299449 0.015122788 0.999698877
108.000000 -0.119870961 -0.063168928 0.566376925 0.001567150 -0.028690055 0.015403079 0.999468505
109.000000 -0.120005831 -0.059045248 0.570442140 0.003559672 -0.038534585 0.017786896 0.999092638
110.000000 -0.119959749 -0.064541236 0.577518702 0.004001231 -0.048494089 0.013422265 0.998725295
111.000000 -0.120276868 -0.065319143 0.584217608 0.004670837 -0.055280007 0.012138266 0.998386204
112.000000 -0.123074964 -0.062395211 0.595808685 0.006231064 -0.064316496 0.013871646 0.997813702
113.000000 -0.124508135 -0.064252920 0.605186641 0.007676233 -0.074847043 0.012432619 0.997088075
114.000000 -0.133017704 -0.066052437 0.625476599 0.016585711 -0.105438136 0.018911788 0.994107664
115.000000 -0.130837530 -0.064042009 0.629864931 0.016812854 -0.105720669 0.020239862 0.994047701
116.000000 -0.128794178 -0.075015508 0.642785370 0.018831365 -0.122065142 0.012962583 0.992258787
117.000000 -0.127601713 -0.073451713 0.642672658 0.018958123 -0.122334421 0.014374740 0.992203712
118.000000 -0.128434688 -0.076100364 0.653684855 0.018666172 -0.126525566 0.012306630 0.991711318
119.000000 -0.128870517 -0.073683880 0.665039897 0.019638445 -0.131716445 0.015896117 0.990965426
120.000000 -0.127858281 -0.074420735 0.673615754 0.020945597 -0.139615953 0.015954768 0.989855647
121.000000 -0.127071381 -0.078457862 0.684189737 0.022836214 -0.146479622 0.011228107 0.988886356
122.000000 -0.127828449 -0.079361953 0.695125282 0.025417088 -0.151727721 0.009424846 0.988050580
123.000000 -0.124793336 -0.077159673 0.701203287 0.027920522 -0.158720389 0.009045457 0.986887276
124.000000 -0.123383969 -0.083273850 0.709205270 0.027329342 -0.163388833 0.000517645 0.986183047
125.000000 -0.126581609 -0.079353496 0.727531374 0.032571234 -0.173148498 -0.000834078 0.984356701
126.000000 -0.126030028 -0.078223199 0.728750408 0.032739926 -0.173349902 0.000157488 0.984315991
127.000000 -0.118870251 -0.084000237 0.733608246 0.031448998 -0.183618203 -0.006093890 0.982475579
128.000000 -0.117133752 -0.084111527 0.731712639 0.031316195 -0.183770224 -0.006349479 0.982449710
129.000000 -0.121201195 -0.081125692 0.741318226 0.031289000 -0.186742410 -0.004813582 0.981898725
130.000000 -0.123447843 -0.083851248 0.750884295 0.035325114 -0.198720202 -0.005046151 0.979406476
131.000000 -0.123101965 -0.082847677 0.752098382 0.035528559 -0.198803976 -0.004271821 0.979385793
132.000000 -0.127592444 -0.085159160 0.762925982 0.038205344 -0.207090169 -0.004804896 0.977563858
133.000000 -0.122551575 -0.078722641 0.759953201 0.038687799 -0.207980350 -0.001987419 0.977365613
134.000000 -0.121121384 -0.077276096 0.762521744 0.041653119 -0.214643881 0.000773760 0.975803494
135.000000 -0.121535949 -0.078940362 0.768739343 0.040464047 -0.223897412 0.000860595 0.973772049
136.000000 -0.121435992 -0.079730086 0.768843889 0.040288478 -0.223657414 0.000165244 0.973834753
137.000000 -0.123286024 -0.076392457 0.775612235 0.043595593 -0.236366987 0.005331473 0.970670760
138.000000 -0.123030216 -0.076825589 0.775801241 0.043425519 -0.235986680 0.005145177 0.970771909
139.000000 -0.125220492 -0.080046661 0.781482816 0.048699886 -0.246092930 0.001137248 0.968021333
140.000000 -0.125354022 -0.080225669 0.781491399 0.048691656 -0.245726585 0.000916157 0.968115032
141.000000 -0.126568481 -0.081172951 0.786964953 0.049438898 -0.254642367 0.000246958 0.965770721
142.000000 -0.126979291 -0.081494331 0.787051916 0.049391657 -0.254205614 -0.000035019 0.965888202
143.000000 -0.129210055 -0.083932638 0.794002473 0.047561470 -0.260394335 -0.001889708 0.964328349
144.000000 -0.129525512 -0.084302582 0.794325709 0.047423542 -0.260164827 -0.002083646 0.964396715
145.000000 -0.131501719 -0.084123813 0.798590899 0.046467870 -0.262632221 -0.001727019 0.963774920
146.000000 -0.137606621 -0.084117107 0.809442639 0.046420626 -0.266027272 0.000782503 0.962846816
147.000000 -0.137855202 -0.084481023 0.809821129 0.046360396 -0.265815020 0.000432654 0.962908566
148.000000 -0.140392452 -0.085853569 0.818809152 0.050217554 -0.270750165 0.001542158 0.961337745
149.000000 -0.142688215 -0.085361466 0.828957617 0.051124074 -0.276159614 0.000700138 0.959750891
150.000000 -0.143144667 -0.085434876 0.829292893 0.051097423 -0.275807053 0.000699803 0.959853709
151.000000 -0.146981552 -0.083571486 0.841295242 0.052841883 -0.281860560 -0.000094626 0.957999229
152.000000 -0.147720486 -0.083646193 0.841333866 0.052855402 -0.281290770 -0.000128928 0.958165824
153.000000 -0.151190817 -0.084406354 0.847480893 0.054273129 -0.284479380 -0.004033507 0.957136214
154.000000 -0.155228406 -0.081443533 0.853826046 0.058335196 -0.288142174 -0.002033863 0.955807030
155.000000 -0.155928671 -0.081250377 0.862523437 0.068134218 -0.304396629 -0.005153833 0.950091541
156.000000 -0.157338709 -0.080963470 0.862444818 0.068214059 -0.303305656 -0.004750722 0.950436711
157.000000 -0.160938770 -0.086385839 0.872225165 0.067741111 -0.311404616 -0.018082898 0.947687387
158.000000 -0.162441924 -0.085664585 0.872726858 0.067902364 -0.310646981 -0.017116996 0.947942436
159.000000 -0.166641563 -0.082787134 0.884234905 0.071509346 -0.318418443 -0.015620627 0.945120156
160.000000 -0.167904496 -0.082997456 0.884081900 0.071408041 -0.317495495 -0.015621032 0.945438325
161.000000 -0.168015897 -0.086739011 0.888835847 0.071550526 -0.322246581 -0.022320297 0.943683982
162.000000 -0.169758946 -0.086470127 0.893728673 0.071912751 -0.325336188 -0.023858666 0.942558110
163.000000 -0.172657579 -0.091080777 0.898355663 0.068929724 -0.326995462 -0.029241063 0.942055047
164.000000 -0.178509876 -0.093109451 0.909231126 0.067835875 -0.327348709 -0.027873535 0.942053199
165.000000 -0.179150388 -0.093082033 0.909565747 0.067877375 -0.327064514 -0.027884036 0.942148566
166.000000 -0.180316657 -0.096120767 0.913688600 0.066379949 -0.325834394 -0.028966364 0.942648768
167.000000 -0.184882089 -0.097090431 0.924430132 0.064332791 -0.321064144 -0.026830237 0.944488883
168.000000 -0.184405595 -0.097251706 0.924564123 0.064290427 -0.321383446 -0.027015967 0.944377899
169.000000 -0.186288282 -0.100235842 0.933391094 0.059781596 -0.317680389 -0.033024177 0.945735037
170.000000 -0.185799584 -0.099668324 0.933457971 0.059894457 -0.318090200 -0.032313120 0.945614696
171.000000 -0.188955471 -0.097857639 0.939114332 0.058034942 -0.315125495 -0.030236783 0.946791232
172.000000 -0.190293461 -0.101202838 0.943677425 0.055137005 -0.312593073 -0.033466626 0.947694838
173.000000 -0.194397613 -0.100554809 0.953353763 0.053020839 -0.305478871 -0.028873816 0.950282991
174.000000 -0.194299936 -0.100979999 0.953810871 0.052814022 -0.305848956 -0.029162349 0.950166702
175.000000 -0.193502575 -0.101741582 0.957823396 0.053043842 -0.304256856 -0.027152436 0.950724423
176.000000 -0.194192469 -0.103807278 0.966483116 0.051327046 -0.299088895 -0.029012375 0.952402055
177.000000 -0.193564951 -0.103695177 0.966331720 0.051344879 -0.299515843 -0.028846981 0.952271938
178.000000 -0.194835633 -0.103769764 0.975557566 0.049988996 -0.292809695 -0.028245827 0.954445302
179.000000 -0.194484562 -0.104380019 0.975739777 0.049830690 -0.293226093 -0.028897127 0.954306185
180.000000 -0.196086735 -0.111487493 0.985026479 0.047425184 -0.284445763 -0.033504549 0.956932068
181.000000 -0.195108443 -0.111104816 0.984780908 0.047569055 -0.285337627 -0.033191986 0.956670225
182.000000 -0.196026683 -0.114138462 0.995703220 0.045289788 -0.274778724 -0.035042435 0.959800780
183.000000 -0.195077777 -0.114236265 0.995575547 0.045272447 -0.275596380 -0.035120316 0.959564269
184.000000 -0.194410190 -0.106048927 1.007486582 0.048091374 -0.265598446 -0.021359505 0.962646604
185.000000 -0.193701982 -0.106601745 1.007123232 0.047971323 -0.266069859 -0.022106767 0.962505579
186.000000 -0.193367004 -0.110736057 1.012747645 0.047165275 -0.262144953 -0.024968257 0.963551819
187.000000 -0.193631232 -0.108115733 1.019894719 0.048764329 -0.258539498 -0.020112574 0.964559436
188.000000 -0.193426788 -0.111007348 1.026223779 0.049742635 -0.256013513 -0.020875208 0.965166867
189.000000 -0.191553965 -0.115079187 1.032462001 0.048873212 -0.251557469 -0.021183047 0.966375530
190.000000 -0.190383866 -0.113009550 1.039624810 0.049452245 -0.247552440 -0.016238797 0.967475414
191.000000 -0.189626545 -0.116592295 1.046350241 0.048880961 -0.243701354 -0.018602496 0.968439102
192.000000 -0.188057989 -0.116135530 1.062025070 0.049362272 -0.234809861 -0.013622612 0.970691621
193.000000 -0.187871739 -0.116004013 1.061966658 0.049362794 -0.235180452 -0.013500289 0.970603526
194.000000 -0.185721427 -0.121327549 1.068306565 0.047758784 -0.231298506 -0.016520469 0.971569479
195.000000 -0.184697166 -0.122653425 1.085568070 0.050408605 -0.223935291 -0.012587041 0.973218143
196.000000 -0.184510812 -0.123054661 1.085640669 0.050295886 -0.224230736 -0.012972726 0.973150909
197.000000 -0.180249229 -0.126580000 1.099901199 0.052490804 -0.212134153 -0.011900312 0.975757301
198.000000 -0.180240110 -0.126188025 1.099297404 0.052588321 -0.212461889 -0.011662046 0.975683570
199.000000 -0.177496642 -0.129568189 1.115746140 0.053583894 -0.203159541 -0.013339091 0.977587402
200.000000 -0.177408844 -0.128582358 1.115577936 0.053762756 -0.203656361 -0.012414240 0.977486372
201.000000 -0.172135159 -0.130511492 1.129464984 0.053486966 -0.198010638 -0.014423331 0.978633225
202.000000 -0.172419101 -0.129850045 1.129033923 0.053635050 -0.198167682 -0.013760112 0.978602827
203.000000 -0.175459474 -0.133508816 1.148167014 0.052645605 -0.190850124 -0.014304369 0.980102062
204.000000 -0.175617740 -0.132852525 1.148118258 0.052822277 -0.191007391 -0.013806029 0.980069101
205.000000 -0.170822248 -0.134360433 1.161381960 0.053042483 -0.183894560 -0.014658997 0.981404305
206.000000 -0.170531332 -0.134271115 1.160846353 0.053046480 -0.184217975 -0.014725097 0.981342435
207.000000 -0.168984860 -0.130486190 1.176188111 0.051471889 -0.182288066 -0.011459721 0.981830120
208.000000 -0.168807805 -0.130693346 1.176241040 0.051404834 -0.182308197 -0.011608228 0.981828153
209.000000 -0.167493314 -0.145003349 1.189407110 0.049798857 -0.170775265 -0.025004867 0.983732998
210.000000 -0.167691901 -0.143830925 1.188586116 0.050024595 -0.171029449 -0.023994222 0.983702600
211.000000 -0.166403100 -0.136601582 1.204153776 0.050530661 -0.160850123 -0.016119016 0.985552728
212.000000 -0.166507021 -0.136805713 1.203932047 0.050481651 -0.160946503 -0.016149381 0.985538960
213.000000 -0.163339034 -0.139371574 1.216163874 0.055101901 -0.146757036 -0.016161520 0.987504482
214.000000 -0.162209079 -0.138465703 1.213658452 0.055204067 -0.147197828 -0.015572563 0.987442553
215.000000 -0.161834076 -0.151001543 1.228490472 0.051173363 -0.134003177 -0.021971976 0.989414811
216.000000 -0.162240297 -0.149722695 1.227290630 0.051397901 -0.134087786 -0.021105377 0.989410639
217.000000 -0.156965956 -0.136291340 1.236510754 0.056894828 -0.130987018 -0.007474596 0.989721954
218.000000 -0.156806573 -0.136160880 1.236535311 0.056891475 -0.131020054 -0.007357976 0.989718676
219.000000 -0.156995162 -0.143410206 1.241874933 0.054492716 -0.126515627 -0.009353441 0.990422547
220.000000 -0.153142884 -0.140505016 1.248728156 0.055843748 -0.123262286 -0.004694836 0.990790546
221.000000 -0.153154254 -0.140373915 1.248377562 0.055851553 -0.123286776 -0.004681200 0.990787148
222.000000 -0.154023275 -0.141308680 1.254606247 0.054252550 -0.121648476 -0.001403051 0.991088510
223.000000 -0.151186511 -0.142423987 1.261916041 0.053143308 -0.120624699 -0.001921071 0.991272867
224.000000 -0.150921315 -0.142581016 1.261015654 0.053103000 -0.120680816 -0.002073142 0.991267920
225.000000 -0.152886614 -0.137302443 1.274054885 0.050802696 -0.121353142 0.003484603 0.991302431
226.000000 -0.153171316 -0.138131887 1.275188565 0.050674718 -0.121330418 0.002934700 0.991313457
227.000000 -0.154940441 -0.148221761 1.288433313 0.049348611 -0.118545003 -0.002553926 0.991718352
228.000000 -0.154914826 -0.148053333 1.287996650 0.049376957 -0.118615843 -0.002490273 0.991708636
229.000000 -0.156427935 -0.153621197 1.303525925 0.051295418 -0.113252133 -0.005343511 0.992226958
230.000000 -0.156161308 -0.153639704 1.302091718 0.051237017 -0.113296226 -0.005232512 0.992225468
231.000000 -0.152476639 -0.155469283 1.311723709 0.055125043 -0.101790026 -0.001845172 0.993275702
232.000000 -0.153391957 -0.154605269 1.311464667 0.055254325 -0.101796910 -0.001422550 0.993268549
233.000000 -0.148148760 -0.157237992 1.320471883 0.053596713 -0.086146355 -0.001203980 0.994839072
234.000000 -0.147676706 -0.157225564 1.318396449 0.053514361 -0.086329535 -0.001080376 0.994827807
235.000000 -0.145506442 -0.159018233 1.322211862 0.048660059 -0.079900853 -0.001900754 0.995612621
236.000000 -0.149128065 -0.160121068 1.333098650 0.045540124 -0.071487591 -0.001767989 0.996399760
237.000000 -0.150812611 -0.159100533 1.349803925 0.047319621 -0.062123850 0.003076665 0.996941388
238.000000 -0.149402052 -0.159434929 1.347043753 0.047194470 -0.062360048 0.003125164 0.996932387
239.000000 -0.144871026 -0.162389398 1.359161019 0.041120168 -0.047495551 0.002676662 0.998021126
240.000000 -0.143186286 -0.162756115 1.355025053 0.040922482 -0.047784086 0.002510678 0.998015881
241.000000 -0.147205636 -0.163787559 1.375842214 0.037320547 -0.032418482 0.006762689 0.998754501
242.000000 -0.146201462 -0.163295895 1.373085141 0.037409775 -0.032540452 0.006901178 0.998746276
243.000000 -0.145283803 -0.159111783 1.385387659 0.038699422 -0.021425867 0.017095946 0.998874962
244.000000 -0.144487947 -0.159044936 1.383281231 0.038570147 -0.021586841 0.017351074 0.998872042
245.000000 -0.143404305 -0.163580850 1.387967587 0.038901415 -0.015413932 0.014157421 0.999023914
246.000000 -0.142924711 -0.159969524 1.397586465 0.038898889 -0.006191364 0.017218901 0.999075651
247.000000 -0.142517656 -0.160130575 1.396360517 0.038847547 -0.006307285 0.017183434 0.999077559
248.000000 -0.144914389 -0.160518974 1.410667777 0.039015051 0.005209826 0.018026246 0.999062419
249.000000 -0.143977940 -0.160509199 1.408727765 0.039000191 0.005074018 0.017935937 0.999065340
250.000000 -0.142504543 -0.158765003 1.411821008 0.039214630 0.008395014 0.020108422 0.998993218
251.000000 -0.141511977 -0.160880581 1.415672302 0.038370937 0.012258176 0.020621818 0.998975575
252.000000 -0.140993610 -0.155555457 1.423131704 0.037387770 0.017987169 0.028226528 0.998740196
253.000000 -0.140482992 -0.155586973 1.421545506 0.037350927 0.017923677 0.028074471 0.998746991
254.000000 -0.143056512 -0.158515111 1.432953119 0.035376459 0.023082441 0.028183347 0.998709857
255.000000 -0.142233789 -0.158867255 1.431303859 0.035346910 0.023018515 0.027823968 0.998722553
256.000000 -0.142777979 -0.159740880 1.440565109 0.031762812 0.028047552 0.029955460 0.998652756
257.000000 -0.142100543 -0.162612230 1.430931091 0.031314954 0.027787462 0.031464692 0.998627663
258.000000 -0.141576558 -0.161301643 1.434762955 0.030166673 0.030798050 0.034135032 0.998487055
259.000000 -0.141013011 -0.163209826 1.443761587 0.028185414 0.036112443 0.034082457 0.998368621
260.000000 -0.140480995 -0.163249359 1.442137003 0.028174061 0.036016420 0.033957519 0.998376667
261.000000 -0.140001595 -0.162289590 1.446905375 0.027365139 0.039010532 0.038902853 0.998106182
262.000000 -0.137126431 -0.163945109 1.454793930 0.029407898 0.043084480 0.036994603 0.997953057
263.000000 -0.136610791 -0.164133400 1.452980876 0.029313240 0.042983185 0.037183028 0.997953236
264.000000 -0.136682004 -0.166129246 1.457311153 0.028132368 0.046778273 0.039292973 0.997735679
265.000000 -0.134729460 -0.164086968 1.459592581 0.028029546 0.048232988 0.042198077 0.997550666
266.000000 -0.134996489 -0.167392746 1.476260424 0.028083421 0.056284141 0.035882279 0.997374535
267.000000 -0.134160876 -0.167613536 1.472488046 0.028025763 0.056144271 0.036064845 0.997377455
268.000000 -0.131654054 -0.166928127 1.473207951 0.028333511 0.057506189 0.040982347 0.997101128
269.000000 -0.129880995 -0.166454718 1.485987425 0.031215373 0.060179591 0.036001619 0.997049630
270.000000 -0.129615009 -0.166489989 1.484172225 0.031172812 0.060112823 0.036128145 0.997050405
271.000000 -0.125699982 -0.167387769 1.497300744 0.031449523 0.062410004 0.039153807 0.996786296
272.000000 -0.126326934 -0.167817771 1.497046828 0.031404287 0.062419176 0.039133172 0.996788025
273.000000 -0.122728109 -0.167411059 1.507125020 0.029625325 0.064266965 0.040121410 0.996685743
274.000000 -0.122290216 -0.167968914 1.506642699 0.029525302 0.064189225 0.039858606 0.996704221
275.000000 -0.117144093 -0.169520885 1.517597198 0.029716028 0.067061789 0.039867774 0.996509075
276.000000 -0.111553364 -0.170628473 1.533773422 0.030428339 0.073504351 0.044025645 0.995857954
277.000000 -0.111225829 -0.169642881 1.531638265 0.030479692 0.073465891 0.043898623 0.995864809
278.000000 -0.102565378 -0.173097581 1.548676729 0.032232795 0.080398753 0.052076172 0.994879484
279.000000 -0.102658786 -0.173026308 1.544639945 0.032154247 0.080403805 0.052478086 0.994860530
280.000000 -0.100579448 -0.172434002 1.543270230 0.032090176 0.081825688 0.050364707 0.994855940
281.000000 -0.102307864 -0.169390693 1.549088717 0.031055303 0.087233894 0.049547803 0.994470179
282.000000 -0.090936437 -0.177806109 1.568438888 0.030357672 0.091877483 0.053605489 0.993862867
283.000000 -0.091207340 -0.177600831 1.566762090 0.030366199 0.091889463 0.053364720 0.993874490
284.000000 -0.094331458 -0.167359605 1.572056890 0.028828131 0.096221179 0.051105347 0.993629098
285.000000 -0.094513744 -0.166630879 1.570288420 0.028915660 0.096196361 0.050871529 0.993640900
286.000000 -0.094658203 -0.162994355 1.575188398 0.027848197 0.100251980 0.045961369 0.993509710
287.000000 -0.087835766 -0.168596998 1.585687876 0.023612360 0.105889998 0.050690409 0.992804229
288.000000 -0.087607160 -0.167916402 1.584333777 0.023667570 0.105867684 0.050349947 0.992822707
289.000000 -0.087184809 -0.162413761 1.592917085 0.023999192 0.113619208 0.049553894 0.991997600
290.000000 -0.086893894 -0.161766976 1.592015386 0.024086421 0.113635994 0.049272750 0.992007494
291.000000 -0.081049122 -0.167291254 1.597856402 0.022384766 0.117343619 0.055456720 0.991289079
292.000000 -0.078665666 -0.161053851 1.606911182 0.026210923 0.124130912 0.052177012 0.990546405
293.000000 -0.079208009 -0.161066979 1.606036425 0.026161142 0.124278300 0.052228954 0.990526497
294.000000 -0.075271003 -0.158020005 1.615290642 0.023622880 0.137427077 0.051810235 0.988873899
295.000000 -0.074288622 -0.157784462 1.614528179 0.023651214 0.137418628 0.051945258 0.988867342
296.000000 -0.068601638 -0.161215857 1.624614000 0.022109939 0.155244187 0.056402445 0.986016810
297.000000 -0.065885976 -0.161336020 1.624510765 0.022142233 0.155001909 0.056634821 0.986040950
298.000000 -0.067080706 -0.157666460 1.628654361 0.021948431 0.172475204 0.057339195 0.983098567
299.000000 -0.063689664 -0.157995790 1.629883289 0.021912348 0.172279552 0.057378300 0.983131468
300.000000 -0.053312033 -0.170510158 1.635035753 0.020466987 0.176241904 0.065195695 0.981972218
301.000000 -0.055924479 -0.159701124 1.639342904 0.023865525 0.188229933 0.060252953 0.979984522
302.000000 -0.052661490 -0.160688624 1.641096115 0.023694526 0.188136727 0.060286675 0.980004430
303.000000 -0.042666048 -0.172546804 1.646300316 0.023605710 0.190747261 0.067443006 0.979035139
304.000000 -0.044326354 -0.165837869 1.647477865 0.027773410 0.192608804 0.061674695 0.978941619
305.000000 -0.046534017 -0.165335670 1.650904179 0.024596088 0.206048667 0.062340360 0.976244211
306.000000 -0.043652728 -0.165549040 1.652180910 0.024536846 0.205947354 0.062287934 0.976270437
307.000000 -0.041442350 -0.165004641 1.657997489 0.023160735 0.213216335 0.060522888 0.974853516
308.000000 -0.040021308 -0.164876491 1.659007311 0.023183037 0.213236853 0.060392741 0.974856615
309.000000 -0.037847914 -0.168847740 1.663319349 0.026584169 0.219074100 0.062754199 0.973325074
310.000000 -0.036512002 -0.169696689 1.664142966 0.026452150 0.218993410 0.063195370 0.973318279
311.000000 -0.040186629 -0.164631039 1.665618062 0.029374681 0.226462081 0.058400158 0.971823812
312.000000 -0.039041661 -0.164874047 1.666409731 0.029357053 0.226517841 0.058363900 0.971813560
313.000000 -0.040262170 -0.167639494 1.669359922 0.029535223 0.233954996 0.054445695 0.970272303
314.000000 -0.038676292 -0.167839140 1.670803189 0.029491294 0.233902395 0.054369405 0.970290661
315.000000 -0.040597238 -0.166769877 1.673646569 0.027983258 0.241880521 0.054306384 0.968380928
316.000000 -0.038602114 -0.167138830 1.675198555 0.027985537 0.241810039 0.054445963 0.968390644
317.000000 -0.037426673 -0.166287795 1.679304361 0.030505547 0.245575085 0.058652688 0.967120588
318.000000 -0.035963692 -0.166437790 1.680459499 0.030478070 0.245541841 0.058808684 0.967120409
319.000000 -0.038594984 -0.163509950 1.684137583 0.033909276 0.253683001 0.060603738 0.964791298
320.000000 -0.036969543 -0.163465932 1.685739875 0.033996731 0.253716975 0.060489554 0.964786470
321.000000 -0.038213834 -0.161911279 1.690245390 0.037184697 0.264599025 0.061474226 0.961678565
322.000000 -0.034705237 -0.162771344 1.692966938 0.036989350 0.264477313 0.061751243 0.961701810
323.000000 -0.034978434 -0.165623710 1.695472002 0.037447855 0.268018872 0.060886700 0.960758209
324.000000 -0.035054550 -0.163865894 1.699964762 0.038884409 0.270071566 0.059806693 0.960193992
325.000000 -0.039999530 -0.167193875 1.708384871 0.037076704 0.276660383 0.064731427 0.958067954
326.000000 -0.038637593 -0.167709127 1.709899426 0.036989022 0.276700288 0.064921737 0.958046913
327.000000 -0.038522780 -0.167934150 1.709754229 0.036951426 0.276706070 0.064956591 0.958044410
328.000000 -0.041104391 -0.164174542 1.713575006 0.036453146 0.278186142 0.060082655 0.957952917
329.000000 -0.044125527 -0.159182057 1.724076271 0.036965523 0.286565334 0.049003616 0.956092358
330.000000 -0.039533049 -0.159234285 1.727123260 0.037104838 0.285911947 0.049240198 0.956270397
331.000000 -0.041213378 -0.161568254 1.731294036 0.039342321 0.293305695 0.046814829 0.954061031
332.000000 -0.040605128 -0.161713302 1.731932640 0.039309639 0.293252558 0.046716724 0.954083502
333.000000 -0.040703684 -0.165364429 1.737973690 0.036422990 0.292463303 0.047841158 0.954384565
334.000000 -0.041767746 -0.165228158 1.737466931 0.036516607 0.292643666 0.048117854 0.954311788
335.000000 -0.041841105 -0.166397557 1.739879251 0.035531431 0.290576518 0.049430389 0.954913378
336.000000 -0.044222727 -0.166360125 1.741381884 0.034126848 0.287960142 0.049365852 0.955760121
337.000000 -0.045731768 -0.167865232 1.749329567 0.031361409 0.282800943 0.047678180 0.957479477
338.000000 -0.051098421 -0.169854417 1.745993376 0.030635262 0.283113092 0.049692098 0.957308352
339.000000 -0.054774418 -0.159987181 1.754223347 0.030650552 0.281440228 0.038582519 0.958312809
340.000000 -0.056201041 -0.158330172 1.753598571 0.030969828 0.281574041 0.037887607 0.958290994
341.000000 -0.057153568 -0.161084056 1.758213162 0.029026818 0.281456411 0.035080235 0.958493173
342.000000 -0.063084692 -0.167096183 1.762923956 0.025874767 0.279653490 0.034560602 0.959129810
343.000000 -0.063580841 -0.165342391 1.762880564 0.026250625 0.279675573 0.033614416 0.959146798
344.000000 -0.065486580 -0.161973804 1.771057129 0.027331918 0.276348531 0.040947035 0.959795773
345.000000 -0.065676183 -0.162382752 1.770829916 0.027240599 0.276334435 0.041208625 0.959791243
346.000000 -0.067852944 -0.151605099 1.776921630 0.032115169 0.280360341 0.029721975 0.958896935
347.000000 -0.066139206 -0.152395710 1.778792024 0.032014370 0.280398875 0.029865080 0.958884656
348.000000 -0.071344331 -0.154481843 1.780287385 0.038997564 0.291578233 0.034458127 0.955130398
349.000000 -0.068901539 -0.156068191 1.781896830 0.038753640 0.291522890 0.034961179 0.955138862
350.000000 -0.068192303 -0.155608848 1.785122156 0.037219603 0.299200416 0.036205284 0.952776492
351.000000 -0.066529870 -0.155334055 1.785896182 0.037295319 0.299158722 0.036058117 0.952792227
352.000000 -0.066846281 -0.158121318 1.787536979 0.038879745 0.302610576 0.037738856 0.951572895
353.000000 -0.066540286 -0.158208892 1.787924409 0.038850546 0.302623957 0.037721492 0.951570511
354.000000 -0.068735912 -0.158508673 1.787704945 0.037647549 0.303038150 0.037730470 0.951486766
355.000000 -0.067983255 -0.170617104 1.791315794 0.033490952 0.299628437 0.045673542 0.952373385
356.000000 -0.067281082 -0.170351177 1.791262865 0.033556551 0.299337506 0.045466926 0.952472508
357.000000 -0.069076464 -0.173434600 1.793127418 0.031818733 0.292479724 0.047713127 0.954550564
358.000000 -0.070061788 -0.173040047 1.792683721 0.031947654 0.292387903 0.047646601 0.954577684
359.000000 -0.075034767 -0.181451336 1.795014501 0.028392302 0.281243980 0.050919298 0.957863748
360.000000 -0.074233800 -0.185985759 1.799502969 0.026387474 0.268067509 0.052955195 0.961581707
361.000000 -0.077316806 -0.184667915 1.797290921 0.026542120 0.268033177 0.052480556 0.961612999
362.000000 -0.077200279 -0.185111180 1.798918009 0.026190050 0.260655612 0.051976051 0.963675916
363.000000 -0.081244096 -0.184766099 1.801699758 0.026914429 0.248056218 0.049549654 0.967103183
364.000000 -0.080397151 -0.178820089 1.800173879 0.028121889 0.247716546 0.046518747 0.967306376
365.000000 -0.081129596 -0.185333267 1.802443862 0.025047615 0.236429453 0.047868349 0.970145583
366.000000 -0.082677707 -0.184252396 1.801808238 0.025194582 0.236370638 0.047408007 0.970178664
367.000000 -0.081465371 -0.187706023 1.807637215 0.025344394 0.221092165 0.049079187 0.973687410
368.000000 -0.084052622 -0.186594024 1.806619883 0.025575196 0.220995411 0.048891827 0.973712802
369.000000 -0.081923880 -0.187131271 1.812287092 0.026086543 0.204937786 0.047384612 0.977279305
370.000000 -0.089497522 -0.183068752 1.805530429 0.026667703 0.205361396 0.047385376 0.977174580
371.000000 -0.083769143 -0.188731179 1.815390229 0.027257258 0.189095050 0.046057869 0.980499327
372.000000 -0.091048442 -0.184879348 1.809108377 0.027395805 0.189428717 0.045958109 0.980435729
373.000000 -0.093672350 -0.186837420 1.809155464 0.027304156 0.169985682 0.047381442 0.983928084
374.000000 -0.097139850 -0.187381417 1.807506204 0.027156966 0.170114338 0.046917193 0.983932137
375.000000 -0.095352501 -0.190519333 1.817628503 0.028967459 0.147891164 0.043975554 0.987600803
376.000000 -0.094928205 -0.186416805 1.820842505 0.029388687 0.147690803 0.042757884 0.987671793
377.000000 -0.097429976 -0.189976230 1.832415819 0.029779365 0.123653308 0.038912397 0.991114974
378.000000 -0.103624791 -0.185080409 1.831459880 0.032790095 0.104082257 0.033986773 0.993446827
379.000000 -0.098669045 -0.186964422 1.841989994 0.032602236 0.103575528 0.034321666 0.993494451
380.000000 -0.107293822 -0.181982249 1.832368851 0.036222033 0.087856591 0.031543866 0.994974434
381.000000 -0.106155694 -0.183925182 1.838584185 0.035964575 0.087703273 0.031749185 0.994990826
382.000000 -0.109212115 -0.181528687 1.836204052 0.035110284 0.073080696 0.027970690 0.996315300
383.000000 -0.108511090 -0.183261052 1.840792894 0.034917939 0.072979748 0.027754400 0.996335566
384.000000 -0.111308835 -0.177682206 1.844058633 0.034640968 0.061705839 0.023968710 0.997205079
385.000000 -0.111181028 -0.177982971 1.847548008 0.034616318 0.061686099 0.023887698 0.997209132
386.000000 -0.114165068 -0.179891914 1.851444602 0.033329934 0.049976941 0.027463462 0.997816265
387.000000 -0.114366621 -0.180164978 1.855144620 0.033313524 0.050032564 0.027439380 0.997814655
388.000000 -0.115315624 -0.180694461 1.857032776 0.031773262 0.037186086 0.029184120 0.998376667
389.000000 -0.114372246 -0.179734662 1.862051010 0.031863850 0.037106127 0.028986769 0.998382509
390.000000 -0.115552709 -0.182909444 1.863895535 0.031261954 0.025844706 0.026937658 0.998813868
391.000000 -0.115663506 -0.182665542 1.867478967 0.031264205 0.025849132 0.026972435 0.998812735
392.000000 -0.116961166 -0.183954939 1.867401242 0.032622468 0.011814560 0.028805001 0.998982728
393.000000 -0.117564715 -0.183530957 1.872131228 0.032685101 0.011834032 0.028909657 0.998977423
394.000000 -0.118655927 -0.180746883 1.870826364 0.033229671 -0.007442677 0.028692449 0.999008060
395.000000 -0.118855685 -0.180746868 1.874575734 0.033190966 -0.007543121 0.028612690 0.999010921
396.000000 -0.120383285 -0.181170478 1.878961682 0.032968104 -0.017441273 0.027675418 0.998920918
397.000000 -0.120179400 -0.181143835 1.881456137 0.033188742 -0.026364340 0.026750416 0.998743176
398.000000 -0.121493012 -0.183101892 1.886804104 0.033369984 -0.039461527 0.024146920 0.998371780
399.000000 -0.119563252 -0.186231539 1.888764262 0.032995947 -0.039684020 0.024531938 0.998366058
400.000000 -0.120679855 -0.186916843 1.892946720 0.033785589 -0.044915359 0.024544919 0.998117626
401.000000 -0.121544130 -0.187865898 1.895235181 0.034069289 -0.050415941 0.024700738 0.997841418
402.000000 -0.123474598 -0.189043283 1.896750450 0.033939250 -0.060895789 0.025076948 0.997251749
403.000000 -0.124488898 -0.189355522 1.900500774 0.033921268 -0.060763545 0.024951197 0.997263551
404.000000 -0.122379944 -0.181334034 1.894556880 0.036070880 -0.071501836 0.025064915 0.996472836
405.000000 -0.123650208 -0.181260690 1.897317886 0.036112215 -0.071339287 0.024996778 0.996484756
406.000000 -0.123801738 -0.181883395 1.897799253 0.036654565 -0.077690333 0.025921216 0.995966315
407.000000 -0.126073495 -0.164548025 1.901037812 0.038908284 -0.085287668 0.026549952 0.995242298
408.000000 -0.125475466 -0.168076098 1.898796797 0.040513389 -0.101654828 0.025345048 0.993671298
409.000000 -0.123718463 -0.166797966 1.898860812 0.040623181 -0.101719894 0.025105041 0.993666291
410.000000 -0.124867499 -0.169923425 1.902578592 0.041269895 -0.113111615 0.020619042 0.992510736
411.000000 -0.125784412 -0.171749055 1.904475927 0.041096754 -0.113016501 0.020840917 0.992524028
412.000000 -0.131855637 -0.172166467 1.916647911 0.044451218 -0.122473285 0.018855609 0.991296589
413.000000 -0.132092431 -0.171722814 1.917191267 0.044522878 -0.122370802 0.019126005 0.991300881
414.000000 -0.132009551 -0.172672257 1.919778228 0.045686685 -0.128214449 0.017529093 0.990538478
415.000000 -0.132147834 -0.173786134 1.923663735 0.047085762 -0.137014657 0.014136139 0.989348412
416.000000 -0.132218555 -0.173927233 1.924337864 0.047021482 -0.136943355 0.014122835 0.989361465
417.000000 -0.130661458 -0.175285712 1.928122878 0.048492052 -0.144932956 0.012318583 0.988175750
418.000000 -0.130755767 -0.175502703 1.928407192 0.048449591 -0.144876212 0.012245449 0.988187075
419.000000 -0.129117250 -0.175161928 1.931893826 0.047567360 -0.152944639 0.011973316 0.987016678
420.000000 -0.129229710 -0.175399885 1.932284355 0.047524083 -0.152827203 0.011784592 0.987039328
421.000000 -0.127895236 -0.174918130 1.936224699 0.045979228 -0.161721483 0.011617811 0.985696256
422.000000 -0.128229141 -0.174961314 1.936915636 0.045975670 -0.161650270 0.011565840 0.985708714
423.000000 -0.127840132 -0.172806874 1.941188335 0.045733631 -0.172451451 0.010916488 0.983895242
424.000000 -0.128281698 -0.173070818 1.942236900 0.045688901 -0.172343552 0.010740337 0.983918190
425.000000 -0.129619703 -0.174108505 1.948466539 0.048179578 -0.185172021 0.009270753 0.981480598
426.000000 -0.130236283 -0.174176022 1.949917078 0.048222501 -0.185006216 0.009455264 0.981508017
427.000000 -0.130894005 -0.174470752 1.952988029 0.052767508 -0.196884006 0.008203315 0.978971422
428.000000 -0.130534962 -0.174286142 1.953305244 0.052806716 -0.196849063 0.008533056 0.978973508
429.000000 -0.129969105 -0.174427316 1.954656124 0.054145392 -0.202288270 0.007951503 0.977795720
430.000000 -0.129199550 -0.176012695 1.955276132 0.054662690 -0.207609951 0.007422019 0.976655066
431.000000 -0.134378523 -0.179619953 1.962378025 0.053449087 -0.214062959 0.004597842 0.975345671
432.000000 -0.134568632 -0.179434061 1.962821364 0.053501680 -0.213994056 0.004698777 0.975357413
433.000000 -0.137826487 -0.181309909 1.970520258 0.053089507 -0.217273563 0.005513746 0.974650383
434.000000 -0.138042033 -0.181290403 1.970813751 0.053104948 -0.217186600 0.005497063 0.974669039
435.000000 -0.139795929 -0.177931800 1.977960825 0.052501753 -0.223548636 0.010941603 0.973216295
436.000000 -0.140193343 -0.178275034 1.978485703 0.052416220 -0.223396823 0.010663011 0.973258853
437.000000 -0.141617656 -0.179779500 1.982566595 0.051164895 -0.227185294 0.010803136 0.972446620
438.000000 -0.144544408 -0.181811988 1.987958193 0.050791506 -0.229610115 0.010158535 0.971903443
439.000000 -0.148951873 -0.183206856 1.998616338 0.052012097 -0.232335180 0.010714322 0.971185029
440.000000 -0.149012685 -0.182944015 1.998932362 0.052077554 -0.232279196 0.010928764 0.971192479
441.000000 -0.156156152 -0.182853967 2.011271477 0.055297237 -0.236098856 0.011884580 0.970081687
442.000000 -0.156379461 -0.182419807 2.011737108 0.055371754 -0.235958159 0.012305903 0.970106363
443.000000 -0.159497678 -0.183991954 2.017549276 0.056294590 -0.237968922 0.012603745 0.969558120
444.000000 -0.163574457 -0.185718298 2.027135372 0.057093851 -0.241257682 0.013574644 0.968685091
445.000000 -0.163589209 -0.185543165 2.027313709 0.057124563 -0.241185144 0.013718124 0.968699336
446.000000 -0.168654576 -0.183043361 2.038373470 0.058116302 -0.248097837 0.016182099 0.966854751
447.000000 -0.169026524 -0.182609528 2.038838625 0.058238253 -0.247848108 0.016558161 0.966905117
448.000000 -0.174566716 -0.185674816 2.048723936 0.058216512 -0.254620016 0.011455522 0.965219319
449.000000 -0.174806759 -0.185473740 2.049136400 0.058270887 -0.254435122 0.011632697 0.965262651
450.000000 -0.178793401 -0.188368917 2.055006742 0.058752626 -0.255754292 0.008062893 0.964921236
451.000000 -0.182377905 -0.189758494 2.060585737 0.060736060 -0.255413413 0.005799414 0.964904904
452.000000 -0.184554830 -0.191757247 2.064265966 0.061579920 -0.254423082 0.003508636 0.965124130
453.000000 -0.188795671 -0.198646769 2.072271109 0.057149224 -0.248824745 -0.001922578 0.966859102
454.000000 -0.188283712 -0.198807552 2.072076797 0.057182137 -0.248952612 -0.001979843 0.966824174
455.000000 -0.195797116 -0.197859854 2.082093954 0.055628028 -0.237878397 0.001978686 0.969698668
456.000000 -0.195260137 -0.197848022 2.082364082 0.055627096 -0.238088831 0.002071659 0.969646931
457.000000 -0.198039040 -0.199892044 2.089253426 0.051834878 -0.227101073 0.005294814 0.972476363
458.000000 -0.198026299 -0.200602800 2.089389324 0.051813833 -0.227221608 0.004377798 0.972453892
459.000000 -0.199262500 -0.199897468 2.098560572 0.050725296 -0.215800911 0.007889493 0.975087047
460.000000 -0.199546888 -0.200171664 2.098886728 0.050725281 -0.215880707 0.007657709 0.975071192
461.000000 -0.200395793 -0.202467725 2.102647781 0.049866460 -0.208800465 0.004861253 0.976674020
462.000000 -0.203552693 -0.202092782 2.111428976 0.048221022 -0.192091078 0.005495989 0.980176330
463.000000 -0.203301221 -0.202230752 2.111476183 0.048228171 -0.192270502 0.005089140 0.980143011
464.000000 -0.206315055 -0.200412735 2.121364594 0.047983851 -0.178917751 0.012806012 0.982609808
465.000000 -0.206685752 -0.200406834 2.121675491 0.047986746 -0.179031014 0.012814038 0.982588947
466.000000 -0.206261501 -0.201154605 2.125054836 0.047824271 -0.173835874 0.014615428 0.983504176
467.000000 -0.204595968 -0.201812923 2.127151489 0.047389530 -0.168404400 0.014893669 0.984465539
468.000000 -0.205645978 -0.201434091 2.133092165 0.046960119 -0.162626237 0.014749578 0.985459268
469.000000 -0.206663564 -0.200484842 2.138353586 0.046888109 -0.157777458 0.016253365 0.986226976
470.000000 -0.206408486 -0.200600833 2.148959398 0.047917694 -0.149277747 0.019146217 0.987447977
471.000000 -0.205525666 -0.200663581 2.148088455 0.047895379 -0.149441510 0.019068796 0.987425745
472.000000 -0.205173030 -0.200679511 2.160714626 0.048650213 -0.141579464 0.021333976 0.988500535
473.000000 -0.204456657 -0.200374171 2.158742189 0.048681539 -0.141675621 0.021116951 0.988489926
474.000000 -0.205791354 -0.198716745 2.172107697 0.049599987 -0.134099796 0.020771340 0.989507794
475.000000 -0.204701439 -0.199407041 2.170505285 0.049508609 -0.134300962 0.020572040 0.989489317
476.000000 -0.202797413 -0.200561658 2.177315712 0.050240394 -0.130223349 0.020306120 0.990002751
477.000000 -0.202801734 -0.201159716 2.183964729 0.050928712 -0.125523612 0.020723520 0.990565836
478.000000 -0.201694161 -0.201065093 2.190483093 0.050784066 -0.120541088 0.020624897 0.991193950
479.000000 -0.201094195 -0.199287012 2.207333326 0.050774883 -0.113271549 0.023485983 0.991987884
480.000000 -0.200778574 -0.199610785 2.206433773 0.050729994 -0.113359667 0.023325017 0.991983891
481.000000 -0.197807491 -0.203562334 2.221638441 0.049586147 -0.106971465 0.021095738 0.992800713
482.000000 -0.197251290 -0.204166755 2.220095396 0.049461517 -0.107067019 0.020852253 0.992801845
483.000000 -0.198674306 -0.208456486 2.238555431 0.044544570 -0.095578298 0.018924423 0.994244695
484.000000 -0.196060091 -0.210030079 2.236021042 0.044307981 -0.095865637 0.017986266 0.994244993
485.000000 -0.197387144 -0.210525975 2.246960402 0.044391628 -0.090050615 0.019645996 0.994753420
486.000000 -0.189665958 -0.212324336 2.254475355 0.042523675 -0.075494111 0.018957322 0.996058762
487.000000 -0.188209906 -0.213522270 2.252100229 0.042300913 -0.075672597 0.018484505 0.996063590
488.000000 -0.191191554 -0.213091105 2.271365166 0.043063641 -0.064421825 0.024392596 0.996694803
489.000000 -0.189066708 -0.212968692 2.269370794 0.042993926 -0.064647742 0.024806624 0.996672869
490.000000 -0.185127243 -0.214893252 2.283167362 0.043331858 -0.055138491 0.025646711 0.997208297
491.000000 -0.184047461 -0.215823635 2.280304909 0.043182589 -0.055281512 0.025433386 0.997212350
492.000000 -0.180573329 -0.216043785 2.294464111 0.044157747 -0.045744866 0.026574567 0.997622848
493.000000 -0.179817200 -0.215821221 2.291216373 0.044131685 -0.045905616 0.026668414 0.997614086
494.000000 -0.173635945 -0.215074301 2.300490379 0.043675952 -0.038756151 0.029805997 0.997848690
495.000000 -0.173386723 -0.215080097 2.296917677 0.043634027 -0.038830712 0.029761702 0.997848988
496.000000 -0.173671916 -0.213768378 2.305382013 0.043836817 -0.034144048 0.030717984 0.997982442
497.000000 -0.172337770 -0.214536592 2.310915709 0.044263996 -0.028878776 0.032042630 0.998088181
498.000000 -0.166294158 -0.214373589 2.330601931 0.044622868 -0.017390089 0.033318803 0.998296678
499.000000 -0.166599035 -0.213506326 2.326791525 0.044760622 -0.017440001 0.033501633 0.998283565
500.000000 -0.163038194 -0.212109238 2.332437754 0.045625597 -0.011419881 0.033839118 0.998320043
501.000000 -0.159668237 -0.213528633 2.345548630 0.046471171 -0.000656702 0.037286654 0.998223305
502.000000 -0.159326360 -0.210567713 2.342117548 0.046675161 -0.000724116 0.037896864 0.998190761
503.000000 -0.155801341 -0.212923244 2.356532574 0.048785813 0.011236164 0.037105855 0.998056591
504.000000 -0.156214550 -0.210980892 2.352271080 0.048905458 0.011203150 0.037430745 0.998038948
505.000000 -0.156992793 -0.212211192 2.357618570 0.050567113 0.024609812 0.036663555 0.997744083
506.000000 -0.160716981 -0.211795643 2.351604462 0.050615996 0.024902798 0.037002698 0.997721791
507.000000 -0.161762401 -0.210317641 2.352606058 0.049884174 0.030645618 0.036973037 0.997599840
508.000000 -0.163078383 -0.208130643 2.354999304 0.047509242 0.037054714 0.036363389 0.997520745
509.000000 -0.153768629 -0.213085473 2.373730183 0.045221690 0.048565846 0.039181493 0.997026265
510.000000 -0.153342962 -0.212376729 2.369577408 0.045235947 0.048526432 0.039384115 0.997019470
511.000000 -0.153941199 -0.213374719 2.371607304 0.044473320 0.054233715 0.041053280 0.996692240
512.000000 -0.156614944 -0.213527665 2.372551203 0.042697739 0.060394134 0.040267374 0.996447742
513.000000 -0.153619677 -0.214936391 2.390191793 0.039545566 0.070233054 0.037592217 0.996037304
514.000000 -0.154490933 -0.214324564 2.387000561 0.039612889 0.070311770 0.037371732 0.996037424
515.000000 -0.154204801 -0.214178979 2.400722980 0.038216211 0.082417943 0.036764003 0.995186031
516.000000 -0.155286372 -0.213557035 2.396810532 0.038294323 0.082483530 0.036561280 0.995185137
517.000000 -0.153662324 -0.216969043 2.409227371 0.038073651 0.093359061 0.038528416 0.994157970
518.000000 -0.154359877 -0.217024714 2.406382322 0.038056713 0.093432121 0.038698904 0.994145155
519.000000 -0.153675258 -0.216149479 2.412512541 0.038546044 0.098292679 0.039061636 0.993643284
520.000000 -0.152419403 -0.216252267 2.419255018 0.039187197 0.103328437 0.039220113 0.993100941
521.000000 -0.155029535 -0.218364134 2.421860695 0.039752167 0.108780682 0.040047165 0.992462993
522.000000 -0.155562535 -0.217748448 2.427282095 0.040838234 0.114061244 0.040610090 0.991802990
523.000000 -0.156040698 -0.217967480 2.433576822 0.041705444 0.119319111 0.041492343 0.991111517
524.000000 -0.158173382 -0.216318205 2.446550846 0.040533639 0.130393744 0.039986808 0.989826083
525.000000 -0.158617333 -0.215356246 2.443906784 0.040665049 0.130418301 0.039672982 0.989830077
526.000000 -0.159644470 -0.215615302 2.447760344 0.039628588 0.136881158 0.040165983 0.988979220
527.000000 -0.159889847 -0.215510234 2.454926968 0.039042272 0.143792570 0.040673412 0.988000572
528.000000 -0.156494588 -0.216581613 2.473068953 0.039565172 0.156995013 0.043409731 0.985851288
529.000000 -0.157711387 -0.216621518 2.469321489 0.039556261 0.157134965 0.043471623 0.985826671
530.000000 -0.155867219 -0.216991872 2.484882832 0.040138863 0.169032529 0.047329962 0.983654857
531.000000 -0.155946672 -0.216509998 2.482909679 0.040162090 0.169051915 0.047336232 0.983650267
532.000000 -0.155700982 -0.215651467 2.488814592 0.040465046 0.175555229 0.047432050 0.982493401
533.000000 -0.153301030 -0.215539813 2.498744726 0.040776379 0.182090774 0.048093375 0.981258094
534.000000 -0.161538213 -0.216788352 2.499434471 0.040382542 0.194650948 0.049385473 0.978795886
535.000000 -0.161384672 -0.215976536 2.498011112 0.040502597 0.194633782 0.049253844 0.978801012
536.000000 -0.160823852 -0.215477839 2.504078388 0.040513780 0.200470880 0.049919527 0.977587938
537.000000 -0.156139523 -0.215165466 2.514149427 0.040928707 0.206313685 0.050762650 0.976310790
538.000000 -0.159490600 -0.213938892 2.521263361 0.041048173 0.221135050 0.051168211 0.973034561
539.000000 -0.157370478 -0.213923737 2.522307634 0.041062027 0.221172512 0.051213834 0.973022997
540.000000 -0.163255334 -0.209150270 2.525043011 0.040572587 0.237261236 0.050609760 0.969277918
541.000000 -0.160805523 -0.208742440 2.526094198 0.040647145 0.237283930 0.050524361 0.969273686
542.000000 -0.159191936 -0.216337487 2.533306599 0.040134128 0.249276504 0.054773867 0.966048837
543.000000 -0.156294167 -0.217880949 2.535757303 0.039911684 0.249204040 0.055262785 0.966048896
544.000000 -0.158687815 -0.217029884 2.539821148 0.038316391 0.261531740 0.053527873 0.962947488
545.000000 -0.155277342 -0.217666596 2.542728424 0.038196445 0.261459321 0.053857625 0.962953508
546.000000 -0.156292468 -0.221056774 2.543709755 0.036707226 0.266961426 0.056574412 0.961344659
547.000000 -0.155369788 -0.222613215 2.547026634 0.035923775 0.271667898 0.058755603 0.959923923
548.000000 -0.154202521 -0.225342810 2.553453684 0.034518179 0.280647635 0.059444331 0.957346201
549.000000 -0.152294576 -0.227113038 2.555446148 0.034123868 0.280804813 0.059547719 0.957307875
550.000000 -0.156629294 -0.222231388 2.558242321 0.032371938 0.291459531 0.056720771 0.954351246
551.000000 -0.154402196 -0.221707061 2.560132504 0.032452457 0.291552067 0.056641273 0.954324961
552.000000 -0.150895983 -0.220356524 2.565415144 0.031560026 0.296751559 0.058398616 0.952644825
553.000000 -0.147658080 -0.224490181 2.572784185 0.031086929 0.306097418 0.062304839 0.949450433
554.000000 -0.145145506 -0.223639131 2.575532913 0.031300921 0.306122005 0.062106937 0.949448407
555.000000 -0.145432770 -0.228248492 2.579914331 0.027954375 0.313550055 0.064624630 0.946957588
556.000000 -0.144346416 -0.227303818 2.580688715 0.028198656 0.313652247 0.064184867 0.946946383
557.000000 -0.142688245 -0.231755078 2.587629318 0.027308527 0.317004204 0.066076867 0.945725441
558.000000 -0.142440915 -0.231895611 2.587989569 0.027279962 0.317111373 0.066132464 0.945686400
559.000000 -0.137594551 -0.224349827 2.603274822 0.028008416 0.321534485 0.063165084 0.944373548
560.000000 -0.136636823 -0.224531770 2.603669167 0.027956022 0.321538746 0.063328713 0.944362700
561.000000 -0.133488715 -0.225946441 2.615291357 0.029826580 0.327540159 0.064447075 0.942164779
562.000000 -0.131302387 -0.225181744 2.617050171 0.029958082 0.327542543 0.064092688 0.942183912
563.000000 -0.127843559 -0.234344721 2.627327681 0.029738659 0.330301225 0.069419786 0.940849423
564.000000 -0.127692163 -0.234372973 2.627376318 0.029747816 0.330363184 0.069445968 0.940825522
565.000000 -0.124272317 -0.243797809 2.643146276 0.027554747 0.324066430 0.070818029 0.942977488
566.000000 -0.123826206 -0.243661106 2.642243862 0.027520521 0.323575050 0.070615783 0.943162382
567.000000 -0.118249834 -0.242220163 2.657891512 0.027544549 0.319644958 0.065910354 0.944840848
568.000000 -0.118380100 -0.242539361 2.657225609 0.027520267 0.319419742 0.066340283 0.944887698
569.000000 -0.115230232 -0.246155947 2.663515806 0.027553193 0.317054242 0.067732804 0.945584357
570.000000 -0.115087062 -0.247267783 2.669191837 0.027234986 0.314112067 0.069177262 0.946470499
571.000000 -0.105864733 -0.257299989 2.688196659 0.025987756 0.302207530 0.073489316 0.950049818
572.000000 -0.111825615 -0.262239069 2.676089764 0.025303664 0.302302033 0.074094139 0.949991286
573.000000 -0.109935641 -0.269102812 2.679996490 0.024122776 0.293425530 0.075239502 0.952711165
574.000000 -0.102748454 -0.275939941 2.697202206 0.022765776 0.268994600 0.074340470 0.959998548
575.000000 -0.106127441 -0.275596082 2.694078207 0.022701327 0.268576086 0.074009173 0.960142851
576.000000 -0.119136035 -0.322755933 2.718744040 0.014677612 0.254772276 0.084766001 0.963166893
576.000000 -0.119136035 -0.322755933 2.718744040 0.014677612 0.254772276 0.084766001 0.963166893
578.000000 -0.101099610 -0.274701893 2.720666170 0.028902853 0.220418915 0.062698446 0.972958922
579.000000 -0.105941013 -0.274207175 2.716479301 0.029035665 0.220429465 0.062176879 0.972986102
580.000000 -0.103673100 -0.269524455 2.730126381 0.032728124 0.201953098 0.060268488 0.976991117
581.000000 -0.107209258 -0.268866181 2.727984905 0.032819144 0.201937288 0.059923910 0.977012515
582.000000 -0.106937572 -0.261515021 2.737817526 0.032843374 0.191528901 0.055505577 0.979365706
583.000000 -0.108050182 -0.261079669 2.737088680 0.032894205 0.191521987 0.055199347 0.979382634
584.000000 -0.103501156 -0.266270071 2.751969337 0.034148287 0.176687032 0.058017034 0.981962204
585.000000 -0.106813975 -0.266222835 2.750380039 0.034142081 0.176622272 0.057901260 0.981980860
586.000000 -0.101630479 -0.271940261 2.763431072 0.033461493 0.160246596 0.061559223 0.984587193
587.000000 -0.104780704 -0.269904494 2.761323929 0.033615850 0.160230383 0.060286757 0.984663308
588.000000 -0.100312978 -0.275173992 2.773071766 0.032842614 0.140600920 0.059159413 0.987751484
589.000000 -0.103582934 -0.274128079 2.771080017 0.032782108 0.140490949 0.058473036 0.987809956
590.000000 -0.106370911 -0.273709804 2.771167755 0.033527341 0.129949629 0.057763427 0.989268661
591.000000 -0.112069845 -0.269865453 2.773806095 0.035037927 0.110494591 0.056365386 0.991658390
592.000000 -0.120595798 -0.261734843 2.767872334 0.035859399 0.110855497 0.054895785 0.991671145
593.000000 -0.114369176 -0.271317959 2.785444021 0.036466990 0.091105148 0.055165421 0.993643224
594.000000 -0.120574251 -0.262657017 2.779543400 0.037072793 0.091309063 0.052546479 0.993744016
595.000000 -0.125171185 -0.260335594 2.783070326 0.037904013 0.074335702 0.050890718 0.995212436
596.000000 -0.123720065 -0.259961933 2.785574675 0.037974317 0.073966265 0.050372779 0.995263577
597.000000 -0.123408265 -0.262094229 2.794115782 0.038040079 0.066305906 0.049943641 0.995822370
598.000000 -0.130749524 -0.258254141 2.794786930 0.038103733 0.053997442 0.047020279 0.996705294
599.000000 -0.130862564 -0.260089666 2.795899868 0.037755784 0.053991329 0.046804465 0.996729076
600.000000 -0.131382689 -0.257822484 2.803678513 0.039088614 0.048500795 0.044214357 0.997078240
601.000000 -0.133471891 -0.259316921 2.804046869 0.040130381 0.042972196 0.043860666 0.997305989
602.000000 -0.135403574 -0.250017256 2.809824705 0.044247698 0.029472562 0.043375157 0.997643292
603.000000 -0.131332308 -0.253249019 2.827512026 0.044086158 0.028994678 0.043000877 0.997680724
604.000000 -0.138582245 -0.252669275 2.823905945 0.045608111 0.022451783 0.043998718 0.997737467
605.000000 -0.136179745 -0.259315223 2.806516886 0.046213318 0.004592133 0.044237357 0.997941077
606.000000 -0.134319723 -0.253752381 2.831596375 0.046767391 0.004136259 0.042819560 0.997979045
607.000000 -0.142579705 -0.251160234 2.827540874 0.046287518 -0.012251886 0.036338311 0.998191833
608.000000 -0.146552473 -0.249766722 2.845271826 0.046440180 -0.012037719 0.036383372 0.998185694
609.000000 -0.153079599 -0.253549814 2.852506638 0.044863351 -0.024091512 0.036746357 0.998026371
610.000000 -0.153487533 -0.254546940 2.855267286 0.044778876 -0.024101790 0.036471296 0.998040020
611.000000 -0.157617152 -0.257824600 2.864985466 0.044121258 -0.033251483 0.036490165 0.997805715
612.000000 -0.159520775 -0.258504987 2.869148970 0.044119097 -0.033073325 0.036491185 0.997811675
613.000000 -0.158681020 -0.257995307 2.883884907 0.045613594 -0.037807494 0.036000960 0.997594118
614.000000 -0.161370009 -0.258707076 2.885901690 0.046842795 -0.041589305 0.033836305 0.997462451
615.000000 -0.165233821 -0.262050450 2.882809639 0.045502845 -0.047863126 0.032662667 0.997282207
616.000000 -0.165354118 -0.262781590 2.884980202 0.045408990 -0.047844458 0.032385696 0.997296393
617.000000 -0.171600521 -0.260205775 2.898739815 0.045274895 -0.052264798 0.031797547 0.997099578
618.000000 -0.172151849 -0.260872722 2.900342464 0.045207813 -0.052184034 0.031747680 0.997108459
619.000000 -0.175553784 -0.264236242 2.903314590 0.045187049 -0.058860946 0.028601224 0.996832788
620.000000 -0.175572753 -0.264766723 2.905241966 0.045146726 -0.058850806 0.028696381 0.996832490
621.000000 -0.182885066 -0.265273809 2.917042255 0.047670927 -0.065744936 0.029180171 0.996269882
622.000000 -0.183072627 -0.266834199 2.916951418 0.047613692 -0.065681204 0.029605199 0.996264279
623.000000 -0.187670067 -0.264359474 2.922762156 0.049435183 -0.074381724 0.031217670 0.995514452
624.000000 -0.188243225 -0.264282316 2.924954653 0.049507190 -0.074355066 0.031540848 0.995502651
625.000000 -0.190485567 -0.266516536 2.926144838 0.050265025 -0.084366150 0.031040290 0.994682014
626.000000 -0.190749928 -0.266693473 2.928404331 0.050298318 -0.084361315 0.031158464 0.994677067
627.000000 -0.193041086 -0.268864661 2.940432787 0.050525345 -0.088731043 0.029845605 0.994325519
628.000000 -0.200601816 -0.271202475 2.946079254 0.046497609 -0.098526075 0.029691707 0.993604064
629.000000 -0.200166762 -0.267220348 2.945556879 0.046818454 -0.098685741 0.029829418 0.993569016
630.000000 -0.204138532 -0.267898023 2.947267532 0.044484869 -0.106134266 0.030552212 0.992886364
631.000000 -0.204160735 -0.269016981 2.949822664 0.044258066 -0.105906487 0.029918004 0.992940128
632.000000 -0.212601423 -0.268551618 2.954836845 0.039419200 -0.114064388 0.031668041 0.992185831
633.000000 -0.209856987 -0.268440098 2.955562115 0.039486643 -0.114359319 0.031413820 0.992157280
634.000000 -0.213800907 -0.272274375 2.963097811 0.038485482 -0.123354621 0.031005347 0.991131246
635.000000 -0.213042945 -0.272665709 2.977267742 0.038539678 -0.123413488 0.031509236 0.991105974
636.000000 -0.213072196 -0.271842539 2.979459524 0.038516391 -0.127846897 0.029021597 0.990620732
637.000000 -0.214643568 -0.278438419 2.979741096 0.036463574 -0.131544635 0.026300993 0.990290225
638.000000 -0.216826379 -0.266351879 2.973406076 0.035518195 -0.140583858 0.023127524 0.989161134
639.000000 -0.217931703 -0.266961157 2.974984169 0.035425100 -0.140383676 0.023067234 0.989194334
640.000000 -0.215174258 -0.268948853 2.977929831 0.034795087 -0.144122064 0.020725198 0.988730848
641.000000 -0.222690657 -0.267633736 2.992484331 0.034919754 -0.151963308 0.020396629 0.987558484
642.000000 -0.222775877 -0.267470956 2.993452311 0.034951251 -0.151868731 0.020577645 0.987568200
643.000000 -0.221906051 -0.263418406 2.990438700 0.036353424 -0.163415506 0.019917252 0.985686183
644.000000 -0.222457662 -0.264328420 3.001482725 0.036695875 -0.163308635 0.020268334 0.985684037
645.000000 -0.217214882 -0.264828950 2.998857021 0.035493109 -0.170304865 0.016932379 0.984606445
646.000000 -0.227002531 -0.265846312 3.017992258 0.038087621 -0.182386369 0.011514947 0.982421577
647.000000 -0.225516766 -0.265026927 3.018133640 0.038249433 -0.182419747 0.012372137 0.982398629
648.000000 -0.220096022 -0.278800160 3.036085844 0.039728701 -0.191747934 0.007445269 0.980611503
649.000000 -0.219436795 -0.278180152 3.035996199 0.039832596 -0.191699743 0.007806209 0.980613947
650.000000 -0.223539248 -0.277199626 3.046840191 0.041949648 -0.195183158 0.007849025 0.979837835
651.000000 -0.221677244 -0.282330215 3.058652639 0.044952486 -0.202601165 0.003619361 0.978222430
652.000000 -0.219881818 -0.282209694 3.057576656 0.045050271 -0.202668354 0.003872353 0.978202999
653.000000 -0.217822224 -0.283648968 3.071180105 0.046608385 -0.206070945 0.002433629 0.977423429
654.000000 -0.218148887 -0.283372432 3.071381807 0.046703637 -0.206001028 0.002754823 0.977432787
655.000000 -0.217311129 -0.288294345 3.086392164 0.048551947 -0.206328824 0.000894664 0.977277040
656.000000 -0.216127858 -0.291523397 3.082725286 0.048148625 -0.206510946 0.001026195 0.977258384
657.000000 -0.215278506 -0.282231987 3.096977472 0.050440948 -0.217126071 0.005103714 0.974826157
658.000000 -0.213947058 -0.281579316 3.096590281 0.050539535 -0.217089415 0.005498206 0.974827051
659.000000 -0.199288800 -0.281924546 3.099405289 0.052995168 -0.230987623 -0.000993497 0.971511841
660.000000 -0.198284805 -0.281066835 3.098881483 0.053149085 -0.230886251 -0.000375298 0.971527934
661.000000 -0.196068540 -0.283118695 3.109007835 0.055208951 -0.240354329 -0.004113607 0.969105184
662.000000 -0.194520727 -0.281915218 3.108281374 0.055449329 -0.240318298 -0.003481446 0.969102919
663.000000 -0.212018207 -0.283314109 3.128733635 0.058951423 -0.248651162 0.001644703 0.966796041
664.000000 -0.210425690 -0.282622188 3.127562046 0.059034467 -0.248558506 0.001860930 0.966814458
665.000000 -0.206046388 -0.284039140 3.131209135 0.061544646 -0.254766762 0.001807347 0.965040386
666.000000 -0.203774244 -0.286640406 3.140251398 0.065102436 -0.264119059 0.000656999 0.962290227
667.000000 -0.201470330 -0.284377515 3.139312983 0.065540954 -0.264170378 0.002057809 0.962244332
668.000000 -0.197642639 -0.290032774 3.148678780 0.064206459 -0.272384673 -0.002774220 0.960039794
669.000000 -0.197419614 -0.289738536 3.148414135 0.064207353 -0.272221863 -0.002552403 0.960086584
670.000000 -0.192877576 -0.296257675 3.156011343 0.060794841 -0.275263757 -0.006936443 0.959419489
671.000000 -0.193349689 -0.296732903 3.156455755 0.060818661 -0.275230646 -0.007234439 0.959425330
672.000000 -0.189434379 -0.294948041 3.164526939 0.059519701 -0.274874240 -0.006454783 0.959614456
673.000000 -0.189866424 -0.295019269 3.164692879 0.059522234 -0.274870753 -0.006559204 0.959614635
674.000000 -0.187909096 -0.295352370 3.168749571 0.058464058 -0.275555849 -0.006670807 0.959482372
675.000000 -0.184538692 -0.282675534 3.154973507 0.058276825 -0.275790036 -0.004715487 0.959438145
676.000000 -0.182649553 -0.284784585 3.156469107 0.055986788 -0.273962259 -0.007617358 0.960079253
677.000000 -0.185178548 -0.290102452 3.164041042 0.053082582 -0.268912941 -0.009843459 0.961650312
678.000000 -0.187334999 -0.295664191 3.175810099 0.048857141 -0.253383517 -0.011573659 0.966062069
679.000000 -0.192423418 -0.306821674 3.189772367 0.047876481 -0.253099382 -0.012127073 0.966178834
680.000000 -0.194152460 -0.318411410 3.217171431 0.042904802 -0.231935203 -0.010344357 0.971729517
681.000000 -0.189392000 -0.312647820 3.202411890 0.043304667 -0.232341066 -0.013894322 0.971570551
682.000000 -0.182265580 -0.303551584 3.207286358 0.043691464 -0.216812775 -0.005114009 0.975221574
683.000000 -0.186873317 -0.305965155 3.219014645 0.043829184 -0.216720387 -0.005044871 0.975236356
684.000000 -0.188899964 -0.309014231 3.246519566 0.042333778 -0.204451546 -0.001117393 0.977960229
685.000000 -0.187948346 -0.304474413 3.230790138 0.042586513 -0.204537526 -0.001444221 0.977930844
686.000000 -0.189203203 -0.305056393 3.239071608 0.042250145 -0.199478045 0.000089298 0.978991091
687.000000 -0.183915615 -0.306600660 3.237425089 0.040770594 -0.194157556 0.000097579 0.980122805
688.000000 -0.186246127 -0.310215920 3.244594574 0.039336778 -0.186629325 0.001791095 0.981640935
689.000000 -0.189310893 -0.314520895 3.283928156 0.040748384 -0.172680885 0.007466020 0.984106302
690.000000 -0.190815553 -0.301043272 3.248729706 0.041693501 -0.172360703 0.007716027 0.984120965
691.000000 -0.187663943 -0.310360551 3.280600071 0.042442750 -0.162639663 0.011051952 0.985710382
692.000000 -0.187544599 -0.307317972 3.268693924 0.042625483 -0.162710682 0.010984168 0.985691488
693.000000 -0.190755427 -0.311608315 3.289121151 0.040981576 -0.150127411 0.009877604 0.987767577
694.000000 -0.192761302 -0.308685601 3.280174971 0.041177779 -0.149897233 0.009686743 0.987796307
695.000000 -0.195365518 -0.310289204 3.315893650 0.040895019 -0.134094208 0.013253397 0.990035713
696.000000 -0.195325851 -0.306861699 3.300529480 0.041059926 -0.134105682 0.012987049 0.990030885
697.000000 -0.196252257 -0.308662951 3.318575144 0.043792184 -0.120740704 0.016455527 0.991581202
698.000000 -0.196020141 -0.310631543 3.311759472 0.043514375 -0.120773837 0.015802121 0.991599977
699.000000 -0.195035815 -0.311244428 3.314798355 0.044109926 -0.116506584 0.016925497 0.992065609
700.000000 -0.196674496 -0.316068143 3.337986469 0.044014573 -0.105258323 0.016301263 0.993336678
701.000000 -0.196748018 -0.312998474 3.326854944 0.044191960 -0.105308458 0.016075226 0.993327141
702.000000 -0.199210167 -0.314695895 3.336754799 0.044503540 -0.099323794 0.016437178 0.993923604
703.000000 -0.201079413 -0.320663691 3.361495972 0.044152036 -0.085637406 0.016040131 0.995218396
704.000000 -0.201301500 -0.318631887 3.347841263 0.044238653 -0.085605226 0.016316900 0.995212793
705.000000 -0.201463729 -0.320444524 3.369945288 0.045052130 -0.070181042 0.016296674 0.996383190
706.000000 -0.202804014 -0.317287028 3.357283831 0.045242030 -0.070064664 0.016387634 0.996381283
707.000000 -0.206772357 -0.321638256 3.380374193 0.046231542 -0.055771362 0.018802855 0.997195423
708.000000 -0.207788080 -0.320867509 3.369432449 0.046252605 -0.055701092 0.019021472 0.997194231
709.000000 -0.203695297 -0.313987613 3.374664783 0.047187656 -0.042193141 0.019233603 0.997809172
710.000000 -0.207764328 -0.318599373 3.378531218 0.046740983 -0.042125624 0.020679571 0.997804165
711.000000 -0.210320964 -0.320937425 3.395446777 0.046284407 -0.028858531 0.021637650 0.998276889
712.000000 -0.210121036 -0.319928795 3.383795261 0.046291336 -0.028932342 0.021537906 0.998276591
713.000000 -0.213821799 -0.322527856 3.410189152 0.047551472 -0.016183354 0.021010306 0.998516679
714.000000 -0.213621303 -0.319437712 3.396754980 0.047706153 -0.016240990 0.021038830 0.998507798
715.000000 -0.210070148 -0.317890793 3.397849083 0.047574680 -0.001046555 0.019180922 0.998683035
716.000000 -0.211353987 -0.317296267 3.384452820 0.047539741 -0.000876850 0.018948130 0.998689234
717.000000 -0.219163671 -0.324197978 3.405306339 0.044249859 0.015215221 0.025429655 0.998580873
718.000000 -0.220682696 -0.322446644 3.395482779 0.044353746 0.015278567 0.025201574 0.998581111
719.000000 -0.222665787 -0.318410337 3.385646820 0.043863978 0.022743706 0.026475407 0.998427689
720.000000 -0.220980644 -0.322046220 3.408737183 0.043808859 0.036247864 0.027387362 0.998006403
721.000000 -0.220605016 -0.323761761 3.425715923 0.044127025 0.048448481 0.030153140 0.997394800
722.000000 -0.221534699 -0.322389066 3.417010784 0.044163380 0.048466910 0.030192683 0.997391164
723.000000 -0.217907131 -0.322687566 3.427430868 0.044731900 0.056003727 0.033236451 0.996874154
724.000000 -0.218918204 -0.320613176 3.418823719 0.044891968 0.056034148 0.033014540 0.996872604
725.000000 -0.217166185 -0.321083158 3.426035166 0.041152127 0.063085139 0.032515030 0.996629119
726.000000 -0.217715770 -0.320582598 3.419558525 0.041193005 0.063114055 0.031946372 0.996643960
727.000000 -0.215544969 -0.321615040 3.436617613 0.039213788 0.070703723 0.032482851 0.996196806
728.000000 -0.216035470 -0.320657372 3.430746794 0.039228525 0.070758387 0.032312695 0.996197939
729.000000 -0.215018481 -0.321197152 3.442348003 0.035101190 0.079444170 0.031312060 0.995728970
730.000000 -0.215043068 -0.320927203 3.436660528 0.035129599 0.079451136 0.030931763 0.995739281
731.000000 -0.213455677 -0.319856137 3.453689098 0.034924898 0.085107319 0.030881403 0.995280564
732.000000 -0.213238627 -0.317367941 3.449072838 0.035164487 0.085011646 0.030570004 0.995289922
733.000000 -0.211309612 -0.319849819 3.469803095 0.036443174 0.091532432 0.031765055 0.994627953
734.000000 -0.210859850 -0.318298697 3.464327097 0.036548089 0.091409951 0.031753056 0.994635701
735.000000 -0.209089741 -0.320767820 3.478292465 0.037787285 0.097827740 0.033977959 0.993905187
736.000000 -0.208801895 -0.319196731 3.474712610 0.037960336 0.097752176 0.033796798 0.993912160
737.000000 -0.204851985 -0.314388007 3.485252619 0.038852334 0.100025006 0.036940295 0.993539631
738.000000 -0.204894811 -0.314093143 3.483879089 0.038878724 0.100010984 0.036973465 0.993538737
739.000000 -0.202794731 -0.322942436 3.496431589 0.040885020 0.102968082 0.035833921 0.993197918
740.000000 -0.203476489 -0.322096914 3.494403362 0.040988449 0.103025682 0.035582893 0.993196666
741.000000 -0.201379701 -0.325119764 3.516336441 0.041719869 0.106460974 0.038192943 0.992706835
742.000000 -0.201384351 -0.326173842 3.510943890 0.041561462 0.106430493 0.038416918 0.992708147
743.000000 -0.199023932 -0.327162087 3.521892548 0.043708779 0.107414216 0.039337363 0.992473900
744.000000 -0.196730033 -0.327629030 3.521481514 0.043732870 0.109436341 0.040106326 0.992221057
745.000000 -0.192975506 -0.331036747 3.538951159 0.042206366 0.112228565 0.041678224 0.991910517
746.000000 -0.193064481 -0.329993814 3.535737276 0.042287987 0.112219825 0.041664660 0.991908550
747.000000 -0.190297216 -0.330945194 3.549817324 0.042201899 0.114695907 0.043362617 0.991556168
748.000000 -0.190508887 -0.329919457 3.548303127 0.042328864 0.114713632 0.043454271 0.991544724
749.000000 -0.190991998 -0.335238785 3.565791607 0.042289693 0.119691521 0.044291321 0.990920722
750.000000 -0.189670116 -0.332483083 3.558318377 0.042633399 0.119430400 0.044724692 0.990918040
751.000000 -0.185156599 -0.335033894 3.580388308 0.043517940 0.128491551 0.044575263 0.989752114
752.000000 -0.186237141 -0.332486123 3.572245598 0.043681160 0.128562868 0.044675246 0.989731133
753.000000 -0.185756043 -0.334681243 3.575484991 0.043218821 0.134974197 0.044147898 0.988921225
754.000000 -0.182195008 -0.334905416 3.597770452 0.045716081 0.143915936 0.047533147 0.987389922
755.000000 -0.183451861 -0.333342642 3.592607737 0.045775898 0.144052222 0.047744047 0.987357140
756.000000 -0.180371612 -0.332241476 3.596892834 0.047074016 0.148020983 0.047940753 0.986699343
757.000000 -0.174861997 -0.335568964 3.618392229 0.048937529 0.159270227 0.046781197 0.984911025
758.000000 -0.177127838 -0.334769160 3.608207226 0.048877455 0.159475043 0.046712719 0.984884143
759.000000 -0.174438432 -0.319002301 3.618710995 0.051893279 0.172209397 0.047530178 0.982543647
760.000000 -0.175666988 -0.316967905 3.609174252 0.051897485 0.172316685 0.047803018 0.982511342
761.000000 -0.172538713 -0.320829928 3.625198364 0.051791601 0.181374207 0.048864763 0.980833054
762.000000 -0.172528654 -0.319600791 3.622592449 0.051898122 0.181415424 0.048895203 0.980818212
763.000000 -0.171639472 -0.317041367 3.618193150 0.051339492 0.185178459 0.048533931 0.980162024
764.000000 -0.167394921 -0.319166929 3.628899097 0.050002404 0.188910455 0.048494607 0.979520798
765.000000 -0.169490710 -0.323846698 3.629703999 0.049783055 0.194488555 0.047176041 0.978504121
766.000000 -0.170387417 -0.322967499 3.623196840 0.049007155 0.200826511 0.047880113 0.977227986
767.000000 -0.166492909 -0.331110060 3.644246101 0.047033153 0.209650248 0.050840147 0.975320458
768.000000 -0.166085690 -0.328954667 3.639835119 0.047191877 0.209704235 0.050488845 0.975319386
769.000000 -0.166222513 -0.328782946 3.645439386 0.045818813 0.216913491 0.051118031 0.973774195
770.000000 -0.162092417 -0.327691168 3.652700186 0.046114270 0.216763377 0.050870962 0.973806620
771.000000 -0.161852211 -0.328585237 3.654220104 0.045676354 0.221129790 0.050577641 0.972860396
772.000000 -0.158329621 -0.330152005 3.651915312 0.045737352 0.227727935 0.052221820 0.971247137
773.000000 -0.156597778 -0.331434935 3.653790474 0.045602825 0.227632955 0.052093152 0.971282661
774.000000 -0.153754294 -0.338927031 3.665626049 0.045469027 0.231713280 0.054366164 0.970198929
775.000000 -0.153831556 -0.337981522 3.664347887 0.045539629 0.231716841 0.054469008 0.970188975
776.000000 -0.153658152 -0.339547485 3.668926477 0.045416486 0.233813569 0.053975388 0.969719231
777.000000 -0.153494447 -0.339256704 3.669095755 0.045482446 0.233864650 0.053819992 0.969712436
778.000000 -0.155937254 -0.339081347 3.676180124 0.045272060 0.237279966 0.053902753 0.968887627
779.000000 -0.156097636 -0.338735670 3.675960302 0.045335114 0.237333402 0.053807847 0.968876898
780.000000 -0.159484744 -0.339066595 3.676448345 0.044576824 0.239347443 0.054506857 0.968377411
781.000000 -0.161768258 -0.340174854 3.689279556 0.043029532 0.242485613 0.058368899 0.967441142
782.000000 -0.161846995 -0.341353655 3.688597679 0.042907119 0.242542744 0.058423579 0.967428923
783.000000 -0.163456231 -0.342351496 3.696517229 0.041761234 0.243514284 0.060039543 0.967136025
784.000000 -0.163110226 -0.341788679 3.696960926 0.041820265 0.243477508 0.060070984 0.967140794
785.000000 -0.164916486 -0.349283099 3.707273006 0.039755169 0.242604852 0.060292475 0.967433333
786.000000 -0.165542930 -0.347967029 3.705957651 0.039819654 0.242616147 0.060302779 0.967427254
787.000000 -0.164620653 -0.351652443 3.720793247 0.039747838 0.236205935 0.061951820 0.968911231
788.000000 -0.163607210 -0.352341115 3.724302292 0.039663561 0.236044645 0.062189586 0.968938708
789.000000 -0.167096600 -0.348555505 3.725613594 0.041994922 0.228515536 0.060308792 0.970762551
790.000000 -0.167709529 -0.347810298 3.725159407 0.042068496 0.228450403 0.060468256 0.970764816
791.000000 -0.169229999 -0.353227526 3.738151789 0.043580148 0.222641155 0.058198523 0.972185493
792.000000 -0.168881208 -0.353982925 3.740516901 0.043537550 0.222563282 0.058225907 0.972203612
793.000000 -0.177739695 -0.358548820 3.753432989 0.044839419 0.215958565 0.058361605 0.973624885
794.000000 -0.173771650 -0.358234674 3.745705366 0.044313088 0.215322822 0.058655374 0.973772109
795.000000 -0.179322883 -0.362853765 3.739461660 0.044662610 0.203600675 0.060736548 0.976147056
796.000000 -0.182654396 -0.361136883 3.753392220 0.045315340 0.203949586 0.060746934 0.976043522
797.000000 -0.188469067 -0.353069246 3.757997036 0.046957865 0.194612727 0.056452096 0.978127897
798.000000 -0.188577443 -0.354049385 3.759778976 0.046903707 0.194571957 0.056495696 0.978136003
799.000000 -0.194925860 -0.352711916 3.750086308 0.047604881 0.186893582 0.053705823 0.979755282
800.000000 -0.198181614 -0.350391477 3.748352289 0.047772747 0.187182814 0.053971879 0.979677200
801.000000 -0.194227695 -0.353567004 3.760781765 0.047790524 0.177443802 0.053662255 0.981504023
802.000000 -0.195901155 -0.354677856 3.760999918 0.047632106 0.177505597 0.053967327 0.981483877
803.000000 -0.196146354 -0.352302939 3.767143965 0.048909713 0.172987685 0.052969441 0.982281685
804.000000 -0.204450727 -0.346962541 3.760853052 0.051596500 0.166227624 0.051457185 0.983391225
805.000000 -0.204620495 -0.348654300 3.764847755 0.051465396 0.166260898 0.051474232 0.983391643
806.000000 -0.209159628 -0.342880547 3.757205248 0.051390000 0.159419686 0.049971558 0.984605134
807.000000 -0.210431650 -0.348255187 3.763636112 0.051231921 0.159541965 0.049915466 0.984596431
808.000000 -0.210900575 -0.345334291 3.767041206 0.051083975 0.151922703 0.049614497 0.985823691
809.000000 -0.211694747 -0.348216444 3.773019552 0.051105585 0.151968122 0.049677990 0.985812426
810.000000 -0.212642044 -0.355957985 3.764734745 0.049088787 0.148166373 0.049995381 0.986477375
811.000000 -0.213958636 -0.356495172 3.769310474 0.048440263 0.144293353 0.049114954 0.987127542
812.000000 -0.216057926 -0.341408730 3.770127058 0.049835704 0.140171617 0.048639297 0.987675369
813.000000 -0.216407731 -0.344696254 3.775195599 0.048914313 0.135017201 0.050057620 0.988368332
814.000000 -0.219430268 -0.342316389 3.776562929 0.048920020 0.130143821 0.049529940 0.989048183
815.000000 -0.221716478 -0.346535742 3.774394751 0.049001377 0.120918155 0.048334543 0.990273416
816.000000 -0.222008213 -0.348613143 3.781124592 0.049074087 0.120913036 0.048489921 0.990262926
817.000000 -0.224116430 -0.357886016 3.777664185 0.047642667 0.112199903 0.046721242 0.991442680
818.000000 -0.222345397 -0.347248375 3.784598827 0.049087629 0.111997791 0.045613628 0.991446614
819.000000 -0.224631414 -0.357060462 3.786325455 0.048581168 0.106933586 0.046379544 0.991994977
820.000000 -0.225269169 -0.357723475 3.777243853 0.050053660 0.096400477 0.044417664 0.993090510
821.000000 -0.225156501 -0.359862626 3.782871485 0.049950045 0.096412815 0.044514164 0.993090153
822.000000 -0.225719273 -0.355962545 3.779474735 0.050265159 0.086577021 0.045711756 0.993925750
823.000000 -0.223953649 -0.357477009 3.785823584 0.050168566 0.086432964 0.045917060 0.993933678
824.000000 -0.226977944 -0.351139545 3.788971901 0.050877567 0.076897182 0.046468295 0.994655252
825.000000 -0.227201372 -0.352756500 3.795277357 0.050716992 0.077018172 0.046671759 0.994644582
826.000000 -0.226759225 -0.351799190 3.798400164 0.051090792 0.071343459 0.046953585 0.995035291
827.000000 -0.226739585 -0.352483958 3.800562620 0.051514901 0.060647842 0.045462724 0.995791793
828.000000 -0.227098271 -0.353992045 3.805967569 0.051355653 0.060768116 0.045591801 0.995786726
829.000000 -0.224636137 -0.351732224 3.806218147 0.053530328 0.051163461 0.044707432 0.996252060
830.000000 -0.224919513 -0.354162335 3.810171843 0.053337596 0.051206421 0.044691194 0.996260881
831.000000 -0.224657446 -0.354792565 3.816787958 0.054302868 0.046678919 0.044045113 0.996459901
832.000000 -0.224799842 -0.356260419 3.823235750 0.055761456 0.041919749 0.043964420 0.996594489
833.000000 -0.222596601 -0.354483783 3.823639393 0.057977829 0.036376934 0.044631314 0.996656060
834.000000 -0.222268134 -0.357326955 3.827122450 0.058749530 0.030581944 0.044127870 0.996827960
835.000000 -0.219720244 -0.355798692 3.827668190 0.058596972 0.024576053 0.042122327 0.997089863
836.000000 -0.218034551 -0.357529730 3.833569050 0.058697727 0.015986118 0.036075410 0.997495711
837.000000 -0.218252659 -0.358557314 3.836970091 0.058636073 0.016074054 0.036314394 0.997489214
838.000000 -0.219468564 -0.359231740 3.841454029 0.059136584 0.013097608 0.035260051 0.997541070
839.000000 -0.216097534 -0.358099580 3.843491793 0.059704471 0.010380955 0.034462046 0.997567058
840.000000 -0.217090100 -0.359510571 3.855511427 0.061042123 0.004991854 0.034112021 0.997539699
841.000000 -0.217846662 -0.359968811 3.857316494 0.061018284 0.005048804 0.034340214 0.997532964
842.000000 -0.214510873 -0.361679405 3.861577749 0.062177502 0.002061233 0.032345060 0.997538745
843.000000 -0.213951945 -0.362636000 3.869444370 0.064268582 -0.003898154 0.032542344 0.997394323
844.000000 -0.214294747 -0.362862170 3.873102903 0.064286768 -0.003820960 0.032800708 0.997384965
845.000000 -0.211745858 -0.360868841 3.876113892 0.065104879 -0.008100367 0.033104129 0.997296274
846.000000 -0.210224330 -0.361634105 3.883103371 0.065614335 -0.015952455 0.031280003 0.997227132
847.000000 -0.211304784 -0.362849474 3.888351679 0.065532833 -0.015794594 0.031458117 0.997229397
848.000000 -0.209050626 -0.363490492 3.891318083 0.067126706 -0.023840019 0.029577412 0.997021019
849.000000 -0.209335029 -0.365000129 3.894102573 0.066993579 -0.023764813 0.029585829 0.997031569
850.000000 -0.209405452 -0.367633820 3.900959492 0.066966750 -0.026893100 0.028164372 0.996994972
851.000000 -0.205247298 -0.363887280 3.904081583 0.068080254 -0.033506427 0.026870612 0.996754944
852.000000 -0.206847712 -0.365319133 3.908280849 0.068005934 -0.033299886 0.026974576 0.996764183
853.000000 -0.203153133 -0.365168452 3.911921263 0.069316752 -0.041741654 0.025727347 0.996388972
854.000000 -0.203299865 -0.366469651 3.915482759 0.069229923 -0.041730899 0.025919005 0.996390522
855.000000 -0.199277148 -0.364028484 3.916369677 0.069469020 -0.051035188 0.023998020 0.995988727
856.000000 -0.200876579 -0.366852313 3.922760487 0.069298394 -0.050857194 0.024069989 0.996008039
857.000000 -0.200830817 -0.363741130 3.922962427 0.069911152 -0.060136963 0.020646691 0.995524883
858.000000 -0.200483561 -0.364847153 3.927428484 0.069934599 -0.060131937 0.020913163 0.995517910
859.000000 -0.200397834 -0.364617258 3.926661015 0.069130942 -0.064204052 0.019302590 0.995352387
860.000000 -0.202280179 -0.367656201 3.933313847 0.068072535 -0.067923509 0.019694811 0.995170712
861.000000 -0.200734437 -0.366023183 3.932067156 0.067419343 -0.071404994 0.018582862 0.994992793
862.000000 -0.202144802 -0.368720978 3.937487841 0.066299811 -0.074041717 0.018555759 0.994875789
863.000000 -0.201433510 -0.368832529 3.937203407 0.065374620 -0.077177867 0.019503064 0.994680524
864.000000 -0.201733172 -0.364986718 3.937271595 0.064682096 -0.080122322 0.020022366 0.994482636
865.000000 -0.204606846 -0.365314901 3.946000099 0.063448191 -0.084440306 0.019015228 0.994224608
866.000000 -0.205663860 -0.365843803 3.949248075 0.063472793 -0.084327459 0.019256799 0.994228005
867.000000 -0.202659592 -0.367828906 3.947994709 0.062315885 -0.086972557 0.018544415 0.994086802
868.000000 -0.204137757 -0.370784044 3.952705860 0.061208498 -0.088206768 0.018127276 0.994054615
869.000000 -0.204080120 -0.371469855 3.957116842 0.060532678 -0.088971652 0.017808825 0.994033575
870.000000 -0.203945994 -0.369246602 3.961488008 0.059599008 -0.091342218 0.019040564 0.993852198
871.000000 -0.203705147 -0.368952423 3.962278843 0.059647001 -0.091358542 0.018987503 0.993848801
872.000000 -0.205533862 -0.368542522 3.968138218 0.057549078 -0.094609618 0.018733203 0.993673086
873.000000 -0.205355585 -0.369951785 3.969311953 0.057453707 -0.094575413 0.018503316 0.993686199
874.000000 -0.205940187 -0.363634765 3.978453636 0.058550205 -0.101852819 0.020091118 0.992871702
875.000000 -0.205116168 -0.364429563 3.981608391 0.058520067 -0.101960056 0.020169633 0.992860973
876.000000 -0.208903253 -0.366150945 3.983149052 0.058271732 -0.110183567 0.019414527 0.992011666
877.000000 -0.208231226 -0.367451876 3.987795353 0.058183528 -0.110232159 0.019656736 0.992006660
878.000000 -0.215785831 -0.370647848 4.001920700 0.058383565 -0.111197695 0.019410815 0.991891980
879.000000 -0.217464224 -0.372126877 4.005799294 0.058353081 -0.111001723 0.019685647 0.991910338
880.000000 -0.217908278 -0.375037223 4.019893646 0.058581505 -0.109189183 0.021391403 0.992062688
881.000000 -0.218017697 -0.374324620 4.019556522 0.058662467 -0.109182559 0.021538973 0.992055476
882.000000 -0.222000897 -0.373533785 4.029794693 0.059614755 -0.108985543 0.021077419 0.992030263
883.000000 -0.222109333 -0.373966962 4.029860973 0.059572399 -0.108962037 0.021009022 0.992036819
884.000000 -0.223516971 -0.374529868 4.035419941 0.059238490 -0.110782653 0.018540844 0.991904378
885.000000 -0.223246589 -0.375304163 4.036391258 0.059147220 -0.110822000 0.018508215 0.991906047
886.000000 -0.228713512 -0.374706745 4.051920414 0.059405547 -0.109795488 0.018210692 0.992010295
887.000000 -0.228247732 -0.374503076 4.050846577 0.059439179 -0.109823443 0.018201891 0.992005289
888.000000 -0.229727283 -0.371097296 4.055543900 0.058938004 -0.109243803 0.017215140 0.992116809
889.000000 -0.229152963 -0.371045470 4.054677963 0.058933083 -0.109330378 0.017210852 0.992107630
890.000000 -0.231397510 -0.371840626 4.061622620 0.059189577 -0.107258283 0.016016290 0.992338538
891.000000 -0.234524757 -0.374021024 4.076235294 0.060393270 -0.103419349 0.016838731 0.992659867
892.000000 -0.235796511 -0.374708444 4.077470779 0.060336776 -0.103290789 0.017070582 0.992672682
893.000000 -0.238766342 -0.375398278 4.087132454 0.060784765 -0.101290390 0.018483348 0.992826283
894.000000 -0.239638731 -0.375370294 4.086297989 0.060806673 -0.101209521 0.018412247 0.992834449
895.000000 -0.243772373 -0.379880965 4.098532677 0.060384814 -0.096931875 0.018684398 0.993281901
896.000000 -0.243059114 -0.379044533 4.096284389 0.060399469 -0.097079352 0.018438190 0.993271112
897.000000 -0.248368457 -0.383217126 4.111371994 0.060399979 -0.090845376 0.020237029 0.993825674
898.000000 -0.247831941 -0.382042438 4.108747482 0.060546223 -0.090971179 0.020137010 0.993807316
899.000000 -0.249087751 -0.383468270 4.119789600 0.060508400 -0.082677476 0.021150520 0.994512856
900.000000 -0.248380780 -0.383090049 4.116754532 0.060498588 -0.082786798 0.020969050 0.994508207
901.000000 -0.250797629 -0.383142948 4.123320580 0.060317554 -0.078153364 0.022562051 0.994859278
902.000000 -0.251630783 -0.383923531 4.128254890 0.060008146 -0.074741989 0.024241518 0.995100558
903.000000 -0.252753943 -0.384886563 4.137482643 0.058621425 -0.070079871 0.024600100 0.995513558
904.000000 -0.252491564 -0.384578407 4.135519505 0.058602322 -0.070143148 0.024503162 0.995512664
905.000000 -0.253063977 -0.383911967 4.140083313 0.057752445 -0.068036750 0.023698976 0.995727956
906.000000 -0.253136277 -0.383596301 4.144511700 0.057270851 -0.066673845 0.024446880 0.995829821
907.000000 -0.253239840 -0.383776814 4.148183346 0.056999262 -0.065705329 0.024295166 0.995913506
908.000000 -0.254948169 -0.390534371 4.163788319 0.052788444 -0.053591896 0.021356169 0.996937990
909.000000 -0.253101468 -0.388232410 4.157005310 0.052844446 -0.053965442 0.021346621 0.996915042
910.000000 -0.253968090 -0.388368398 4.163107395 0.050957326 -0.047760077 0.021378361 0.997329116
911.000000 -0.253676325 -0.387076706 4.168204784 0.050196450 -0.043096744 0.022824632 0.997548044
912.000000 -0.255772889 -0.390158862 4.182549953 0.048987146 -0.033860277 0.023829699 0.997940898
913.000000 -0.254785955 -0.389303565 4.178777695 0.049017530 -0.034081303 0.023759184 0.997933507
914.000000 -0.253006220 -0.390592456 4.190989971 0.050426561 -0.024814039 0.026361572 0.998071432
915.000000 -0.251954973 -0.389891416 4.186879158 0.050439455 -0.025085900 0.026095303 0.998070955
916.000000 -0.251514345 -0.389507145 4.192101955 0.050884593 -0.021358753 0.028225835 0.998077154
917.000000 -0.248091266 -0.386610687 4.200790882 0.052501306 -0.018740242 0.029497392 0.998009205
918.000000 -0.248176366 -0.386416346 4.199734688 0.052487630 -0.018772366 0.029580599 0.998006821
919.000000 -0.246973470 -0.385930777 4.208961010 0.052484076 -0.016162137 0.029048620 0.998068333
920.000000 -0.247147158 -0.386309475 4.208721638 0.052506268 -0.016172322 0.028965885 0.998069406
921.000000 -0.243654788 -0.386343420 4.220503807 0.051449753 -0.014984043 0.031980589 0.998050928
922.000000 -0.243547216 -0.386465669 4.220057011 0.051430378 -0.015010056 0.031863768 0.998055279
923.000000 -0.243120611 -0.388045907 4.231588364 0.050828625 -0.013715630 0.031900778 0.998103559
924.000000 -0.242975935 -0.388032436 4.231539726 0.050894637 -0.013740222 0.031802814 0.998103023
925.000000 -0.242816046 -0.389415324 4.236011505 0.051247068 -0.011955779 0.031073470 0.998130858
926.000000 -0.238288105 -0.393706799 4.246212959 0.053112302 -0.006164138 0.030992191 0.998088479
927.000000 -0.237662762 -0.392831057 4.243681908 0.053185411 -0.006342568 0.030914232 0.998085916
928.000000 -0.235014707 -0.391976148 4.248628139 0.054943558 -0.004851953 0.033542324 0.997914135
929.000000 -0.227972448 -0.394569248 4.264082909 0.056159146 -0.003447836 0.031194242 0.997928500
930.000000 -0.224273533 -0.397611529 4.280788422 0.059732202 -0.000835271 0.031849954 0.997705877
931.000000 -0.224203035 -0.397197962 4.280354977 0.059799168 -0.000865344 0.031784426 0.997703910
932.000000 -0.219728127 -0.397116244 4.288026810 0.059881333 -0.001877846 0.031423267 0.997709036
933.000000 -0.219739974 -0.397277445 4.287979603 0.059858050 -0.001862198 0.031458750 0.997709394
934.000000 -0.219205335 -0.398635209 4.295290470 0.059333052 -0.001907737 0.030185973 0.997779965
935.000000 -0.219569057 -0.399363160 4.300794125 0.059412841 -0.001385637 0.030495672 0.997766614
936.000000 -0.217499495 -0.398826987 4.304173470 0.059867587 -0.001487557 0.031635996 0.997703791
937.000000 -0.213257790 -0.400207132 4.313887596 0.059271578 -0.001127480 0.032387450 0.997715712
938.000000 -0.212966695 -0.399705470 4.312845707 0.059331421 -0.001212050 0.032359403 0.997712970
939.000000 -0.211014837 -0.400866359 4.322601318 0.059686590 0.002566230 0.031243151 0.997724831
940.000000 -0.210657731 -0.400583327 4.320195198 0.059664242 0.002496126 0.031172598 0.997728527
941.000000 -0.207214728 -0.402451813 4.330384731 0.059291620 0.008213683 0.030703904 0.997734606
942.000000 -0.206456035 -0.401506215 4.327919483 0.059351236 0.008046897 0.030687418 0.997732997
943.000000 -0.205325991 -0.401367009 4.329885960 0.058785331 0.011527198 0.031208895 0.997716129
944.000000 -0.202924728 -0.400258154 4.336218357 0.058131233 0.013989693 0.032699846 0.997675240
945.000000 -0.201526061 -0.400759071 4.346956253 0.056627113 0.014979785 0.035475355 0.997652531
946.000000 -0.201480851 -0.399948716 4.345733643 0.056718249 0.014955619 0.035425697 0.997649431
947.000000 -0.198159814 -0.400934160 4.352201939 0.054896407 0.015073769 0.036227051 0.997720838
948.000000 -0.198339209 -0.401551574 4.351655006 0.054817699 0.015105322 0.036048647 0.997731149
949.000000 -0.199283287 -0.401941836 4.354661942 0.054625209 0.017486427 0.035927460 0.997707129
950.000000 -0.199810743 -0.402848065 4.358175755 0.054659698 0.020996654 0.035790589 0.997642517
951.000000 -0.201747194 -0.403408974 4.360260487 0.053771466 0.025050685 0.037733883 0.997525573
952.000000 -0.197139785 -0.403895617 4.370456696 0.052061632 0.030541109 0.042951781 0.997252226
953.000000 -0.196850330 -0.403318495 4.368203163 0.052144598 0.030496582 0.042833973 0.997254372
954.000000 -0.192185178 -0.397052079 4.380217075 0.052397788 0.035732906 0.044775441 0.996981859
955.000000 -0.192889377 -0.396141589 4.377041340 0.052398846 0.035729405 0.044845428 0.996978760
956.000000 -0.191943273 -0.397798330 4.388476372 0.051784698 0.042752985 0.044747397 0.996738851
957.000000 -0.192332834 -0.396876156 4.383380890 0.051794138 0.042710695 0.044779900 0.996738732
958.000000 -0.193294585 -0.396923155 4.388426304 0.052367926 0.046902761 0.045893408 0.996469557
959.000000 -0.192517489 -0.398410469 4.391446114 0.053414360 0.050813284 0.046471346 0.996195495
960.000000 -0.189274102 -0.402657390 4.397852898 0.052565552 0.057851836 0.046955388 0.995833933
961.000000 -0.189606041 -0.402857631 4.413150787 0.052247141 0.066173010 0.045471657 0.995401323
962.000000 -0.190479904 -0.400919735 4.407475948 0.052370738 0.066261873 0.045569081 0.995384455
963.000000 -0.191422030 -0.404814303 4.423250675 0.051812351 0.078146704 0.046074700 0.994527936
964.000000 -0.191029459 -0.401658088 4.417894840 0.052127630 0.078085393 0.045866434 0.994525850
965.000000 -0.191836700 -0.404819429 4.437097073 0.054983620 0.089723036 0.048969734 0.993241489
966.000000 -0.190744549 -0.403103083 4.430653572 0.055068091 0.089599259 0.048679866 0.993262172
967.000000 -0.191338986 -0.407705009 4.443136215 0.055055209 0.098108038 0.049372751 0.992424369
968.000000 -0.191316843 -0.404936194 4.437856197 0.055361889 0.098116234 0.049034558 0.992423236
969.000000 -0.191869825 -0.405843645 4.441404819 0.054641355 0.101220720 0.049424183 0.992132068
970.000000 -0.195799172 -0.408560216 4.456821442 0.054195777 0.110464275 0.049846828 0.991148770
971.000000 -0.195451736 -0.405589163 4.452059746 0.054501116 0.110384181 0.049519848 0.991157353
972.000000 -0.195585743 -0.407279700 4.465313911 0.055460609 0.120040417 0.051982798 0.989854693
973.000000 -0.194823027 -0.406767547 4.460392475 0.055448782 0.119978473 0.051624339 0.989881635
974.000000 -0.197388187 -0.409578562 4.475800514 0.055368114 0.130373314 0.052132752 0.988544047
975.000000 -0.197471380 -0.408272713 4.470012188 0.055404175 0.130367950 0.051993642 0.988550127
976.000000 -0.198022604 -0.406485617 4.475931168 0.056128658 0.134965241 0.052695308 0.987854838
977.000000 -0.212162599 -0.406915784 4.472276211 0.056533307 0.145355344 0.053225953 0.986328006
978.000000 -0.212889075 -0.405735880 4.467967510 0.056577634 0.145398051 0.053157508 0.986322880
979.000000 -0.214512825 -0.407134145 4.474410534 0.054433849 0.152584955 0.053953446 0.985314071
980.000000 -0.215047568 -0.406738102 4.471271038 0.054421410 0.152600601 0.053921260 0.985314190
981.000000 -0.215715110 -0.406913459 4.480861664 0.052313503 0.158546969 0.055407945 0.984406531
982.000000 -0.216089472 -0.406086802 4.477954388 0.052348137 0.158530548 0.055350807 0.984410584
983.000000 -0.216594115 -0.409670830 4.486818314 0.049982838 0.166319460 0.055206288 0.983255804
984.000000 -0.216499105 -0.408875495 4.482205868 0.050007228 0.166285411 0.055207778 0.983260214
985.000000 -0.216898650 -0.409623623 4.488803387 0.049282588 0.170157716 0.055281386 0.982629895
986.000000 -0.212201297 -0.395071417 4.506134033 0.049972620 0.177668184 0.054434594 0.981312215
987.000000 -0.212310091 -0.393869758 4.503491879 0.050118331 0.177709892 0.054514922 0.981292784
988.000000 -0.211214632 -0.394023776 4.507728577 0.050001975 0.181137636 0.055786133 0.980600297
989.000000 -0.209639132 -0.399500519 4.516202927 0.049687576 0.187835619 0.056887891 0.979291975
990.000000 -0.210020185 -0.398930728 4.513305187 0.049717225 0.187875792 0.056968071 0.979278088
991.000000 -0.207193121 -0.397270948 4.522974014 0.049525719 0.195176169 0.054984093 0.977972507
992.000000 -0.206390962 -0.396380663 4.520830154 0.049380794 0.195138097 0.054768573 0.977999568
993.000000 -0.207204193 -0.396852374 4.522596359 0.048460413 0.199073359 0.055438433 0.977214456
994.000000 -0.197225988 -0.412489355 4.534832001 0.046465442 0.202152222 0.059189860 0.976458907
995.000000 -0.197046801 -0.411696136 4.534011364 0.046545118 0.202223048 0.059106681 0.976445496
996.000000 -0.196353897 -0.417445064 4.536411762 0.045746461 0.203976616 0.059852876 0.976073027
997.000000 -0.191276997 -0.420305669 4.544380188 0.045661565 0.204461232 0.060236182 0.975951970
998.000000 -0.187731266 -0.415416747 4.559905529 0.048687685 0.206572473 0.059671659 0.975395679
999.000000 -0.187325582 -0.415040612 4.559393406 0.048713136 0.206535965 0.059829026 0.975392461
1000.000000 -0.189053521 -0.405282527 4.559329033 0.051501621 0.210267544 0.060297165 0.974422574
1001.000000 -0.195659995 -0.419257909 4.526604652 0.049474947 0.210596025 0.059952822 0.974477947
1002.000000 -0.190615281 -0.424535364 4.539008617 0.050810169 0.211261824 0.061270963 0.974183142
1003.000000 -0.189841092 -0.424641639 4.539685726 0.050801765 0.211179763 0.061279450 0.974200785
1004.000000 -0.187974200 -0.422845036 4.547065258 0.052698482 0.212562352 0.060488343 0.973848760
1005.000000 -0.187423885 -0.422569007 4.547085285 0.052778803 0.212539643 0.060327470 0.973859310
1006.000000 -0.181352809 -0.422772646 4.554471970 0.053410694 0.213677660 0.062926523 0.973411262
1007.000000 -0.181706801 -0.423345089 4.554376602 0.053332798 0.213714033 0.063209757 0.973389149
1008.000000 -0.175407052 -0.433596045 4.565319061 0.052027155 0.209451243 0.068946183 0.973996818
1009.000000 -0.176122412 -0.433145165 4.565472126 0.052092995 0.209460244 0.069256574 0.973969340
1010.000000 -0.171091095 -0.443262637 4.569097042 0.048532132 0.198566109 0.071588121 0.976264000
1011.000000 -0.171108782 -0.442930579 4.571523666 0.048627414 0.198429033 0.071374215 0.976302743
1012.000000 -0.171186119 -0.442357987 4.581890106 0.046874497 0.184490964 0.068122759 0.979349375
1013.000000 -0.170920953 -0.443025053 4.586316586 0.046876889 0.184303120 0.067933969 0.979397774
1014.000000 -0.168889225 -0.435262382 4.595869064 0.047308594 0.173177540 0.064167187 0.981658816
1015.000000 -0.169867575 -0.436155379 4.595852852 0.047133729 0.173195973 0.064460576 0.981644809
1016.000000 -0.168411046 -0.432492286 4.599197865 0.046948865 0.167532802 0.062562175 0.982758641
1017.000000 -0.169115841 -0.431716144 4.601036549 0.047031213 0.167579830 0.062186629 0.982770503
1018.000000 -0.166340426 -0.435767412 4.613293648 0.048672076 0.161889687 0.066193171 0.983382523
1019.000000 -0.166286036 -0.436451167 4.615961552 0.048588812 0.161834195 0.066264085 0.983391106
1020.000000 -0.158060074 -0.426663399 4.633087635 0.051277008 0.150577947 0.068917468 0.984859049
1021.000000 -0.165012658 -0.438838750 4.616244316 0.049730744 0.151486531 0.067683920 0.984884620
1022.000000 -0.164851740 -0.439970404 4.615004539 0.047248755 0.141729951 0.064388715 0.986678421
1023.000000 -0.157553285 -0.427861810 4.640861511 0.049009845 0.140685350 0.065197982 0.986688852
1024.000000 -0.161488980 -0.438129097 4.624909401 0.049414828 0.130411223 0.061606262 0.988309562
1025.000000 -0.154355586 -0.425722986 4.649466038 0.051099733 0.129356265 0.062425125 0.988311172
1026.000000 -0.155390233 -0.427726209 4.648255348 0.051780470 0.117132030 0.061382391 0.989864171
1027.000000 -0.155306906 -0.428776503 4.653330326 0.051703557 0.117084660 0.061595045 0.989860594
1028.000000 -0.155237854 -0.429444700 4.655376434 0.052395921 0.110704646 0.059783705 0.990669072
1029.000000 -0.155736282 -0.428349525 4.656400204 0.052869990 0.104975827 0.057829492 0.991383195
1030.000000 -0.156126246 -0.427640796 4.658734798 0.053217586 0.099207111 0.056185585 0.992052972
1031.000000 -0.154253006 -0.428590536 4.661146641 0.053604830 0.092817359 0.055085316 0.992712021
1032.000000 -0.156997889 -0.428525150 4.661969662 0.053589825 0.081104971 0.054966085 0.993744910
1033.000000 -0.158484653 -0.429613680 4.666456223 0.053472292 0.081263915 0.055340193 0.993717432
1034.000000 -0.158043221 -0.428810179 4.670725346 0.053841580 0.069777593 0.054811101 0.994599462
1035.000000 -0.157589778 -0.430148005 4.673301220 0.053611308 0.069599412 0.054880787 0.994620502
1036.000000 -0.159756631 -0.430021167 4.670999527 0.053046700 0.058578026 0.053683747 0.995425940
1037.000000 -0.160080791 -0.431730807 4.675225735 0.052909981 0.058596548 0.054053638 0.995412111
1038.000000 -0.161099195 -0.431032896 4.675352097 0.052641310 0.046021670 0.051543582 0.996219993
1039.000000 -0.161619604 -0.432290286 4.679438114 0.052506194 0.046050668 0.051911533 0.996206641
1040.000000 -0.164852023 -0.429780424 4.685535431 0.054637369 0.034744021 0.049249396 0.996685565
1041.000000 -0.164187267 -0.430286318 4.689106941 0.054645669 0.034608737 0.049404874 0.996682167
1042.000000 -0.167798787 -0.432532936 4.689273357 0.056734730 0.025164643 0.047892954 0.996922433
1043.000000 -0.167853355 -0.432854444 4.692020893 0.056714721 0.025081458 0.048234463 0.996909142
1044.000000 -0.168953210 -0.434125930 4.696352482 0.058175363 0.016536377 0.045866113 0.997115135
1045.000000 -0.168251365 -0.434054911 4.698965073 0.058201358 0.016402170 0.045962807 0.997111320
1046.000000 -0.172637433 -0.435247749 4.705091476 0.058233410 0.008635399 0.044053271 0.997293174
1047.000000 -0.172866583 -0.435337603 4.707500935 0.058244441 0.008640736 0.044293996 0.997281849
1048.000000 -0.176811680 -0.435587943 4.711921215 0.057991065 0.001847931 0.043821849 0.997353196
1049.000000 -0.176685482 -0.435914248 4.713184357 0.057980575 0.001793428 0.043848131 0.997352660
1050.000000 -0.181000710 -0.436455786 4.717833996 0.056987658 -0.003253743 0.042805083 0.997451544
1051.000000 -0.180285290 -0.436028004 4.720153332 0.057100419 -0.003341261 0.042821642 0.997444153
1052.000000 -0.184083194 -0.437029868 4.729132175 0.058625512 -0.009168486 0.041836500 0.997360885
1053.000000 -0.184054032 -0.437344790 4.731931210 0.058586244 -0.009183278 0.041877955 0.997361302
1054.000000 -0.189045981 -0.439341187 4.740323067 0.061917964 -0.016428459 0.042785835 0.997028410
1055.000000 -0.189322442 -0.438844502 4.742226601 0.061977394 -0.016416144 0.043227050 0.997005939
1056.000000 -0.194829240 -0.440128237 4.746416569 0.064153731 -0.021536075 0.042523045 0.996801019
1057.000000 -0.194589272 -0.439769655 4.748923302 0.064258762 -0.021506092 0.042443417 0.996798337
1058.000000 -0.198427558 -0.438787729 4.752449036 0.065298229 -0.024083789 0.042518917 0.996668637
1059.000000 -0.198567748 -0.439257145 4.753718376 0.065335095 -0.024043333 0.042750750 0.996657252
1060.000000 -0.203717247 -0.441374153 4.762053967 0.064788431 -0.026053634 0.043411773 0.996613860
1061.000000 -0.203861997 -0.441017300 4.762933254 0.064832874 -0.025987767 0.043325894 0.996616423
1062.000000 -0.210259676 -0.440958560 4.771980762 0.066369317 -0.027322149 0.043867644 0.996455848
1063.000000 -0.210040197 -0.441038132 4.773112297 0.066356033 -0.027327139 0.043928895 0.996453881
1064.000000 -0.216147140 -0.442730814 4.777837276 0.067428060 -0.028420355 0.044514313 0.996325433
1065.000000 -0.215681553 -0.442299277 4.778291225 0.067474261 -0.028497335 0.044549156 0.996318519
1066.000000 -0.220150739 -0.438876092 4.784932137 0.068853714 -0.031869080 0.044023544 0.996145368
1067.000000 -0.219683111 -0.439943820 4.787388325 0.068738014 -0.031899925 0.044078782 0.996149838
1068.000000 -0.225092798 -0.439354300 4.789738655 0.068348490 -0.036639210 0.041838270 0.996110260
1069.000000 -0.225254670 -0.439970016 4.791554928 0.068234980 -0.036604460 0.041905604 0.996116459
1070.000000 -0.229926392 -0.440245450 4.792116165 0.065398596 -0.038303904 0.041158359 0.996273994
1071.000000 -0.228445143 -0.439686984 4.794187069 0.065497249 -0.038488507 0.040944077 0.996269226
1072.000000 -0.232119411 -0.441561341 4.796166897 0.061146040 -0.041342486 0.043258406 0.996333599
1073.000000 -0.230995968 -0.441436678 4.797133923 0.061183568 -0.041477971 0.042924721 0.996340156
1074.000000 -0.233787253 -0.441116035 4.805785179 0.058483988 -0.048874039 0.043476421 0.996142924
1075.000000 -0.233548909 -0.441684574 4.809554577 0.058401234 -0.048867319 0.043470774 0.996148407
1076.000000 -0.234336644 -0.442599803 4.813897610 0.057504889 -0.056826297 0.040915001 0.995886564
1077.000000 -0.233981460 -0.443122864 4.817726612 0.057477564 -0.056837562 0.041151967 0.995877683
1078.000000 -0.232487723 -0.441967249 4.819712162 0.057352114 -0.060086824 0.039958678 0.995742738
1079.000000 -0.236252278 -0.442009240 4.827538490 0.056792695 -0.063179508 0.038977891 0.995622277
1080.000000 -0.235831290 -0.442132652 4.828599930 0.056762904 -0.063260511 0.039144091 0.995612264
1081.000000 -0.236278161 -0.443422973 4.833766937 0.057061914 -0.064370155 0.039236195 0.995520473
1082.000000 -0.236097202 -0.443216980 4.843148232 0.058382038 -0.066758677 0.039517242 0.995275497
1083.000000 -0.236013114 -0.443263322 4.844374657 0.058454994 -0.066743262 0.039532606 0.995271623
1084.000000 -0.231346220 -0.441462904 4.851391315 0.058663197 -0.069283150 0.038772013 0.995115697
1085.000000 -0.231015325 -0.443726569 4.862574577 0.060539458 -0.074272983 0.039625049 0.994609714
1086.000000 -0.231460214 -0.444072932 4.864131451 0.060549185 -0.074231975 0.039630372 0.994611919
1087.000000 -0.229370669 -0.444220722 4.874514103 0.062971197 -0.079258814 0.040185887 0.994051158
1088.000000 -0.230163574 -0.445226848 4.877748966 0.062914900 -0.079186007 0.040352151 0.994053841
1089.000000 -0.228962451 -0.445457846 4.884783745 0.065821655 -0.082750835 0.039716832 0.993600786
1090.000000 -0.221052900 -0.446058989 4.899307251 0.068715766 -0.087024115 0.036951933 0.993146300
1091.000000 -0.216531262 -0.449949712 4.904780865 0.070281096 -0.089785077 0.030713107 0.993003547
1092.000000 -0.216281533 -0.449913293 4.904802799 0.070268750 -0.089814499 0.030778406 0.992999732
1093.000000 -0.214667782 -0.452325046 4.910798073 0.069637939 -0.089412384 0.028987162 0.993134320
1094.000000 -0.211594388 -0.455147207 4.923964977 0.069625162 -0.086033501 0.030089654 0.993400872
1095.000000 -0.211425170 -0.454888523 4.922681332 0.069642231 -0.085978918 0.029756760 0.993414402
1096.000000 -0.204926163 -0.452418089 4.930924416 0.068074651 -0.084722623 0.032161452 0.993556082
1097.000000 -0.204465836 -0.452816725 4.930465698 0.067989394 -0.084782377 0.031867485 0.993566275
1098.000000 -0.200296998 -0.450776458 4.941331387 0.066191971 -0.087320611 0.032330137 0.993452907
1099.000000 -0.200832427 -0.451145649 4.941958904 0.066152178 -0.087251708 0.032288026 0.993462920
1100.000000 -0.197342351 -0.450637519 4.951130867 0.065340944 -0.090076014 0.029926252 0.993338525
1101.000000 -0.197717190 -0.451040536 4.951478958 0.065300040 -0.090002634 0.030050090 0.993344128
1102.000000 -0.194223374 -0.450632721 4.960862637 0.065699004 -0.092038020 0.029174058 0.993157327
1103.000000 -0.194352999 -0.450720578 4.961199760 0.065685809 -0.092026129 0.029229803 0.993157744
1104.000000 -0.192363217 -0.452004135 4.971510887 0.066987120 -0.094815925 0.027171794 0.992866755
1105.000000 -0.192407072 -0.451999664 4.971731186 0.066975892 -0.094821841 0.027182404 0.992866695
1106.000000 -0.187742069 -0.448538154 4.976342201 0.068191797 -0.101111680 0.026169015 0.992190301
1107.000000 -0.188706711 -0.448691785 4.977784634 0.068266064 -0.101011455 0.026500478 0.992186606
1108.000000 -0.188222945 -0.451317310 4.986598492 0.069750972 -0.107835054 0.021517338 0.991485476
1109.000000 -0.188625544 -0.451352358 4.988222599 0.069792286 -0.107795157 0.021903913 0.991478503
1110.000000 -0.187645853 -0.454965085 4.992126465 0.069273725 -0.110012107 0.021345647 0.991283476
1111.000000 -0.188846022 -0.458110183 4.999823570 0.066621825 -0.110269211 0.024568653 0.991362035
1112.000000 -0.189288557 -0.458627105 5.000079632 0.066552207 -0.110206917 0.024366077 0.991378665
1113.000000 -0.192076847 -0.461395562 5.010540009 0.064908378 -0.107429624 0.027305884 0.991715789
1114.000000 -0.192024186 -0.461534292 5.010009289 0.064841487 -0.107410692 0.027243244 0.991723955
1115.000000 -0.193429366 -0.460967153 5.018762112 0.062569708 -0.105051018 0.029353263 0.992062330
1116.000000 -0.192980573 -0.461813569 5.019298553 0.062435318 -0.105091006 0.028955709 0.992078245
1117.000000 -0.193813086 -0.464033365 5.030781269 0.062317844 -0.100061387 0.029893983 0.992577732
1118.000000 -0.193090722 -0.463788897 5.028825760 0.062236704 -0.100140795 0.029684896 0.992581129
1119.000000 -0.194902033 -0.465411425 5.029503822 0.060970608 -0.095886521 0.029793536 0.993076444
1120.000000 -0.197261870 -0.467149973 5.038890839 0.060520913 -0.090637378 0.029797439 0.993596673
1121.000000 -0.200036421 -0.470157236 5.056730270 0.061819497 -0.081041016 0.032929845 0.994246662
1122.000000 -0.198296934 -0.467322022 5.050152302 0.062042158 -0.081158131 0.032754101 0.994229019
1123.000000 -0.200184137 -0.465439498 5.056031704 0.062247053 -0.076851405 0.034448426 0.994501114
1124.000000 -0.202208549 -0.463914901 5.064211845 0.062461484 -0.073782101 0.035337113 0.994688928
1125.000000 -0.199930802 -0.464837343 5.065309048 0.062541343 -0.071180761 0.032031182 0.994985402
1126.000000 -0.203336060 -0.468915403 5.070574760 0.062102720 -0.065714844 0.028753839 0.995488942
1127.000000 -0.212422028 -0.472143292 5.094830513 0.063074499 -0.052799556 0.033322033 0.996053994
1128.000000 -0.211780682 -0.467973977 5.090094090 0.063488849 -0.052904975 0.033381991 0.996020079
1129.000000 -0.225280121 -0.466875762 5.068670750 0.064232439 -0.039985579 0.035802111 0.996490657
1130.000000 -0.224267170 -0.465370685 5.064768791 0.064321011 -0.040184308 0.035643127 0.996482670
1131.000000 -0.227448568 -0.467238843 5.080425262 0.064168274 -0.028643413 0.033413842 0.996968150
1132.000000 -0.226832479 -0.466131479 5.076922417 0.064275086 -0.028736772 0.033152230 0.996967316
1133.000000 -0.232199773 -0.469433695 5.101684570 0.064623274 -0.013246802 0.034164548 0.997236788
1134.000000 -0.229693800 -0.467710078 5.094357491 0.064760387 -0.013467333 0.033132516 0.997259736
1135.000000 -0.233091697 -0.471494645 5.108090878 0.064939022 -0.002241866 0.034361549 0.997295022
1136.000000 -0.232238978 -0.469962388 5.104581833 0.065117776 -0.002398753 0.034128431 0.997290969
1137.000000 -0.235662729 -0.473925680 5.117488384 0.063757248 0.008922067 0.034735296 0.997320890
1138.000000 -0.235179916 -0.472138971 5.113741875 0.063925676 0.008834983 0.034704335 0.997311950
1139.000000 -0.238302737 -0.476819813 5.128398895 0.063511692 0.023766253 0.038511679 0.996954501
1140.000000 -0.237649381 -0.474782884 5.123127937 0.063588083 0.023750925 0.038369086 0.996955574
1141.000000 -0.238722220 -0.475797564 5.137012959 0.062901832 0.037465345 0.043834303 0.996352494
1142.000000 -0.237981051 -0.473720372 5.131251335 0.062993683 0.037363656 0.043447584 0.996367514
1143.000000 -0.238384664 -0.474091947 5.136638165 0.062456362 0.042947240 0.045046855 0.996105254
1144.000000 -0.239296943 -0.476313442 5.149056435 0.060416088 0.054595146 0.045986246 0.995617747
1145.000000 -0.238997847 -0.475413769 5.146244049 0.060453609 0.054572105 0.045861296 0.995622456
1146.000000 -0.237839103 -0.474079102 5.150348186 0.059427463 0.058000684 0.047608588 0.995408297
1147.000000 -0.238469869 -0.474362731 5.161485672 0.058802959 0.063255467 0.049624916 0.995026827
1148.000000 -0.237617150 -0.474561691 5.159687042 0.058757950 0.063151039 0.049328294 0.995050848
1149.000000 -0.237815499 -0.477787614 5.168502331 0.056549519 0.069587842 0.048901927 0.994770467
1150.000000 -0.237446934 -0.477222800 5.166248322 0.056580778 0.069549903 0.049003381 0.994766414
1151.000000 -0.236474574 -0.476199597 5.173197269 0.055941232 0.074260436 0.048967257 0.994463801
1152.000000 -0.235355258 -0.477105081 5.181763172 0.054666698 0.081503138 0.050139498 0.993908882
1153.000000 -0.234668106 -0.476776600 5.181363583 0.054639541 0.081358306 0.050186172 0.993919909
1154.000000 -0.233950526 -0.476497442 5.189638138 0.053215146 0.087109357 0.049440321 0.993547082
1155.000000 -0.233610526 -0.476605445 5.188462734 0.053221937 0.087096110 0.049046896 0.993567407
1156.000000 -0.231435210 -0.475987703 5.194113255 0.053944044 0.088676885 0.049082845 0.993386865
1157.000000 -0.229668856 -0.477163851 5.205607891 0.056393739 0.092075214 0.048722580 0.992959201
1158.000000 -0.229335442 -0.477071226 5.205008984 0.056423299 0.092040934 0.048745535 0.992959559
1159.000000 -0.225391865 -0.478522241 5.218534946 0.057194229 0.095064379 0.048980817 0.992618978
1160.000000 -0.225605547 -0.478691489 5.217329502 0.057077140 0.095029585 0.049008429 0.992627680
1161.000000 -0.223979384 -0.480242521 5.229546547 0.057508402 0.096288130 0.050038449 0.992430151
1162.000000 -0.224481642 -0.480031610 5.228687763 0.057524770 0.096338652 0.049978618 0.992427289
1163.000000 -0.223736510 -0.481577724 5.234226227 0.056817841 0.097279370 0.049791157 0.992385685
1164.000000 -0.221144527 -0.481306970 5.248436928 0.057183627 0.101483598 0.050588667 0.991903186
1165.000000 -0.221931800 -0.480318725 5.245965004 0.057315420 0.101525098 0.050614547 0.991890013
1166.000000 -0.220070004 -0.480454832 5.251792431 0.058162596 0.104575962 0.053670637 0.991362929
1167.000000 -0.218020439 -0.481147438 5.257578373 0.057923511 0.107693784 0.057677168 0.990818024
1168.000000 -0.216286570 -0.482566029 5.263522625 0.057428468 0.110112697 0.060609307 0.990405858
1169.000000 -0.210492238 -0.485306352 5.277379036 0.056028895 0.113091774 0.061843555 0.990073979
1170.000000 -0.211319387 -0.485644579 5.276242256 0.055947930 0.113225356 0.061917540 0.990058601
1171.000000 -0.208970696 -0.485600531 5.283161640 0.055658318 0.114409454 0.061337542 0.989974916
1172.000000 -0.206060156 -0.484631270 5.294515610 0.056825310 0.118471339 0.058588840 0.989597321
1173.000000 -0.205691323 -0.484620392 5.293453217 0.056821097 0.118414953 0.058550406 0.989606619
1174.000000 -0.201012760 -0.489088744 5.305459023 0.057520650 0.120229103 0.060260817 0.989244699
1175.000000 -0.201262414 -0.488894403 5.304890156 0.057537429 0.120277472 0.060302012 0.989235342
1176.000000 -0.197990209 -0.488353938 5.315868855 0.059623919 0.121736087 0.055171538 0.989232779
1177.000000 -0.197912425 -0.488482952 5.315399647 0.059598893 0.121788420 0.055278648 0.989221811
1178.000000 -0.196199521 -0.487205863 5.324763298 0.060984720 0.125191405 0.050614532 0.988962173
1179.000000 -0.196038678 -0.487131923 5.324097157 0.060977042 0.125185058 0.050599497 0.988964200
1180.000000 -0.180908799 -0.488473952 5.353682995 0.064356171 0.126116157 0.053625260 0.988472223
1181.000000 -0.180567577 -0.489241779 5.353298664 0.064168394 0.126050755 0.053850658 0.988480508
1182.000000 -0.179035068 -0.492267281 5.361054420 0.064096816 0.126691893 0.056432787 0.988259196
1183.000000 -0.178869873 -0.492285579 5.361334324 0.064076953 0.126692221 0.056402311 0.988262117
1184.000000 -0.180789411 -0.492603719 5.362760544 0.063057691 0.126821458 0.055630732 0.988354862
1185.000000 -0.179766327 -0.491766572 5.366954327 0.062682077 0.126958773 0.054220185 0.988439500
1186.000000 -0.179542676 -0.491513014 5.371526718 0.061681427 0.127182215 0.054116305 0.988479435
1187.000000 -0.181047320 -0.490599155 5.377405643 0.061105955 0.128951743 0.055891749 0.988187075
1188.000000 -0.180991441 -0.490563363 5.377048492 0.061091889 0.128943086 0.055990752 0.988183498
1189.000000 -0.182271451 -0.494328767 5.384662151 0.058218036 0.130255967 0.057603493 0.988092065
1190.000000 -0.182450712 -0.494179040 5.384390354 0.058249641 0.130280107 0.057502195 0.988092959
1191.000000 -0.184306473 -0.493231952 5.392642021 0.056567576 0.131985471 0.055431765 0.988082647
1192.000000 -0.184613600 -0.493026137 5.391934872 0.056596618 0.132003516 0.055462349 0.988076866
1193.000000 -0.184003890 -0.494777530 5.404544830 0.055932518 0.132920682 0.056335781 0.987942338
1194.000000 -0.183984816 -0.494689286 5.403992653 0.055928968 0.132925302 0.056382779 0.987939179
1195.000000 -0.184795976 -0.495082468 5.408794403 0.056859363 0.132938057 0.056745131 0.987863660
1196.000000 -0.185250103 -0.496939421 5.413126945 0.057473820 0.132216319 0.057712004 0.987868965
1197.000000 -0.188571423 -0.499002904 5.416479588 0.056813590 0.130968392 0.057500426 0.988085628
1198.000000 -0.193097770 -0.501680315 5.425701618 0.052968189 0.126583844 0.056813579 0.988910079
1199.000000 -0.193078279 -0.501153827 5.426681519 0.053056400 0.126595527 0.056564189 0.988918185
1200.000000 -0.191073298 -0.508122206 5.440330029 0.054478765 0.115743116 0.061648201 0.989866197
1201.000000 -0.193787605 -0.509814501 5.439279079 0.054236893 0.115906298 0.062260266 0.989822149
1202.000000 -0.201993078 -0.502154112 5.448254585 0.053961601 0.107990719 0.058359738 0.990969360
1203.000000 -0.200799927 -0.501688182 5.449968815 0.053998630 0.107886180 0.058106069 0.990993679
1204.000000 -0.203439623 -0.504714131 5.460898876 0.057187047 0.100315653 0.057061691 0.991670489
1205.000000 -0.203901649 -0.504916310 5.461966038 0.057131715 0.100290149 0.057249676 0.991665483
1206.000000 -0.210357353 -0.509160101 5.464151859 0.059521183 0.088099025 0.057501763 0.992667794
1207.000000 -0.209796011 -0.509769142 5.467961311 0.059546873 0.088024765 0.057439588 0.992676497
1208.000000 -0.216221914 -0.509158432 5.473014832 0.059164412 0.076449551 0.055446785 0.993771017
1209.000000 -0.215804666 -0.509863138 5.475597858 0.059048485 0.076414429 0.055578504 0.993773162
1210.000000 -0.221052393 -0.510826886 5.479559898 0.059822254 0.064787023 0.053509653 0.994666159
1211.000000 -0.219445273 -0.510429680 5.483090878 0.059865914 0.064590618 0.053401567 0.994682074
1212.000000 -0.227199838 -0.510172307 5.486598969 0.059448320 0.054400422 0.053421803 0.995315373
1213.000000 -0.226171404 -0.510036826 5.489697456 0.059550922 0.054332014 0.053412713 0.995313466
1214.000000 -0.230994701 -0.510153651 5.494422436 0.060313601 0.045559119 0.051985674 0.995783210
1215.000000 -0.230930403 -0.510925055 5.497385025 0.060234744 0.045578897 0.052040875 0.995784223
1216.000000 -0.233834893 -0.511178374 5.498494625 0.059131157 0.034283306 0.050413366 0.996386826
1217.000000 -0.232944250 -0.510780573 5.503081322 0.059310790 0.034233097 0.050365660 0.996380270
1218.000000 -0.237299800 -0.513361275 5.502542973 0.058508508 0.020002600 0.049709376 0.996847868
1219.000000 -0.235824287 -0.512584269 5.507799149 0.058666538 0.019829797 0.049164493 0.996869087
1220.000000 -0.240507275 -0.511366844 5.509457111 0.057643048 0.007099617 0.044599868 0.997315288
1221.000000 -0.239911169 -0.511641026 5.513238907 0.057633363 0.007014806 0.044615470 0.997315705
1222.000000 -0.239880592 -0.510962844 5.517090321 0.056668296 -0.002354354 0.040448584 0.997570634
1223.000000 -0.249822065 -0.505879700 5.501158237 0.056726951 -0.001190108 0.040223878 0.997578442
1224.000000 -0.249082044 -0.505715370 5.506826401 0.055579476 -0.009365719 0.039528858 0.997627556
1225.000000 -0.249885172 -0.505626500 5.507971764 0.055555239 -0.009225303 0.039862502 0.997616947
1226.000000 -0.249673039 -0.505477548 5.514249325 0.054665864 -0.018319076 0.037541546 0.997630596
1227.000000 -0.250550002 -0.505340874 5.515623569 0.054636676 -0.018173015 0.037912056 0.997620821
1228.000000 -0.248922005 -0.506511211 5.522081375 0.054052938 -0.027710171 0.037313748 0.997455895
1229.000000 -0.250034690 -0.505612433 5.524145603 0.054202221 -0.027639315 0.038115464 0.997419357
1230.000000 -0.250198334 -0.506650865 5.534538269 0.055433385 -0.035750061 0.035255171 0.997199237
1231.000000 -0.251509070 -0.506541193 5.537056923 0.055495355 -0.035571218 0.035815831 0.997182190
1232.000000 -0.252187788 -0.509375453 5.542677402 0.057665419 -0.038482450 0.033591703 0.997028351
1233.000000 -0.249347106 -0.511247456 5.546430588 0.059548710 -0.040574372 0.032048170 0.996885478
1234.000000 -0.250040203 -0.508728147 5.556234360 0.062018499 -0.042975202 0.035320736 0.996523619
1235.000000 -0.248373508 -0.507559121 5.563236713 0.064096965 -0.048354119 0.038823038 0.996015251
1236.000000 -0.245622575 -0.507533073 5.566575050 0.065843843 -0.053761281 0.040539823 0.995555580
1237.000000 -0.242365107 -0.508291960 5.571508408 0.067313544 -0.059281487 0.040494259 0.995145619
1238.000000 -0.236104280 -0.512539804 5.577554703 0.066619463 -0.067597829 0.034341745 0.994893491
1239.000000 -0.237146869 -0.512262285 5.578929901 0.066732258 -0.067399040 0.034693137 0.994887233
1240.000000 -0.234941468 -0.515598059 5.592512608 0.066240437 -0.068960600 0.033323206 0.994859934
1241.000000 -0.234951660 -0.515575171 5.592592716 0.066264316 -0.068903320 0.033330437 0.994862080
1242.000000 -0.231279224 -0.512310803 5.605522156 0.065769300 -0.071180932 0.037031401 0.994603574
1243.000000 -0.231459528 -0.512643635 5.606119156 0.065712824 -0.071127392 0.036916640 0.994615495
1244.000000 -0.229549393 -0.509365439 5.618733406 0.066140614 -0.079561487 0.036848929 0.993950546
1245.000000 -0.230323076 -0.509720802 5.620409966 0.066113643 -0.079498075 0.037136745 0.993946671
1246.000000 -0.226652339 -0.514030635 5.628692150 0.066933967 -0.086471505 0.028850108 0.993584514
1247.000000 -0.227735773 -0.514129221 5.630225658 0.066931434 -0.086357772 0.029284239 0.993581891
1248.000000 -0.227272332 -0.514386773 5.640283108 0.068016887 -0.090802036 0.029029984 0.993119359
1249.000000 -0.227487534 -0.514347196 5.640652657 0.068029530 -0.090790354 0.029171972 0.993115366
1250.000000 -0.225804567 -0.514269352 5.648863792 0.069217801 -0.094557241 0.030995421 0.992626369
1251.000000 -0.226071283 -0.514645457 5.648963451 0.069137439 -0.094491757 0.030940862 0.992639899
1252.000000 -0.221610695 -0.510215044 5.651685715 0.067373663 -0.101734512 0.031515192 0.992027044
1253.000000 -0.221840397 -0.510337412 5.652277470 0.067393929 -0.101685330 0.031514414 0.992030740
1254.000000 -0.223117158 -0.510302007 5.659435749 0.065330900 -0.110352121 0.031526700 0.991241872
1255.000000 -0.224421948 -0.510230482 5.661496639 0.065418497 -0.110216320 0.032076269 0.991233587
1256.000000 -0.224636674 -0.511340141 5.665196419 0.064154513 -0.114473790 0.032594386 0.990816653
1257.000000 -0.229464069 -0.523144066 5.666812897 0.059695583 -0.119059503 0.032317866 0.990563869
1258.000000 -0.230321586 -0.523585677 5.668419838 0.059664231 -0.118972547 0.032325819 0.990575969
1259.000000 -0.229896128 -0.523556352 5.672405243 0.059327830 -0.120257504 0.032274723 0.990442753
1260.000000 -0.229039967 -0.523087978 5.678632259 0.057029046 -0.124690831 0.034655657 0.989948928
1261.000000 -0.229854017 -0.523656309 5.679826260 0.056888357 -0.124629408 0.034709085 0.989962876
1262.000000 -0.232304767 -0.526842177 5.690570354 0.055622589 -0.127133682 0.033002369 0.989774704
1263.000000 -0.234257489 -0.527170837 5.692498207 0.055632390 -0.126894817 0.033238988 0.989796877
1264.000000 -0.233191997 -0.530200779 5.699344635 0.055852849 -0.125733361 0.030241126 0.990028858
1265.000000 -0.233341783 -0.530716777 5.699711323 0.055803314 -0.125708029 0.029956866 0.990043461
1266.000000 -0.234298199 -0.531780303 5.705934048 0.056501955 -0.123992316 0.028789423 0.990254819
1267.000000 -0.235084221 -0.532758236 5.715357780 0.058316339 -0.121381775 0.029336505 0.990456998
1268.000000 -0.234633967 -0.533038616 5.715209484 0.058279630 -0.121428281 0.029026248 0.990462601
1269.000000 -0.235558897 -0.536954165 5.725698471 0.057590399 -0.114974581 0.026348788 0.991347551
1270.000000 -0.234108552 -0.536778808 5.724738598 0.057598893 -0.115120821 0.026164120 0.991334975
1271.000000 -0.240886971 -0.540329099 5.743304253 0.059100866 -0.104851365 0.029647654 0.992287457
1272.000000 -0.239911199 -0.540549278 5.742575645 0.059056755 -0.104952008 0.029226990 0.992291868
1273.000000 -0.239677995 -0.537818372 5.752769947 0.060910929 -0.101096988 0.033505972 0.992444813
1274.000000 -0.239812732 -0.537698150 5.753051281 0.060937345 -0.101027615 0.033493824 0.992450655
1275.000000 -0.245205030 -0.544140875 5.770124912 0.063967638 -0.098266140 0.029303074 0.992669761
1276.000000 -0.244626001 -0.544189930 5.769822598 0.063941397 -0.098299958 0.029226808 0.992670357
1277.000000 -0.245600820 -0.547718883 5.779870987 0.067213520 -0.091912374 0.030547911 0.993026376
1278.000000 -0.244690523 -0.547924280 5.777953625 0.067163035 -0.091919310 0.030115636 0.993042350
1279.000000 -0.248815835 -0.549953759 5.790526390 0.065777801 -0.083637521 0.031849489 0.993812680
1280.000000 -0.248490021 -0.549942195 5.790142536 0.065805860 -0.083622813 0.031697389 0.993817031
1281.000000 -0.251125187 -0.553345084 5.801309586 0.066193931 -0.074108258 0.031892668 0.994539738
1282.000000 -0.250206292 -0.553508520 5.800975800 0.066231884 -0.074186645 0.031474967 0.994544685
1283.000000 -0.250270724 -0.554111660 5.805700779 0.062895454 -0.063535139 0.031560399 0.995495558
1284.000000 -0.249495089 -0.554887354 5.805410862 0.062860049 -0.063565172 0.030726019 0.995522022
1285.000000 -0.240982071 -0.537792206 5.850759506 0.062340286 -0.051097859 0.028804624 0.996329784
1286.000000 -0.240723878 -0.537911177 5.850934982 0.062382463 -0.051129423 0.028544405 0.996333003
1287.000000 -0.242790624 -0.536272943 5.856321335 0.063236728 -0.045464862 0.030580008 0.996493340
1288.000000 -0.243999884 -0.537423134 5.860263824 0.063588284 -0.039993171 0.030684540 0.996702433
1289.000000 -0.243472755 -0.537003934 5.861300945 0.063216992 -0.034624431 0.031457797 0.996902823
1290.000000 -0.244640708 -0.536423385 5.865794182 0.061716489 -0.030184690 0.032807700 0.997097671
1291.000000 -0.248096973 -0.536664784 5.874447823 0.059341468 -0.022334455 0.034476168 0.997392178
1292.000000 -0.248056725 -0.537863314 5.874397755 0.059177667 -0.022320943 0.033376813 0.997439682
1293.000000 -0.250383019 -0.538667500 5.882565498 0.059714038 -0.016876141 0.033723950 0.997502983
1294.000000 -0.250115037 -0.538896799 5.881613731 0.059698965 -0.016917393 0.033380061 0.997514725
1295.000000 -0.250826389 -0.541296542 5.884906292 0.059515577 -0.013376408 0.032897584 0.997595489
1296.000000 -0.252601951 -0.544955313 5.893300056 0.061406162 -0.002469268 0.034375109 0.997517705
1297.000000 -0.252141237 -0.544848680 5.891154766 0.061446510 -0.002559207 0.033797573 0.997534692
1298.000000 -0.251664937 -0.545285523 5.897775173 0.062167279 0.007794424 0.039563969 0.997250795
1299.000000 -0.250935435 -0.545531571 5.894845963 0.062027592 0.007668600 0.038974226 0.997283757
1300.000000 -0.251100600 -0.545713484 5.903153896 0.062579550 0.014988083 0.041432079 0.997066975
1301.000000 -0.251488328 -0.545325994 5.900859833 0.062594481 0.015059825 0.041203409 0.997074425
1302.000000 -0.248036489 -0.543193877 5.906903267 0.061183859 0.019097993 0.041975174 0.997060716
1303.000000 -0.248500004 -0.543224096 5.905414581 0.061129943 0.019155681 0.041867506 0.997067451
1304.000000 -0.250366062 -0.544826984 5.916360855 0.061282802 0.021944551 0.044491537 0.996886909
1305.000000 -0.248906881 -0.544356942 5.912976742 0.061343003 0.021817474 0.044008262 0.996907413
1306.000000 -0.246421769 -0.543441951 5.922539711 0.060233191 0.024486728 0.045366231 0.996852219
1307.000000 -0.258744538 -0.545338929 5.879313946 0.059974860 0.025459714 0.047918320 0.996723950
1308.000000 -0.257384956 -0.543857574 5.890299797 0.061707575 0.025647908 0.050008822 0.996510684
1309.000000 -0.257683784 -0.543591380 5.889656067 0.061699383 0.025692064 0.049985062 0.996511281
1310.000000 -0.255662560 -0.546118975 5.901704311 0.060810875 0.025296776 0.052950766 0.996422827
1311.000000 -0.255232155 -0.545876920 5.900553226 0.060834642 0.025265662 0.052734353 0.996433616
1312.000000 -0.253486425 -0.548236132 5.905128002 0.060529172 0.026028857 0.053509928 0.996391237
1313.000000 -0.253202885 -0.548734784 5.918481827 0.062929645 0.030755460 0.053404555 0.996113479
1314.000000 -0.252774566 -0.546394706 5.916083336 0.063248813 0.030798120 0.053691313 0.996076465
1315.000000 -0.248174846 -0.548042536 5.929104805 0.063041821 0.037147146 0.054380592 0.995835602
1316.000000 -0.247180730 -0.547570169 5.927309513 0.063102007 0.037060969 0.054087508 0.995851040
1317.000000 -0.244795382 -0.549271047 5.941663742 0.064652011 0.043420136 0.056480877 0.995361626
1318.000000 -0.238463223 -0.552326977 5.952656269 0.064389065 0.049491815 0.054406177 0.995210826
1319.000000 -0.238417879 -0.551624119 5.950755596 0.064389922 0.049473602 0.054543946 0.995204151
1320.000000 -0.228461280 -0.557189643 5.998052120 0.064028434 0.051839035 0.052402142 0.995222151
1321.000000 -0.224453941 -0.555541694 6.011057854 0.065185361 0.056901909 0.049730387 0.995007575
1322.000000 -0.223963946 -0.554823399 6.008779049 0.065272346 0.056885555 0.049770970 0.995000780
1323.000000 -0.220201895 -0.559490621 6.023177624 0.066137552 0.061338671 0.051059231 0.994613707
1324.000000 -0.220093846 -0.559011102 6.021500587 0.066200934 0.061351646 0.050988726 0.994612277
1325.000000 -0.218899801 -0.559001744 6.026967525 0.066450976 0.066295326 0.051039822 0.994275689
1326.000000 -0.212682337 -0.558099091 6.043118954 0.066786580 0.073694348 0.053889487 0.993581712
1327.000000 -0.215406597 -0.557740211 6.039480209 0.066656232 0.073979214 0.055147130 0.993500292
1328.000000 -0.213972718 -0.558418036 6.046436787 0.067886859 0.075589746 0.056690611 0.993208826
1329.000000 -0.211035311 -0.558443964 6.049067974 0.069202937 0.076124445 0.057968508 0.993003428
1330.000000 -0.209545657 -0.559168875 6.052561760 0.069679864 0.076243840 0.059474990 0.992871821
1331.000000 -0.208490282 -0.561986446 6.053936958 0.068035983 0.075447783 0.060572170 0.992980242
1332.000000 -0.206989884 -0.561647892 6.063123703 0.064600587 0.073838755 0.058063071 0.993480384
1333.000000 -0.206228673 -0.560945749 6.063660622 0.064776443 0.073672093 0.058081668 0.993480206
1334.000000 -0.207284793 -0.562812030 6.073514938 0.064067930 0.074843273 0.058983389 0.993385494
1335.000000 -0.207570001 -0.562272191 6.072276115 0.064111114 0.074876979 0.059144899 0.993370593
1336.000000 -0.210124165 -0.561283231 6.082505703 0.063820846 0.082930304 0.059164073 0.992748260
1337.000000 -0.210356355 -0.561029136 6.079871655 0.063806884 0.082990274 0.059177242 0.992743433
1338.000000 -0.209419489 -0.567258656 6.089700699 0.060051065 0.089549772 0.063306995 0.992152691
1339.000000 -0.209647566 -0.566179216 6.087195396 0.060148075 0.089626051 0.063023478 0.992157996
1340.000000 -0.208528817 -0.566040814 6.093969822 0.059251100 0.090036169 0.064945608 0.992050827
1341.000000 -0.209543541 -0.561751485 6.111173630 0.059770815 0.091152430 0.064006597 0.991978765
1342.000000 -0.209742323 -0.562484503 6.114188671 0.059492916 0.092532054 0.063875265 0.991876185
1343.000000 -0.208616510 -0.561109185 6.120918751 0.059701513 0.093273290 0.063828506 0.991797268
1344.000000 -0.212581664 -0.563084424 6.129999638 0.058186982 0.096627086 0.059444636 0.991838634
1345.000000 -0.213158906 -0.562764704 6.128257751 0.058209267 0.096686445 0.059278451 0.991841435
1346.000000 -0.216186017 -0.559055805 6.145735741 0.056164004 0.100259468 0.057067022 0.991734385
1347.000000 -0.216485530 -0.557879031 6.144421101 0.056320935 0.100299239 0.056650996 0.991745293
1348.000000 -0.218076304 -0.554539323 6.151032448 0.056657542 0.103018530 0.057769988 0.991382718
1349.000000 -0.220365554 -0.557624936 6.157800198 0.056265198 0.105412535 0.059560735 0.991047442
1350.000000 -0.220011085 -0.557298064 6.165228844 0.056001607 0.107256539 0.059504092 0.990867913
1351.000000 -0.221637622 -0.563181043 6.169872761 0.054864254 0.108797386 0.060537025 0.990700960
1352.000000 -0.219995499 -0.562676072 6.178662300 0.055405296 0.109159403 0.060408395 0.990638912
1353.000000 -0.222904682 -0.565054417 6.190249443 0.056421079 0.109046482 0.062351402 0.990473568
1354.000000 -0.222802311 -0.564992487 6.190810680 0.056446265 0.109025866 0.062307246 0.990477204
1355.000000 -0.224271744 -0.573183060 6.196024418 0.055458602 0.106837399 0.062965564 0.990729749
1356.000000 -0.213766441 -0.574984908 6.204726696 0.055893328 0.102475390 0.063597791 0.991125703
1357.000000 -0.219006807 -0.576667190 6.206884384 0.056159653 0.099264942 0.065542690 0.991310596
1358.000000 -0.216729522 -0.576000869 6.213864326 0.055599801 0.094644353 0.069336556 0.991535962
1359.000000 -0.217394337 -0.574784398 6.218252182 0.055681016 0.090427965 0.071236707 0.991790235
1360.000000 -0.216487259 -0.571610034 6.225800514 0.056587230 0.087948471 0.070549719 0.992010951
1361.000000 -0.214864105 -0.577449262 6.236341953 0.058837987 0.081164785 0.069980025 0.992498457
1362.000000 -0.213598415 -0.578494191 6.239502430 0.058708709 0.081007145 0.070229754 0.992501378
1363.000000 -0.215738267 -0.575030029 6.240434170 0.059805375 0.076221935 0.066722229 0.993056774
1364.000000 -0.221720800 -0.569987774 6.241359234 0.060731497 0.074963354 0.061159551 0.993454397
1365.000000 -0.225693285 -0.569035590 6.252668381 0.061280768 0.077201761 0.063231260 0.993119538
1366.000000 -0.226253226 -0.568955064 6.251163960 0.061301474 0.077302694 0.063378535 0.993101060
1367.000000 -0.228867739 -0.577080548 6.257424355 0.059789043 0.074661270 0.072037309 0.992804945
1368.000000 -0.228248835 -0.577099800 6.258277416 0.059773490 0.074575901 0.072002947 0.992814779
1369.000000 -0.230262130 -0.583119631 6.261782169 0.058140598 0.064368971 0.072247937 0.993607938
1370.000000 -0.227687150 -0.583610237 6.266091824 0.058100950 0.064062424 0.072498344 0.993611753
1371.000000 -0.235238835 -0.577127635 6.261891365 0.058764115 0.050761018 0.066249654 0.994776905
1372.000000 -0.235450163 -0.578107655 6.265342236 0.058678061 0.050765540 0.066154711 0.994788110
1373.000000 -0.233659402 -0.577440500 6.268699646 0.059145950 0.043689005 0.063871212 0.995245516
1374.000000 -0.237094030 -0.578789115 6.271684170 0.061645526 0.029727543 0.059718035 0.995866477
1375.000000 -0.235833734 -0.579503953 6.276792526 0.061623260 0.029549139 0.060066100 0.995852172
1376.000000 -0.241214857 -0.582135856 6.280911446 0.063244179 0.018533846 0.056150846 0.996244848
1377.000000 -0.240346044 -0.582380295 6.283655643 0.063183881 0.018398685 0.056220416 0.996247292
1378.000000 -0.246161774 -0.581759632 6.287881374 0.061268762 0.003776740 0.052610941 0.996726692
1379.000000 -0.245441929 -0.581905007 6.292148113 0.061277021 0.003658595 0.052430984 0.996736050
1380.000000 -0.244800508 -0.581661284 6.294209003 0.061296578 0.003612384 0.052670304 0.996722400
1381.000000 -0.247135162 -0.583285391 6.298616886 0.059172615 -0.004309146 0.045601897 0.997196317
1382.000000 -0.246386707 -0.581654012 6.301725388 0.059452962 -0.004392378 0.045453485 0.997186065
1383.000000 -0.249846414 -0.574820399 6.319232464 0.060931843 -0.017070612 0.043847345 0.997032285
1384.000000 -0.249329403 -0.575888276 6.320829868 0.060834978 -0.017129300 0.043489616 0.997052848
1385.000000 -0.249347255 -0.574095190 6.322072983 0.061035130 -0.017108893 0.043668479 0.997033179
1386.000000 -0.249208748 -0.577293396 6.329661846 0.065849736 -0.028924504 0.045281447 0.996381879
1387.000000 -0.249418527 -0.576898992 6.331953526 0.065906756 -0.028946830 0.045682803 0.996359169
1388.000000 -0.246700749 -0.574341655 6.339531898 0.070307553 -0.043255325 0.046604164 0.995496809
1389.000000 -0.249091536 -0.573650360 6.342580795 0.070319943 -0.043057177 0.047395058 0.995467186
1390.000000 -0.241794422 -0.574052513 6.340610027 0.069678143 -0.060227890 0.046256565 0.994674742
1391.000000 -0.242255598 -0.573212981 6.343582153 0.069839060 -0.060202796 0.046257146 0.994665027
1392.000000 -0.245314717 -0.575256705 6.352374554 0.068941012 -0.068242483 0.045258678 0.994254410
1393.000000 -0.248437583 -0.581823111 6.368688107 0.070673130 -0.077013426 0.040968910 0.993677974
1394.000000 -0.249147609 -0.581789196 6.370729446 0.070707053 -0.076966159 0.041311331 0.993665040
1395.000000 -0.240695685 -0.579271913 6.370796204 0.072365791 -0.085880741 0.039713133 0.992879987
1396.000000 -0.244170323 -0.580439389 6.375794411 0.072385930 -0.085505992 0.039927408 0.992902219
1397.000000 -0.244122490 -0.568241000 6.380827904 0.073171452 -0.089378007 0.037838850 0.992585361
1398.000000 -0.243007511 -0.569846451 6.386262894 0.071268059 -0.091904707 0.036245622 0.992552578
1399.000000 -0.245281279 -0.566401541 6.407792091 0.073505230 -0.100671828 0.047193896 0.991077662
1400.000000 -0.247518212 -0.567030072 6.410705090 0.073527567 -0.100415863 0.047737997 0.991075933
1401.000000 -0.245025411 -0.564474165 6.418791771 0.076559149 -0.113784559 0.050130021 0.989281952
1402.000000 -0.247243091 -0.564054489 6.421432495 0.076685868 -0.113549344 0.051232934 0.989242673
1403.000000 -0.243493319 -0.566194892 6.425895214 0.079528444 -0.127241611 0.045174979 0.987645745
1404.000000 -0.244962007 -0.566051960 6.427114010 0.079462789 -0.127041757 0.045806352 0.987647653
1405.000000 -0.242725551 -0.565630674 6.431205750 0.079236656 -0.137472987 0.042178880 0.986429811
1406.000000 -0.243917584 -0.566028118 6.433412075 0.079222679 -0.137368575 0.042515900 0.986431003
1407.000000 -0.245417446 -0.566800058 6.439038754 0.080047131 -0.142508924 0.042957183 0.985615790
1408.000000 -0.241000742 -0.566577435 6.441525459 0.079862460 -0.154754475 0.040870477 0.983871281
1409.000000 -0.241549566 -0.566150784 6.442489624 0.079966225 -0.154668897 0.041377086 0.983855128
1410.000000 -0.240636587 -0.565808594 6.446399689 0.077591479 -0.167175457 0.038974807 0.982096255
1411.000000 -0.242372930 -0.566534102 6.448675156 0.077562042 -0.166941494 0.039448958 0.982119441
1412.000000 -0.240814999 -0.570523381 6.452764511 0.073816352 -0.176695362 0.033749662 0.980913341
1413.000000 -0.242076248 -0.571633279 6.455171585 0.073709689 -0.176574275 0.033660483 0.980946243
1414.000000 -0.243601292 -0.571880937 6.460434437 0.073003449 -0.179463446 0.032603584 0.980510294
1415.000000 -0.244173661 -0.569759965 6.464659691 0.072391666 -0.183251053 0.034270450 0.979798019
1416.000000 -0.242600411 -0.572390795 6.472249031 0.070696682 -0.192771628 0.031511568 0.978186190
1417.000000 -0.244223207 -0.572787166 6.474757671 0.070699215 -0.192632377 0.031862125 0.978202045
1418.000000 -0.242594451 -0.577656627 6.477250099 0.069442220 -0.193148971 0.026376698 0.978353500
1419.000000 -0.248240173 -0.581129134 6.491920471 0.069464020 -0.188136622 0.025336441 0.979355693
1420.000000 -0.248617679 -0.581097782 6.492940903 0.069521114 -0.188103110 0.025460489 0.979354799
1421.000000 -0.250372320 -0.579676270 6.504633427 0.072913885 -0.185361043 0.029615484 0.979514122
1422.000000 -0.250775963 -0.580051720 6.505197525 0.072924219 -0.185328916 0.029502798 0.979522824
1423.000000 -0.251374602 -0.578949153 6.515643597 0.075597398 -0.186809868 0.030174203 0.979018271
1424.000000 -0.251626432 -0.579255939 6.516104221 0.075504892 -0.186803475 0.030172555 0.979026675
1425.000000 -0.252011478 -0.581863463 6.524213791 0.074828222 -0.187057689 0.028645227 0.979075909
1426.000000 -0.252235651 -0.581880927 6.524673939 0.074848108 -0.186975256 0.028760131 0.979086757
1427.000000 -0.254547209 -0.602951705 6.534647942 0.068907842 -0.181083441 0.023931798 0.980758786
1428.000000 -0.255023062 -0.603161991 6.535504818 0.068939492 -0.181080520 0.023804937 0.980760217
1429.000000 -0.262954503 -0.603154540 6.558655262 0.075609006 -0.165968642 0.025627373 0.982894182
1430.000000 -0.263985336 -0.602457821 6.559100628 0.075855255 -0.165850729 0.026114408 0.982882261
1431.000000 -0.262650549 -0.602111280 6.557654858 0.075829841 -0.165988430 0.025801351 0.982869267
1432.000000 -0.260668129 -0.602421105 6.564302921 0.076152094 -0.164418846 0.025454581 0.983117163
1433.000000 -0.260531962 -0.602006078 6.563787460 0.076230146 -0.164385274 0.025584552 0.983113408
1434.000000 -0.266215265 -0.604854345 6.578814983 0.077380374 -0.158844978 0.022080360 0.984018862
1435.000000 -0.266452134 -0.604748428 6.579359055 0.077412233 -0.158866003 0.022124624 0.984011948
1436.000000 -0.271360785 -0.605713665 6.590013027 0.079643786 -0.154188484 0.026035147 0.984482110
1437.000000 -0.271206379 -0.605807424 6.590101242 0.079634354 -0.154256478 0.025878979 0.984476328
1438.000000 -0.269678175 -0.605310857 6.591300488 0.077105083 -0.151340902 0.025585389 0.985137701
1439.000000 -0.269175947 -0.605412006 6.590951443 0.077091925 -0.151396781 0.025292657 0.985137641
1440.000000 -0.271703482 -0.603365421 6.598613739 0.074178018 -0.149114758 0.027863741 0.985639930
1441.000000 -0.271668494 -0.603872836 6.599400520 0.074095130 -0.149204984 0.027494371 0.985642910
1442.000000 -0.275012553 -0.610780776 6.606121540 0.070752092 -0.142662406 0.025798749 0.986902297
1443.000000 -0.275684357 -0.610920906 6.606431484 0.070757486 -0.142659813 0.025881216 0.986900091
1444.000000 -0.277138025 -0.610342205 6.610918045 0.070400462 -0.137559935 0.027368374 0.987609267
1445.000000 -0.278844059 -0.612119079 6.617867947 0.069943167 -0.129818037 0.026014730 0.988725722
1446.000000 -0.279488713 -0.612336040 6.618671894 0.069983125 -0.129813656 0.026069012 0.988722026
1447.000000 -0.284271091 -0.614711761 6.628788471 0.072300188 -0.117195800 0.024626421 0.990167379
1448.000000 -0.285089314 -0.614754081 6.629783154 0.072332524 -0.117240041 0.024848847 0.990154266
1449.000000 -0.283576697 -0.615283132 6.632242203 0.072357073 -0.111868620 0.025848368 0.990748107
1450.000000 -0.282297164 -0.615851820 6.637056351 0.070337109 -0.103426814 0.027893733 0.991754770
1451.000000 -0.282988280 -0.616781533 6.637917042 0.070216931 -0.103400387 0.027392428 0.991780043
1452.000000 -0.284438133 -0.618370831 6.645582676 0.066247948 -0.092420608 0.026286477 0.993165970
1453.000000 -0.285147369 -0.618763387 6.645951271 0.066236854 -0.092365317 0.026161332 0.993175209
1454.000000 -0.291286975 -0.621171713 6.661128998 0.065498829 -0.079781733 0.026394395 0.994307876
1455.000000 -0.291610211 -0.621056259 6.660628796 0.065542348 -0.079856530 0.026546137 0.994295001
1456.000000 -0.294423163 -0.620917261 6.665088177 0.068038881 -0.067698784 0.029393300 0.994949043
1457.000000 -0.293102831 -0.619644463 6.662148476 0.068122767 -0.067908026 0.029622406 0.994922280
1458.000000 -0.290677071 -0.619272590 6.664847851 0.068340391 -0.062985756 0.029308148 0.995240390
1459.000000 -0.291037798 -0.619917452 6.678145409 0.067911655 -0.053920928 0.030515697 0.995765746
1460.000000 -0.289466470 -0.618926764 6.675050735 0.067996807 -0.054091044 0.030384503 0.995754719
1461.000000 -0.290800959 -0.619947255 6.692424774 0.067919903 -0.046162341 0.035865393 0.995976686
1462.000000 -0.289755762 -0.619560182 6.690249920 0.068075053 -0.046289593 0.035441857 0.995975435
1463.000000 -0.287058502 -0.622132838 6.702753067 0.067884900 -0.041363575 0.037972555 0.996111870
1464.000000 -0.286578357 -0.621647596 6.700740337 0.067875430 -0.041389219 0.037798658 0.996118069
1465.000000 -0.286552340 -0.628412008 6.717666626 0.067468487 -0.030744426 0.034750350 0.996641994
1466.000000 -0.283803850 -0.626254261 6.712300777 0.067661762 -0.031055417 0.034644678 0.996622920
1467.000000 -0.279367507 -0.625969410 6.737571239 0.065772213 -0.016617628 0.037828274 0.996978879
1468.000000 -0.277873456 -0.625285625 6.735006332 0.065740354 -0.016815601 0.037698422 0.996982634
1469.000000 -0.275325567 -0.624807179 6.742160797 0.064748041 -0.010214942 0.040758077 0.997016668
1470.000000 -0.270061404 -0.625395238 6.756786823 0.065152831 0.000364144 0.043535147 0.996925116
1471.000000 -0.268888235 -0.625100553 6.754517078 0.065116338 0.000225045 0.043406807 0.996933162
1472.000000 -0.264138669 -0.627473652 6.770170212 0.063697137 0.010456849 0.044764787 0.996909976
1473.000000 -0.262494504 -0.627190709 6.764054298 0.063681044 0.010216055 0.044591151 0.996921301
1474.000000 -0.255416930 -0.625393152 6.778625965 0.064570323 0.019335620 0.047823068 0.996579051
1475.000000 -0.256113678 -0.625649214 6.776163101 0.064519234 0.019421130 0.047654070 0.996588826
1476.000000 -0.252220243 -0.623090804 6.781922340 0.064980559 0.023782827 0.048575211 0.996419787
1477.000000 -0.250295132 -0.625134051 6.789536953 0.065230049 0.027906347 0.049605992 0.996245742
1478.000000 -0.249580488 -0.624082863 6.792729378 0.066546641 0.032742191 0.050255094 0.995978951
1479.000000 -0.244184166 -0.624838114 6.800510406 0.067829467 0.037934307 0.051039927 0.995668173
1480.000000 -0.241718948 -0.626932144 6.804465294 0.068203948 0.042737655 0.053595420 0.995313704
1481.000000 -0.240393355 -0.627299726 6.814171791 0.069044702 0.046697944 0.055067535 0.994997382
1482.000000 -0.236899883 -0.628468275 6.817298412 0.069952175 0.049965482 0.055781003 0.994735539
1483.000000 -0.232108593 -0.630791426 6.824829578 0.070175827 0.052166950 0.056506362 0.994565785
1484.000000 -0.229927495 -0.628437817 6.834707737 0.070791215 0.052376393 0.058023285 0.994423747
1485.000000 -0.227403879 -0.627304435 6.839462280 0.070235737 0.052237540 0.060514521 0.994322002
1486.000000 -0.226300865 -0.628734171 6.851030350 0.068734124 0.057300560 0.064024158 0.993928194
1487.000000 -0.226005316 -0.626508176 6.846632004 0.068896636 0.057244178 0.064035892 0.993919492
1488.000000 -0.223981202 -0.628999412 6.851357937 0.068138562 0.058452450 0.067023925 0.993704319
1489.000000 -0.221578091 -0.632784724 6.864483356 0.067010090 0.059915304 0.069458887 0.993526757
1490.000000 -0.222162515 -0.634607375 6.862998486 0.066775717 0.060001843 0.069551244 0.993530810
1491.000000 -0.219393432 -0.633627594 6.874826908 0.066750996 0.062495876 0.065183841 0.993674874
1492.000000 -0.221274436 -0.636732996 6.867537022 0.065922074 0.062636510 0.066183351 0.993655264
1493.000000 -0.224725217 -0.638072312 6.872671127 0.066016853 0.065777630 0.063664824 0.993610561
1494.000000 -0.222155213 -0.634239852 6.886999607 0.064116932 0.070506059 0.061374314 0.993554831
1495.000000 -0.223051593 -0.633567631 6.884641647 0.064183019 0.070660621 0.060985446 0.993563533
1496.000000 -0.219833717 -0.633817613 6.894573212 0.064727135 0.072840668 0.059878387 0.993438125
1497.000000 -0.223777384 -0.632975221 6.901826859 0.065139778 0.080320306 0.058902770 0.992892742
1498.000000 -0.224461704 -0.633105457 6.899655342 0.065072037 0.080470808 0.058810487 0.992890477
1499.000000 -0.219296277 -0.634901285 6.903104782 0.064588211 0.083999164 0.060295202 0.992540658
1500.000000 -0.218283594 -0.633870780 6.915996075 0.066134825 0.091801450 0.061572257 0.991669118
1501.000000 -0.219025895 -0.633767843 6.914251804 0.066149205 0.091914177 0.061396580 0.991668522
1502.000000 -0.221732527 -0.637709796 6.929358959 0.065078728 0.099312752 0.062372230 0.990964949
1503.000000 -0.222353458 -0.637495518 6.928021908 0.065101363 0.099402130 0.062252484 0.990962088
1504.000000 -0.225589469 -0.641095340 6.949452400 0.067224540 0.108629331 0.066628657 0.989566207
1505.000000 -0.224886179 -0.640926301 6.948915005 0.067230031 0.108560860 0.066613413 0.989574313
1506.000000 -0.227367952 -0.643801928 6.946908951 0.066873707 0.108907163 0.067041345 0.989531517
1507.000000 -0.229100347 -0.647101104 6.959177494 0.066375181 0.112578005 0.067710839 0.989108622
1508.000000 -0.229943976 -0.647611499 6.959532738 0.066334933 0.112694167 0.067763031 0.989094496
1509.000000 -0.230719522 -0.648772180 6.962892532 0.065577559 0.113549881 0.067132048 0.989090145
1510.000000 -0.234363928 -0.650870502 6.969600677 0.065245941 0.113788255 0.067486316 0.989060640
1511.000000 -0.238192424 -0.650081158 6.980648994 0.066569015 0.113465190 0.066529833 0.989074349
1512.000000 -0.239299670 -0.650971413 6.981500626 0.066485479 0.113628328 0.066785358 0.989044011
1513.000000 -0.241072133 -0.652495980 6.987964153 0.066529408 0.114723004 0.066367559 0.988942802
1514.000000 -0.249217063 -0.659723938 7.005142212 0.067135096 0.109195545 0.071658745 0.989158332
1515.000000 -0.247366592 -0.660897791 7.009470940 0.067083962 0.108925261 0.071618222 0.989194572
1516.000000 -0.251530081 -0.658084869 6.997844219 0.066942543 0.097116180 0.071359947 0.990451932
1517.000000 -0.251211226 -0.661793768 7.005059242 0.066680215 0.096954100 0.071371205 0.990484655
1518.000000 -0.256783426 -0.661758840 7.012465000 0.063984923 0.086637631 0.064521216 0.992087185
1519.000000 -0.256188482 -0.662515104 7.017774105 0.063957542 0.086511403 0.064290367 0.992114902
1520.000000 -0.251095057 -0.648373425 7.024527073 0.065974295 0.065966792 0.066751443 0.993398249
1521.000000 -0.253297418 -0.648733318 7.021445751 0.068568274 0.055553056 0.066523500 0.993874729
1522.000000 -0.261282980 -0.651146889 7.016283035 0.071755320 0.037283920 0.063719273 0.994686365
1523.000000 -0.260389358 -0.655127883 7.030793190 0.071719632 0.036967114 0.064039186 0.994680226
1524.000000 -0.263361216 -0.644669116 7.019068241 0.074694172 0.017308557 0.059078701 0.995304465
1525.000000 -0.265122801 -0.647099137 7.030071735 0.074662752 0.017297545 0.059904817 0.995257616
1526.000000 -0.270010769 -0.646663606 7.023136616 0.076705284 -0.000722635 0.055955183 0.995482266
1527.000000 -0.265644789 -0.657357574 7.027531624 0.075320683 -0.000999524 0.055907853 0.995590329
1528.000000 -0.277024895 -0.653614044 7.029524326 0.071334034 -0.016898502 0.052476391 0.995927811
1529.000000 -0.277578503 -0.654392123 7.036671638 0.071408123 -0.016943149 0.052327987 0.995929599
1530.000000 -0.281591952 -0.652249813 7.039242268 0.072126485 -0.033402596 0.052360371 0.995459974
1531.000000 -0.281062424 -0.656992555 7.049492836 0.071820296 -0.033582188 0.052513249 0.995467961
1532.000000 -0.280990124 -0.651604950 7.054127693 0.072216280 -0.049549807 0.052223820 0.994787574
1533.000000 -0.281254977 -0.646107554 7.064615726 0.074985288 -0.057967842 0.052299250 0.994123638
1534.000000 -0.279553205 -0.648499727 7.075299740 0.078585692 -0.067630328 0.051119491 0.993296146
1535.000000 -0.281819165 -0.645071685 7.062193871 0.086507894 -0.092724159 0.052805454 0.990520179
1536.000000 -0.276685208 -0.664768100 7.092508316 0.085643068 -0.093366370 0.053712722 0.990486205
1537.000000 -0.284105539 -0.653072178 7.085456848 0.090045840 -0.116349787 0.042499829 0.988204598
1538.000000 -0.286417365 -0.653393984 7.088431835 0.090161666 -0.116149351 0.042586096 0.988213897
1539.000000 -0.295381516 -0.659397364 7.110804558 0.090647541 -0.123956367 0.040681925 0.987300754
1540.000000 -0.294766665 -0.658931196 7.111135483 0.090687513 -0.124033548 0.040748395 0.987284720
1541.000000 -0.294001520 -0.665584326 7.125998020 0.091335312 -0.130591169 0.038432453 0.986471891
1542.000000 -0.294669390 -0.664404094 7.126276970 0.091467388 -0.130518302 0.038562160 0.986464262
1543.000000 -0.290927261 -0.658872664 7.130788803 0.092496246 -0.136134490 0.039761622 0.985561192
1544.000000 -0.284049988 -0.662213802 7.137763977 0.090411752 -0.143741652 0.038034614 0.984742343
1545.000000 -0.284320146 -0.662059307 7.140635967 0.090540707 -0.143883139 0.038674749 0.984684944
1546.000000 -0.286296427 -0.661424756 7.157422543 0.089346923 -0.143172547 0.041862763 0.984767139
1547.000000 -0.284851819 -0.661717415 7.156309605 0.089222811 -0.143276885 0.041655023 0.984772086
1548.000000 -0.272212058 -0.658227682 7.160580158 0.089102834 -0.150082633 0.044854175 0.983628035
1549.000000 -0.272062778 -0.657564878 7.160690784 0.089181483 -0.150087431 0.045275878 0.983600855
1550.000000 -0.276410192 -0.659914136 7.172579765 0.089098819 -0.155396432 0.045378245 0.982778847
1551.000000 -0.274021864 -0.655429184 7.174765587 0.089885354 -0.161818564 0.043512091 0.981754601
1552.000000 -0.272122324 -0.664302349 7.186347008 0.089263842 -0.167429104 0.039344199 0.981046140
1553.000000 -0.267002523 -0.681019902 7.205487251 0.086478651 -0.174612805 0.035752892 0.980180383
1554.000000 -0.265069366 -0.681914210 7.208198547 0.086383365 -0.174802050 0.035752721 0.980155110
1555.000000 -0.261049211 -0.655078411 7.187386513 0.087212019 -0.181915641 0.039302353 0.978650153
1556.000000 -0.260249376 -0.655046999 7.187376022 0.087176248 -0.182038188 0.039182451 0.978635371
1557.000000 -0.253384054 -0.654514670 7.190907478 0.083016485 -0.189387783 0.035829209 0.977730453
1558.000000 -0.253529221 -0.655295134 7.191369057 0.082883805 -0.189356685 0.035399877 0.977763414
1559.000000 -0.260263830 -0.658302367 7.203186512 0.078356460 -0.193028837 0.034757562 0.977441609
1560.000000 -0.260022342 -0.658505559 7.203682899 0.078334235 -0.193068027 0.034569863 0.977442324
1561.000000 -0.260867596 -0.661962628 7.212314606 0.075902954 -0.191363797 0.032519814 0.978039503
1562.000000 -0.261847198 -0.663023651 7.213149548 0.075620987 -0.191326961 0.031956408 0.978087068
1563.000000 -0.267522722 -0.662950397 7.222726822 0.076147057 -0.189232737 0.033297446 0.978408933
1564.000000 -0.263321966 -0.668705106 7.230818272 0.077513777 -0.184268832 0.031037573 0.979322910
1565.000000 -0.263802499 -0.668166637 7.230628490 0.077494137 -0.184216097 0.031100439 0.979332387
1566.000000 -0.268761873 -0.668564498 7.238341331 0.078138702 -0.180040210 0.032879163 0.979999423
1567.000000 -0.268583298 -0.673565269 7.259122849 0.080101959 -0.173585907 0.038004570 0.980819702
1568.000000 -0.268747777 -0.670159698 7.252326965 0.080366462 -0.173555136 0.038148373 0.980797946
1569.000000 -0.270872205 -0.675096869 7.270736217 0.078284383 -0.165084496 0.037878364 0.982437789
1570.000000 -0.270402074 -0.675283909 7.268370628 0.078141265 -0.165082470 0.037350427 0.982469678
1571.000000 -0.273015797 -0.682632208 7.283526897 0.077503286 -0.159381479 0.035441235 0.983531833
1572.000000 -0.276113093 -0.687040508 7.307673931 0.079648659 -0.145427927 0.032746717 0.985613763
1573.000000 -0.275699675 -0.684549749 7.297864914 0.079734758 -0.145405039 0.032667544 0.985612869
1574.000000 -0.281189770 -0.689119399 7.320191860 0.081303276 -0.131700739 0.034398403 0.987350821
1575.000000 -0.281125784 -0.683267653 7.308591843 0.081790410 -0.131625533 0.034806002 0.987306237
1576.000000 -0.280433983 -0.682849824 7.327551365 0.084057420 -0.120239340 0.037229963 0.988479018
1577.000000 -0.280764490 -0.680726886 7.320352077 0.084176265 -0.120162800 0.037507661 0.988467813
1578.000000 -0.282317162 -0.682788134 7.333435059 0.083585568 -0.112024650 0.038961124 0.989417017
1579.000000 -0.283636838 -0.680235207 7.327386379 0.083773188 -0.111835323 0.039066318 0.989418387
1580.000000 -0.287140578 -0.696200788 7.360106945 0.080515012 -0.100103579 0.037096217 0.991019905
1581.000000 -0.286861837 -0.693041921 7.353889465 0.080776416 -0.100106820 0.037036147 0.991000593
1582.000000 -0.292953938 -0.689478874 7.365606785 0.079852410 -0.085293680 0.037996445 0.992423773
1583.000000 -0.292225778 -0.683719754 7.353654385 0.080310442 -0.085299738 0.038041487 0.992384553
1584.000000 -0.295798212 -0.684388101 7.377937794 0.082699046 -0.074956395 0.038595323 0.993001938
1585.000000 -0.295067549 -0.683534741 7.372784615 0.082686998 -0.075041994 0.038559832 0.992997885
1586.000000 -0.295891881 -0.682938278 7.380632401 0.082761981 -0.067592002 0.035424002 0.993643284
1587.000000 -0.296955198 -0.680093288 7.375455856 0.082964212 -0.067436889 0.035385426 0.993638396
1588.000000 -0.303279370 -0.686808228 7.392585754 0.081503548 -0.057562210 0.037597947 0.994298875
1589.000000 -0.303618908 -0.685870767 7.389645576 0.081536517 -0.057475653 0.037414633 0.994308054
1590.000000 -0.301167518 -0.681705177 7.395052433 0.077675775 -0.044059638 0.041200377 0.995152116
1591.000000 -0.300001264 -0.681250334 7.389734745 0.077535734 -0.044202708 0.041020747 0.995164156
1592.000000 -0.303833544 -0.682797492 7.406116009 0.074621297 -0.028872589 0.046159230 0.995724559
1593.000000 -0.303212464 -0.681907117 7.398208141 0.074405670 -0.028825196 0.045445438 0.995774925
1594.000000 -0.302290559 -0.684822023 7.417007923 0.070822097 -0.015950257 0.048147753 0.996198595
1595.000000 -0.302051216 -0.685925007 7.412691116 0.070598602 -0.015854254 0.047585972 0.996243000
1596.000000 -0.302238345 -0.684480369 7.425255299 0.071491033 -0.006608390 0.049300890 0.996200204
1597.000000 -0.302616537 -0.683224499 7.420603752 0.071540356 -0.006569120 0.049387049 0.996192634
1598.000000 -0.303199738 -0.685867071 7.426223278 0.071961030 -0.001922094 0.049439188 0.996179581
1599.000000 -0.300543457 -0.690891087 7.428147316 0.071349435 0.002837009 0.048741560 0.996255755
1600.000000 -0.303105235 -0.691030979 7.443156242 0.070790872 0.015685851 0.047489606 0.996236622
1601.000000 -0.303901434 -0.690977097 7.437339783 0.070639297 0.015828714 0.047556370 0.996241927
1602.000000 -0.301269621 -0.694737792 7.452364445 0.067122154 0.030926771 0.048535276 0.996083617
1603.000000 -0.302090675 -0.694373667 7.444951534 0.067001618 0.031218905 0.048229259 0.996097445
1604.000000 -0.301669180 -0.693819284 7.451857090 0.064970896 0.038801339 0.048576802 0.995948613
1605.000000 -0.298376501 -0.695559204 7.471189022 0.060977586 0.051057670 0.052249234 0.995462179
1606.000000 -0.298197776 -0.693725884 7.466724873 0.061117638 0.051065352 0.051974591 0.995467544
1607.000000 -0.298570275 -0.693189442 7.486163139 0.059532031 0.059342012 0.054635562 0.994962037
1608.000000 -0.296818554 -0.690506876 7.479821205 0.059806745 0.059103042 0.054517772 0.994966269
1609.000000 -0.291651428 -0.687779069 7.494947433 0.061553661 0.061343297 0.059973642 0.994410038
1610.000000 -0.291797638 -0.687421262 7.494127274 0.061576944 0.061317861 0.060206193 0.994396150
1611.000000 -0.284335613 -0.692039311 7.513692379 0.062531762 0.062649578 0.059163883 0.994316101
1612.000000 -0.285367757 -0.691159606 7.511167049 0.062599346 0.062772624 0.058985900 0.994314671
1613.000000 -0.284582704 -0.690884352 7.517178535 0.063184902 0.065609924 0.057013061 0.994209528
1614.000000 -0.285914570 -0.693682075 7.523947239 0.062867381 0.070312575 0.055911005 0.993970752
1615.000000 -0.280903399 -0.693432808 7.543392658 0.062658168 0.082258321 0.057514373 0.992975116
1616.000000 -0.279487699 -0.692274511 7.536579132 0.062745117 0.082181543 0.057358898 0.992985070
1617.000000 -0.277955174 -0.699831188 7.560026169 0.061563361 0.092982940 0.062318441 0.991806746
1618.000000 -0.277695596 -0.699519277 7.558322906 0.061599430 0.092948616 0.062152252 0.991818130
1619.000000 -0.270884097 -0.700158775 7.573793411 0.060856335 0.096432842 0.066672616 0.991237640
1620.000000 -0.271364123 -0.700204253 7.572584152 0.060782909 0.096474744 0.066884018 0.991223812
1621.000000 -0.265035987 -0.703948259 7.584809780 0.060704030 0.096616782 0.066448584 0.991244078
1622.000000 -0.265789807 -0.703438580 7.585202694 0.060723752 0.096719511 0.066554792 0.991225779
1623.000000 -0.262938380 -0.704536378 7.597461224 0.062480815 0.099975891 0.062821493 0.991037130
1624.000000 -0.263605267 -0.704907656 7.595754623 0.062349796 0.100085184 0.062636100 0.991046011
1625.000000 -0.261363655 -0.702628255 7.603391647 0.063676819 0.105634876 0.059132211 0.990600824
1626.000000 -0.262303352 -0.703151345 7.602308273 0.063590959 0.105775028 0.059249859 0.990584373
1627.000000 -0.259240776 -0.701953113 7.609218597 0.062265366 0.109259777 0.058807369 0.990316689
1628.000000 -0.257804960 -0.703687131 7.615469456 0.061499752 0.112451710 0.061979800 0.989813566
1629.000000 -0.249905527 -0.700731933 7.626562119 0.062435605 0.116413511 0.067801595 0.988914847
1630.000000 -0.250270903 -0.700965047 7.625383377 0.062365141 0.116490342 0.067858249 0.988906384
1631.000000 -0.250912935 -0.705263913 7.628798008 0.059538104 0.120953932 0.070081383 0.988389611
1632.000000 -0.250553727 -0.705051780 7.628428459 0.059517615 0.120913588 0.069948286 0.988405228
1633.000000 -0.248323679 -0.704005420 7.638422966 0.056997005 0.122151010 0.070190251 0.988384426
1634.000000 -0.247777387 -0.703648567 7.638305187 0.057026807 0.122086912 0.070124924 0.988395333
1635.000000 -0.248470336 -0.706772625 7.641415596 0.053855933 0.124993987 0.070278168 0.988198876
1636.000000 -0.247196943 -0.706780434 7.642155170 0.053673498 0.124770470 0.070100598 0.988249719
1637.000000 -0.233214572 -0.707975447 7.662596703 0.054592840 0.122973830 0.072780639 0.988230765
1638.000000 -0.234202251 -0.708079636 7.661955357 0.054560583 0.123051316 0.072759390 0.988224506
1639.000000 -0.232366905 -0.708887994 7.668386936 0.055261042 0.121379264 0.073731385 0.988320291
1640.000000 -0.235312581 -0.713138700 7.667974472 0.054051258 0.118865311 0.075740978 0.988540769
1641.000000 -0.234401807 -0.711827338 7.672346115 0.053084359 0.115263224 0.075148344 0.989064813
1642.000000 -0.230025247 -0.711227298 7.688332081 0.055593882 0.105931871 0.074206136 0.990041018
1643.000000 -0.230936185 -0.712974548 7.687447548 0.055153266 0.105918057 0.074457899 0.990048289
1644.000000 -0.234857932 -0.717708230 7.689811707 0.060050018 0.094576821 0.078759648 0.990578711
1645.000000 -0.235421941 -0.718987823 7.692003727 0.059944712 0.094457403 0.079173170 0.990563571
1646.000000 -0.229533553 -0.705664992 7.681358814 0.063565053 0.076631643 0.079048991 0.991886318
1647.000000 -0.238131389 -0.725005746 7.703774452 0.061764941 0.077508226 0.081504136 0.991733193
1648.000000 -0.224021450 -0.712999821 7.695057869 0.066485167 0.055452798 0.080838129 0.992960215
1649.000000 -0.235513613 -0.727849007 7.721089840 0.065212294 0.056604583 0.082559347 0.992837965
1650.000000 -0.241596207 -0.725407243 7.724342823 0.068708166 0.047880858 0.082290076 0.993083537
1651.000000 -0.249948472 -0.721844256 7.724304199 0.070293806 0.043198671 0.076247476 0.993669510
1652.000000 -0.258612156 -0.722413778 7.733898640 0.070365548 0.039120235 0.069675520 0.994315684
1653.000000 -0.256954193 -0.722509742 7.737805367 0.070418812 0.038913824 0.069783717 0.994312465
1654.000000 -0.270740509 -0.721518517 7.737782001 0.074919291 0.036876123 0.068747118 0.994133353
1655.000000 -0.271831274 -0.721957207 7.739935398 0.074903935 0.037076451 0.068867318 0.994118750
1656.000000 -0.274318546 -0.723773599 7.746415615 0.078536071 0.036208484 0.071684524 0.993671179
1657.000000 -0.274276733 -0.718761563 7.747280598 0.082235716 0.030753581 0.073124357 0.993450761
1658.000000 -0.273506165 -0.717902422 7.749857903 0.082383715 0.030555593 0.073318489 0.993430316
1659.000000 -0.275750428 -0.710378945 7.756058216 0.083851889 0.025377179 0.070987821 0.993622541
1660.000000 -0.280924380 -0.712160468 7.759226799 0.085784569 0.011891437 0.063789070 0.994198501
1661.000000 -0.281281114 -0.710353196 7.767124176 0.086316310 0.011747750 0.064388700 0.994115531
1662.000000 -0.283199787 -0.710864246 7.766701698 0.087561466 -0.003049877 0.057415366 0.994498432
1663.000000 -0.282110393 -0.710774541 7.772416115 0.087688163 -0.003317643 0.057631817 0.994473934
1664.000000 -0.282160640 -0.710456014 7.774987698 0.088522181 -0.010900473 0.054238264 0.994536698
1665.000000 -0.283668250 -0.720291972 7.777071476 0.085643746 -0.021401195 0.042834625 0.995174527
1666.000000 -0.287964731 -0.721151650 7.786246777 0.085796803 -0.020934423 0.043211620 0.995154977
1667.000000 -0.290692121 -0.725357294 7.792467594 0.083697177 -0.022850119 0.039164823 0.995459080
1668.000000 -0.290026724 -0.724352539 7.794168472 0.081919350 -0.025810326 0.039968185 0.995502710
1669.000000 -0.288447112 -0.723511338 7.796918869 0.079352684 -0.031159785 0.041591328 0.995491087
1670.000000 -0.288154751 -0.718872964 7.796807289 0.076212987 -0.044576302 0.043981481 0.995123267
1671.000000 -0.290592402 -0.722377062 7.806816578 0.075915493 -0.044508323 0.043424249 0.995173454
1672.000000 -0.293072999 -0.724895477 7.814327240 0.074425474 -0.054077324 0.039897930 0.994959652
1673.000000 -0.292343676 -0.724650443 7.817886353 0.074561477 -0.054250248 0.039823309 0.994943082
1674.000000 -0.291301399 -0.726166427 7.822536469 0.073207974 -0.063695215 0.038944580 0.994518459
1675.000000 -0.291394204 -0.726994157 7.826345921 0.073145524 -0.063749485 0.038983267 0.994517982
1676.000000 -0.293730050 -0.724108458 7.833816051 0.074417293 -0.075465508 0.040223707 0.993553758
1677.000000 -0.293322414 -0.724833667 7.838905334 0.074367344 -0.075627737 0.040294107 0.993542314
1678.000000 -0.291870266 -0.725295544 7.844023228 0.077321343 -0.087786004 0.038585901 0.992384136
1679.000000 -0.290182412 -0.725631952 7.849353313 0.077300511 -0.088266626 0.039300274 0.992315054
1680.000000 -0.289533108 -0.717269003 7.850320816 0.079666093 -0.106292151 0.043517891 0.990182579
1681.000000 -0.289798200 -0.716415346 7.857808113 0.080078959 -0.106541686 0.043590564 0.990119278
1682.000000 -0.285339028 -0.720432878 7.863784313 0.081074491 -0.129102901 0.039733917 0.987512350
1683.000000 -0.286625952 -0.720298171 7.874229908 0.081471510 -0.129166454 0.040237416 0.987450957
1684.000000 -0.277952611 -0.731536686 7.878081322 0.080588251 -0.141090289 0.032652035 0.986170888
1685.000000 -0.278217256 -0.730926096 7.881162643 0.080695488 -0.141125336 0.032983273 0.986146033
1686.000000 -0.281574845 -0.736398041 7.902732849 0.077979259 -0.143517539 0.031450897 0.986069441
1687.000000 -0.282700330 -0.737828434 7.903590679 0.077658564 -0.143197700 0.031646963 0.986134887
1688.000000 -0.274576485 -0.736410022 7.909550190 0.081713416 -0.147106424 0.034652505 0.985130370
1689.000000 -0.274439543 -0.736065030 7.909320354 0.081721693 -0.147130355 0.034890376 0.985117733
1690.000000 -0.271964908 -0.735123992 7.921858788 0.083206102 -0.150782809 0.036437228 0.984384954
1691.000000 -0.271861553 -0.734700680 7.922865391 0.083334662 -0.150845647 0.036572911 0.984359443
1692.000000 -0.268004894 -0.734340072 7.935019970 0.087254785 -0.159823492 0.036897570 0.982589245
1693.000000 -0.262538552 -0.736019909 7.935214520 0.087500609 -0.163868397 0.034423407 0.981990814
1694.000000 -0.260058522 -0.739096999 7.939059734 0.087236583 -0.166774854 0.032376830 0.981594443
1695.000000 -0.260475904 -0.736928940 7.944120407 0.087394997 -0.169385999 0.031925421 0.981147945
1696.000000 -0.260022044 -0.732502401 7.948810577 0.087408394 -0.173108399 0.033094432 0.980458081
1697.000000 -0.258642763 -0.731752515 7.952885151 0.086802766 -0.177430987 0.033414789 0.979728043
1698.000000 -0.258080602 -0.732650995 7.957361698 0.086192831 -0.181583613 0.033016562 0.979034305
1699.000000 -0.262130678 -0.736675024 7.967529774 0.085163675 -0.188264579 0.033130109 0.977857888
1700.000000 -0.262743026 -0.736500025 7.969204426 0.085266225 -0.188130215 0.033540487 0.977860868
1701.000000 -0.259919554 -0.736255527 7.970174789 0.085360333 -0.191514611 0.034352552 0.977167189
1702.000000 -0.259664178 -0.731565833 7.973634243 0.085642084 -0.195759356 0.036164299 0.976235569
1703.000000 -0.262204349 -0.729026973 7.980406761 0.083849460 -0.205400825 0.037025835 0.974376142
1704.000000 -0.261526734 -0.729722083 7.981700420 0.083780184 -0.205443025 0.036564223 0.974390686
1705.000000 -0.261049122 -0.729665995 7.986594200 0.083481230 -0.211017504 0.035246864 0.973272979
1706.000000 -0.258070797 -0.728856325 7.991237164 0.083293393 -0.224209100 0.030727843 0.970488727
1707.000000 -0.258025795 -0.728681624 7.993320942 0.083368264 -0.224149346 0.031076340 0.970485032
1708.000000 -0.256256461 -0.747953355 8.000391006 0.076581992 -0.226941273 0.018889910 0.970709085
1709.000000 -0.255189002 -0.745607018 7.999759197 0.077047832 -0.227062374 0.019839784 0.970624924
1710.000000 -0.263804197 -0.748837829 8.025902748 0.077913441 -0.220655650 0.019016411 0.972048879
1711.000000 -0.262664646 -0.748401284 8.022919655 0.077860363 -0.220762774 0.018963050 0.972029865
1712.000000 -0.263394326 -0.747508705 8.033155441 0.080537915 -0.215937436 0.021870261 0.972834289
1713.000000 -0.263603061 -0.746927798 8.031984329 0.080556549 -0.215926513 0.022039000 0.972831309
1714.000000 -0.264295757 -0.751408219 8.045614243 0.081279844 -0.210745424 0.019777073 0.973955274
1715.000000 -0.263468087 -0.751502991 8.043004990 0.081132933 -0.210794777 0.019579228 0.973960817
1716.000000 -0.262854874 -0.754666746 8.053502083 0.082165763 -0.204357266 0.021125032 0.975213110
1717.000000 -0.263277888 -0.754953206 8.052568436 0.082085438 -0.204365984 0.021023083 0.975220323
1718.000000 -0.262891829 -0.759818554 8.058267593 0.080976464 -0.199544355 0.018612266 0.976359844
1719.000000 -0.271457106 -0.763404846 8.079659462 0.078981094 -0.184166953 0.018336510 0.979544938
1720.000000 -0.271411240 -0.762904942 8.077090263 0.078925967 -0.184153005 0.018463718 0.979549646
1721.000000 -0.273904085 -0.765279233 8.084600449 0.078645997 -0.177237198 0.019774824 0.980821490
1722.000000 -0.275140613 -0.767871797 8.090269089 0.078310736 -0.170150742 0.020055695 0.982096672
1723.000000 -0.276478380 -0.768458486 8.103621483 0.075898431 -0.154584169 0.022167783 0.984810531
1724.000000 -0.275833130 -0.765328467 8.099772453 0.076044619 -0.154828429 0.023257297 0.984735727
1725.000000 -0.276858926 -0.764664829 8.105582237 0.075125344 -0.147312120 0.024280788 0.985934019
1726.000000 -0.282560378 -0.766921759 8.124571800 0.072976947 -0.131944254 0.024586482 0.988261402
1727.000000 -0.280927390 -0.767338634 8.118912697 0.072697178 -0.131967708 0.024321048 0.988285482
1728.000000 -0.287667990 -0.765283108 8.139120102 0.073314868 -0.118670821 0.030063421 0.989766836
1729.000000 -0.283581257 -0.765827775 8.132003784 0.073077038 -0.119077809 0.029853467 0.989741921
1730.000000 -0.292468935 -0.767616510 8.150329590 0.073718570 -0.105199181 0.032055892 0.991196811
1731.000000 -0.289882332 -0.768337131 8.143661499 0.073517010 -0.105380684 0.031255439 0.991218090
1732.000000 -0.294822276 -0.765768349 8.159216881 0.075507246 -0.093832970 0.033120688 0.992167890
1733.000000 -0.293686181 -0.765723348 8.155535698 0.075344712 -0.093933150 0.032926481 0.992177248
1734.000000 -0.299404860 -0.769007027 8.172039986 0.078004383 -0.082666710 0.033889771 0.992941618
1735.000000 -0.297591895 -0.770445824 8.165995598 0.077593990 -0.082715280 0.033261824 0.992990971
1736.000000 -0.293520957 -0.776014745 8.172024727 0.076372936 -0.068697676 0.032091152 0.994192183
1737.000000 -0.294923931 -0.772910476 8.169772148 0.076388665 -0.068611994 0.033161920 0.994161665
1738.000000 -0.292668164 -0.775366247 8.177432060 0.073525190 -0.054041129 0.035112899 0.995208859
1739.000000 -0.289155811 -0.775755525 8.170325279 0.073328540 -0.054315999 0.034398962 0.995233357
1740.000000 -0.296151578 -0.773169577 8.189249992 0.071256869 -0.040586051 0.038201310 0.995899558
1741.000000 -0.293675214 -0.771753371 8.183295250 0.071325116 -0.040795699 0.038067237 0.995891273
1742.000000 -0.294160903 -0.765836120 8.193804741 0.069090426 -0.025819054 0.041734867 0.996402621
1743.000000 -0.292904019 -0.765693724 8.188790321 0.068938687 -0.025835643 0.041514777 0.996421933
1744.000000 -0.292323142 -0.763902903 8.199309349 0.065438859 -0.012789582 0.044691987 0.996773183
1745.000000 -0.291030526 -0.764626741 8.194882393 0.065213792 -0.012813919 0.044573747 0.996792972
1746.000000 -0.291078329 -0.763233423 8.206893921 0.062804103 -0.001247149 0.047782753 0.996880651
1747.000000 -0.289679378 -0.763340116 8.203085899 0.062781580 -0.001328219 0.047638975 0.996888816
1748.000000 -0.289237648 -0.764687359 8.214061737 0.060670707 0.008215496 0.049013939 0.996919870
1749.000000 -0.288781077 -0.764977992 8.210672379 0.060578186 0.008257668 0.048775524 0.996936917
1750.000000 -0.285773575 -0.765744507 8.215579033 0.060232118 0.012627831 0.049573340 0.996872723
1751.000000 -0.285500854 -0.764046431 8.228214264 0.058974817 0.023372546 0.050538812 0.996705413
1752.000000 -0.284353077 -0.763203382 8.224649429 0.059025511 0.023309611 0.050368946 0.996712446
1753.000000 -0.283853412 -0.754349470 8.238178253 0.060625065 0.034578018 0.051864587 0.996212363
1754.000000 -0.283945233 -0.753954232 8.236426353 0.060572233 0.034674205 0.052063033 0.996201932
1755.000000 -0.281342268 -0.751133978 8.249391556 0.062538467 0.047662113 0.054562226 0.995409608
1756.000000 -0.277651370 -0.755666375 8.263258934 0.062554099 0.058178697 0.058454376 0.994628251
1757.000000 -0.278310150 -0.755655229 8.261026382 0.062554158 0.058337867 0.058194764 0.994634151
1758.000000 -0.274078578 -0.757353127 8.275160789 0.062629484 0.068129972 0.058316987 0.993999541
1759.000000 -0.273672014 -0.759160161 8.273982048 0.062404294 0.068237104 0.058190420 0.994013786
1760.000000 -0.272397220 -0.759567440 8.277880669 0.061939310 0.071818687 0.058690533 0.993761063
1761.000000 -0.267643511 -0.761172235 8.292257309 0.064892121 0.076696269 0.062573202 0.992971003
1762.000000 -0.267560929 -0.761055768 8.291757584 0.064975284 0.076757729 0.062521175 0.992964089
1763.000000 -0.264846474 -0.763351858 8.297467232 0.066164844 0.080122523 0.063583404 0.992552161
1764.000000 -0.265091658 -0.768593013 8.303647041 0.063129991 0.083879657 0.065550312 0.992311418
1765.000000 -0.264229685 -0.768039942 8.302681923 0.063274600 0.083777934 0.065323353 0.992325783
1766.000000 -0.261200726 -0.768122435 8.311911583 0.061012812 0.083275296 0.061769072 0.992737293
1767.000000 -0.261310607 -0.768012345 8.311902046 0.061012883 0.083292924 0.061597571 0.992746472
1768.000000 -0.254564971 -0.767293751 8.327635765 0.060984373 0.084139749 0.060113311 0.992767751
1769.000000 -0.254159331 -0.767024696 8.327793121 0.060996421 0.084079467 0.060005110 0.992778659
1770.000000 -0.257225275 -0.769546866 8.327413559 0.060383987 0.083738193 0.064109571 0.992588341
1771.000000 -0.256224275 -0.769240618 8.327844620 0.060421519 0.083537057 0.063975863 0.992611647
1772.000000 -0.256289333 -0.776179969 8.336973190 0.056775928 0.077086262 0.066941015 0.993153155
1773.000000 -0.256802589 -0.776703477 8.336246490 0.056682728 0.076996185 0.066944882 0.993165195
1774.000000 -0.254817069 -0.768870354 8.347330093 0.056072790 0.070578113 0.063204572 0.993921459
1775.000000 -0.255376101 -0.768547773 8.346634865 0.056146521 0.070594281 0.062902547 0.993935347
1776.000000 -0.255918533 -0.768696427 8.350978851 0.055582639 0.070669875 0.060930848 0.994084477
1777.000000 -0.260553271 -0.767343104 8.357045174 0.053521704 0.075428553 0.058013480 0.994022429
1778.000000 -0.259281188 -0.765953183 8.356430054 0.053673811 0.075342156 0.057810001 0.994032562
1779.000000 -0.261296988 -0.764969766 8.360637665 0.053030424 0.077565841 0.058618568 0.993848681
1780.000000 -0.259818196 -0.767044425 8.368261337 0.051958025 0.078872934 0.060220934 0.993706703
1781.000000 -0.265951067 -0.769107997 8.374397278 0.048997529 0.081884630 0.059607141 0.993650436
1782.000000 -0.265618861 -0.768712461 8.374145508 0.049013119 0.081888512 0.059431773 0.993659854
1783.000000 -0.262213439 -0.767077267 8.385911942 0.048378482 0.082921930 0.057702970 0.993707180
1784.000000 -0.263646245 -0.766834676 8.389835358 0.048371021 0.084669270 0.057614218 0.993565321
1785.000000 -0.261414647 -0.767279804 8.401022911 0.048618894 0.085888341 0.058132157 0.993418455
1786.000000 -0.264211833 -0.766392410 8.406273842 0.048921764 0.088132419 0.058604576 0.993179142
1787.000000 -0.265595794 -0.765017390 8.413282394 0.049054958 0.090754151 0.058247723 0.992957473
1788.000000 -0.264421403 -0.761934996 8.423421860 0.048374448 0.093859598 0.056476012 0.992804468
1789.000000 -0.270127684 -0.761888027 8.434593201 0.047475681 0.101713069 0.052942533 0.992268920
1790.000000 -0.267419130 -0.761035860 8.436319351 0.047584191 0.101463042 0.052764218 0.992298841
1791.000000 -0.269840330 -0.765073419 8.449773788 0.048120376 0.111326635 0.053291608 0.991186619
1792.000000 -0.266984165 -0.764412224 8.451432228 0.048235569 0.111024685 0.053206384 0.991219461
1793.000000 -0.271893471 -0.765141368 8.464538574 0.049631920 0.121000580 0.052331015 0.990028858
1794.000000 -0.269403875 -0.765079081 8.465560913 0.049626615 0.120802298 0.052452266 0.990046918
1795.000000 -0.272866547 -0.768959403 8.477835655 0.050832484 0.129744664 0.053382661 0.988803685
1796.000000 -0.270994365 -0.768378556 8.479760170 0.050979119 0.129551902 0.053376198 0.988821805
1797.000000 -0.272466958 -0.770286202 8.485540390 0.051046338 0.132606462 0.053939305 0.988382757
1798.000000 -0.276563644 -0.773035586 8.490045547 0.050533526 0.136255369 0.053282667 0.987948298
1799.000000 -0.271353483 -0.782892942 8.506697655 0.050108172 0.135142744 0.058848500 0.987806916
1800.000000 -0.271921843 -0.783446491 8.506401062 0.050059885 0.135169595 0.059087172 0.987791479
1801.000000 -0.270088017 -0.790571868 8.514514923 0.049976248 0.126018599 0.062830500 0.988774002
1802.000000 -0.273709893 -0.791985750 8.512157440 0.049793605 0.126342654 0.063067779 0.988726795
1803.000000 -0.276194781 -0.795793653 8.513742447 0.048183911 0.118903421 0.064525664 0.989634633
1804.000000 -0.271261305 -0.792308450 8.529343605 0.048674706 0.103151448 0.060836826 0.991609514
1805.000000 -0.272987068 -0.793013632 8.528573036 0.048551269 0.103163563 0.060999647 0.991604328
1806.000000 -0.278031528 -0.797053933 8.531898499 0.046309724 0.089065485 0.058167640 0.993246913
1807.000000 -0.281653464 -0.795860529 8.530929565 0.046610005 0.089253478 0.057531629 0.993252993
1808.000000 -0.274807304 -0.798097551 8.547382355 0.047326095 0.073038235 0.052871950 0.994801641
1809.000000 -0.277782500 -0.798546433 8.545963287 0.047327671 0.073204979 0.052965920 0.994784296
1810.000000 -0.278815329 -0.797327280 8.555106163 0.050005134 0.059067219 0.051250894 0.995682657
1811.000000 -0.283388376 -0.798935831 8.552924156 0.049867585 0.059535701 0.051696036 0.995638609
1812.000000 -0.291160345 -0.803136349 8.550739288 0.049076352 0.053175434 0.052420847 0.995999992
1813.000000 -0.289585590 -0.803209960 8.556313515 0.048322074 0.044658676 0.050742671 0.996541917
1814.000000 -0.286053747 -0.804879844 8.574187279 0.046717145 0.027343137 0.049089849 0.997326493
1815.000000 -0.292338431 -0.795783222 8.571507454 0.047742479 0.027935440 0.046484832 0.997386277
1816.000000 -0.295354128 -0.794068456 8.575653076 0.046416081 0.013301883 0.040433854 0.998014927
1817.000000 -0.294978946 -0.793625176 8.577635765 0.046439704 0.013109350 0.040230453 0.998024583
1818.000000 -0.296082616 -0.794933498 8.586869240 0.048458900 0.001702206 0.039597236 0.998038530
1819.000000 -0.297348350 -0.796738386 8.588383675 0.048307694 0.001784550 0.040131003 0.998024404
1820.000000 -0.295397967 -0.795575678 8.599347115 0.050748046 -0.009361045 0.036449265 0.998002231
1821.000000 -0.296986759 -0.798571169 8.601169586 0.050473578 -0.009334461 0.037303094 0.997984886
1822.000000 -0.294094861 -0.799986243 8.613331795 0.052159537 -0.019939560 0.034647107 0.997838378
1823.000000 -0.293755144 -0.800456822 8.616269112 0.052093629 -0.020044109 0.034685265 0.997838378
1824.000000 -0.292693615 -0.801656008 8.623486519 0.052973080 -0.026494237 0.035413183 0.997616053
1825.000000 -0.292089611 -0.801095963 8.631191254 0.054069862 -0.034095913 0.036361109 0.997292221
1826.000000 -0.292355299 -0.801838934 8.638879776 0.055092622 -0.042332176 0.036490384 0.996915877
1827.000000 -0.289391279 -0.802439690 8.644235611 0.055847816 -0.049724903 0.032179631 0.996680975
1828.000000 -0.285138786 -0.803183734 8.653873444 0.057393026 -0.058814742 0.028684514 0.996204853
1829.000000 -0.286067158 -0.803334415 8.656044960 0.057446223 -0.058710489 0.028992455 0.996199012
1830.000000 -0.281250715 -0.806041837 8.666184425 0.058364701 -0.064578950 0.029732279 0.995760560
1831.000000 -0.282208771 -0.806528687 8.667583466 0.058390036 -0.064458281 0.029852962 0.995763302
1832.000000 -0.278355718 -0.802702904 8.680234909 0.060362168 -0.066273540 0.030416973 0.995509446
1833.000000 -0.278549075 -0.802309752 8.680684090 0.060431480 -0.066280469 0.030615060 0.995498717
1834.000000 -0.273389488 -0.800387263 8.690477371 0.062375654 -0.072599582 0.032547649 0.994876504
1835.000000 -0.274450302 -0.800763249 8.692160606 0.062381726 -0.072503604 0.032568924 0.994882464
1836.000000 -0.271846890 -0.801690400 8.702211380 0.061769914 -0.077614494 0.029291566 0.994636834
1837.000000 -0.272587776 -0.801987410 8.703664780 0.061779138 -0.077578016 0.029388146 0.994636297
1838.000000 -0.271994144 -0.800976753 8.712070465 0.062410783 -0.083047599 0.029445810 0.994153380
1839.000000 -0.273074865 -0.802050412 8.713959694 0.062343281 -0.082951754 0.029183123 0.994173348
1840.000000 -0.272863388 -0.801703990 8.717787743 0.062900946 -0.085781984 0.029851023 0.993878186
1841.000000 -0.270539671 -0.801429689 8.727482796 0.062516026 -0.097905867 0.033636898 0.992660463
1842.000000 -0.271972358 -0.800872028 8.729659081 0.062732972 -0.097807616 0.034111913 0.992640257
1843.000000 -0.273871481 -0.801870942 8.732427597 0.062635556 -0.097629115 0.034076478 0.992665172
1844.000000 -0.274578571 -0.805352151 8.739001274 0.061633274 -0.106588222 0.030983195 0.991907477
1845.000000 -0.274381906 -0.805791020 8.740743637 0.061597053 -0.106821679 0.030999163 0.991884112
1846.000000 -0.275301576 -0.805604339 8.749026299 0.061707739 -0.113447674 0.029163927 0.991196930
1847.000000 -0.275453180 -0.805461884 8.750238419 0.061712161 -0.113466673 0.029359384 0.991188645
1848.000000 -0.278243035 -0.807277083 8.756057739 0.061933476 -0.116316192 0.029739335 0.990833163
1849.000000 -0.278083712 -0.808812380 8.764398575 0.062775485 -0.121683523 0.029831285 0.990132570
1850.000000 -0.278457820 -0.809238553 8.765449524 0.062741950 -0.121671073 0.029743180 0.990138888
1851.000000 -0.278155804 -0.809484243 8.773066521 0.061880082 -0.126999646 0.029048046 0.989544451
1852.000000 -0.278519422 -0.809558392 8.774019241 0.061936144 -0.126972631 0.029061105 0.989544034
1853.000000 -0.280913770 -0.812882602 8.780517578 0.061890341 -0.127825499 0.027481938 0.989482224
1854.000000 -0.282059044 -0.814104199 8.786222458 0.062346149 -0.128009424 0.026554087 0.989455163
1855.000000 -0.285029829 -0.812955499 8.799121857 0.063587852 -0.129371464 0.029336629 0.989120305
1856.000000 -0.285366327 -0.813284874 8.799322128 0.063536927 -0.129242331 0.029270800 0.989142418
1857.000000 -0.290352881 -0.814885676 8.813817024 0.063746586 -0.130496010 0.029562507 0.988955677
1858.000000 -0.290576369 -0.815027833 8.814217567 0.063732363 -0.130439132 0.029540606 0.988964736
1859.000000 -0.292363316 -0.811571360 8.822067261 0.064122483 -0.133829162 0.033937547 0.988345265
1860.000000 -0.294372588 -0.810753465 8.832938194 0.066523969 -0.142914087 0.035753485 0.986849487
1861.000000 -0.295155257 -0.811130762 8.834546089 0.066496536 -0.142896131 0.035819001 0.986851513
1862.000000 -0.296995163 -0.806501091 8.845744133 0.069473349 -0.155816734 0.036866497 0.984649956
1863.000000 -0.298335016 -0.806512415 8.847983360 0.069463998 -0.155734718 0.037379663 0.984644234
1864.000000 -0.302964479 -0.821742177 8.861620903 0.070118017 -0.161196262 0.031190820 0.983934224
1865.000000 -0.303079307 -0.821638823 8.862093925 0.070132509 -0.161102757 0.031343009 0.983943582
1866.000000 -0.305843592 -0.821234941 8.868518829 0.072827414 -0.161605954 0.034023348 0.983576179
1867.000000 -0.303198904 -0.822476506 8.875632286 0.072682917 -0.165063024 0.033773787 0.983021259
1868.000000 -0.303451568 -0.822660327 8.876030922 0.072689056 -0.165007651 0.033718355 0.983031988
1869.000000 -0.306605816 -0.824099720 8.882802963 0.073160805 -0.166081950 0.032110028 0.982869923
1870.000000 -0.309887141 -0.829235911 8.889471054 0.074354433 -0.166375086 0.028717255 0.982835770
1871.000000 -0.309466541 -0.832213998 8.893313408 0.075345963 -0.165306136 0.026082056 0.983014107
1872.000000 -0.309757471 -0.834236264 8.897320747 0.074374750 -0.163047910 0.025910199 0.983469605
1873.000000 -0.310189009 -0.832912624 8.902025223 0.073197387 -0.160897851 0.027692886 0.983863413
1874.000000 -0.309860766 -0.833540916 8.911156654 0.071687922 -0.157648012 0.027604915 0.984502971
1875.000000 -0.309606552 -0.833701372 8.910856247 0.071622401 -0.157745972 0.027502704 0.984494865
1876.000000 -0.308737129 -0.835517883 8.920298576 0.069047764 -0.155174866 0.022447292 0.985215425
1877.000000 -0.308795601 -0.835694611 8.920345306 0.068977758 -0.155190244 0.022427713 0.985218287
1878.000000 -0.309747517 -0.831465125 8.930930138 0.069077440 -0.155108199 0.024110047 0.985184491
1879.000000 -0.309717149 -0.831711352 8.930912018 0.069058850 -0.155102998 0.023920856 0.985191226
1880.000000 -0.308953077 -0.832029760 8.939610481 0.067054689 -0.157488018 0.022741886 0.984979272
1881.000000 -0.308266103 -0.832317770 8.939515114 0.066994138 -0.157576516 0.022619363 0.984972060
1882.000000 -0.308296651 -0.834597588 8.949138641 0.066245116 -0.159659564 0.021225484 0.984718204
1883.000000 -0.308007658 -0.834536135 8.949082375 0.066260986 -0.159672588 0.021167541 0.984716296
1884.000000 -0.308469534 -0.838017523 8.959787369 0.064615190 -0.160324976 0.018600380 0.984771490
1885.000000 -0.308931291 -0.838380635 8.960041046 0.064537883 -0.160250783 0.018435460 0.984791756
1886.000000 -0.310152769 -0.840171933 8.967015266 0.063895620 -0.160036013 0.017836712 0.984879553
1887.000000 -0.305185616 -0.839216232 8.977135658 0.066120431 -0.161409706 0.018278012 0.984500408
1888.000000 -0.305304706 -0.839184165 8.977010727 0.066118985 -0.161375999 0.018296383 0.984505594
1889.000000 -0.303425550 -0.837524772 8.990404129 0.066275090 -0.162987426 0.019799052 0.984200597
1890.000000 -0.304142088 -0.837921917 8.990726471 0.066201136 -0.162873939 0.019699819 0.984226346
1891.000000 -0.302426636 -0.838492095 8.997668266 0.065826491 -0.164358214 0.019145386 0.984015644
1892.000000 -0.298723072 -0.835922897 9.010545731 0.065854795 -0.168157294 0.018821381 0.983377874
1893.000000 -0.298490644 -0.836690784 9.010330200 0.065624610 -0.168110207 0.018419078 0.983408928
1894.000000 -0.297949672 -0.837478995 9.025984764 0.067085125 -0.173484564 0.017012501 0.982401788
1895.000000 -0.297926039 -0.837502956 9.026187897 0.067065060 -0.173474893 0.017068638 0.982403934
1896.000000 -0.295544714 -0.833735168 9.040174484 0.068614915 -0.180016518 0.021298943 0.981036425
1897.000000 -0.295333415 -0.834129632 9.040203094 0.068548024 -0.180009469 0.021019571 0.981048405
1898.000000 -0.290830076 -0.829983950 9.050407410 0.068642803 -0.191762149 0.024106845 0.978741229
1899.000000 -0.292692423 -0.831387460 9.051506042 0.068419494 -0.191412091 0.023505133 0.978839993
1900.000000 -0.290251195 -0.830898404 9.056579590 0.068555050 -0.198200792 0.023279514 0.977483928
1901.000000 -0.290307134 -0.831545353 9.067941666 0.069687173 -0.210323557 0.022686096 0.974881053
1902.000000 -0.290824831 -0.832452536 9.067972183 0.069448233 -0.209988415 0.022248857 0.974980414
1903.000000 -0.293377846 -0.836129367 9.079631805 0.070405886 -0.219759509 0.019935045 0.972805977
1904.000000 -0.294069469 -0.837028444 9.080150604 0.070213035 -0.219579056 0.019515522 0.972869158
1905.000000 -0.293340892 -0.839117289 9.088733673 0.071197867 -0.225488231 0.016481685 0.971501112
1906.000000 -0.293393433 -0.839127302 9.088999748 0.071173429 -0.225472018 0.016528074 0.971505880
1907.000000 -0.295287639 -0.839321613 9.099076271 0.071224585 -0.230535135 0.015728381 0.970326424
1908.000000 -0.295758516 -0.839560390 9.099519730 0.071196288 -0.230441496 0.015653834 0.970351934
1909.000000 -0.298787385 -0.841269016 9.108947754 0.069027983 -0.234291449 0.018089194 0.969543934
1910.000000 -0.298911303 -0.841838777 9.109149933 0.068844795 -0.234223023 0.017822567 0.969578445
1911.000000 -0.296948910 -0.846771300 9.122489929 0.065467492 -0.237909049 0.015778793 0.968950152
1912.000000 -0.297094226 -0.846791327 9.122737885 0.065479264 -0.237921938 0.015756184 0.968946517
1913.000000 -0.299170494 -0.846595764 9.134540558 0.062106755 -0.241816714 0.014816985 0.968218923
1914.000000 -0.299596488 -0.846310914 9.135240555 0.062179726 -0.241861001 0.015100178 0.968198836
1915.000000 -0.303805560 -0.857071698 9.149584770 0.058767758 -0.240317062 0.008997009 0.968872070
1916.000000 -0.303815663 -0.857014060 9.149406433 0.058720987 -0.240278974 0.009119485 0.968883216
1917.000000 -0.308303654 -0.861247778 9.167137146 0.058184437 -0.232865676 0.009457096 0.970720768
1918.000000 -0.308156490 -0.861877918 9.166693687 0.058046270 -0.232821018 0.009024349 0.970743835
1919.000000 -0.314576656 -0.864521801 9.186913490 0.060755070 -0.223694995 0.011942902 0.972690463
1920.000000 -0.314791858 -0.865066588 9.186323166 0.060610041 -0.223635554 0.011680119 0.972716391
1921.000000 -0.313403398 -0.867461622 9.201234818 0.064921185 -0.212766871 0.011530790 0.974875689
1922.000000 -0.314040691 -0.866875947 9.201004982 0.065080963 -0.212669238 0.011853668 0.974882483
1923.000000 -0.315893859 -0.868129909 9.209931374 0.066347167 -0.206062421 0.010490093 0.976230681
1924.000000 -0.318801254 -0.869604945 9.220107079 0.067755483 -0.198955670 0.010987823 0.977601767
1925.000000 -0.321751297 -0.878664017 9.241307259 0.070121311 -0.182665259 0.011253212 0.980606854
1926.000000 -0.321916550 -0.876991510 9.239598274 0.070377499 -0.182655275 0.011570911 0.980586708
1927.000000 -0.332031190 -0.885305345 9.265782356 0.073255971 -0.160854399 0.013487482 0.984163344
1928.000000 -0.324026167 -0.884938717 9.258213997 0.072890244 -0.161466986 0.012073527 0.984108567
1929.000000 -0.332830101 -0.887780190 9.283539772 0.076046839 -0.139632046 0.016302101 0.987144411
1930.000000 -0.310393542 -0.889581919 9.265973091 0.074991323 -0.142561644 0.015811704 0.986814320
1931.000000 -0.311695963 -0.878816128 9.272630692 0.076259799 -0.134136781 0.016547212 0.987885594
1932.000000 -0.317264587 -0.880472183 9.291737556 0.074880503 -0.119130813 0.018447561 0.989879012
1933.000000 -0.312800467 -0.879488051 9.287984848 0.074786857 -0.119565725 0.017697241 0.989847422
1934.000000 -0.319501072 -0.883096039 9.300004959 0.074200146 -0.111771360 0.017849937 0.990799189
1935.000000 -0.329257995 -0.887248933 9.320668221 0.075869165 -0.092505708 0.017322835 0.992666423
1936.000000 -0.322338939 -0.886159956 9.315614700 0.075694054 -0.093091287 0.016131148 0.992645085
1937.000000 -0.317356795 -0.883346856 9.325624466 0.078566961 -0.078976087 0.019259736 0.993589044
1938.000000 -0.316425085 -0.883575141 9.324913025 0.078477941 -0.079082258 0.019285502 0.993587136
1939.000000 -0.327869475 -0.887269616 9.344317436 0.078454107 -0.061795644 0.021446219 0.994769514
1940.000000 -0.325713575 -0.886372268 9.344178200 0.078514576 -0.061982740 0.020866731 0.994765401
1941.000000 -0.331514686 -0.858342528 9.351642609 0.082995638 -0.046599288 0.023966966 0.995171249
1942.000000 -0.327247828 -0.857066035 9.354254723 0.083236463 -0.047023207 0.023687946 0.995137930
1943.000000 -0.324647814 -0.858275115 9.360874176 0.082086287 -0.040426422 0.024009956 0.995515525
1944.000000 -0.329092562 -0.867545664 9.366830826 0.079805337 -0.030572217 0.028780423 0.995925784
1945.000000 -0.324846804 -0.867137790 9.370996475 0.080023184 -0.031033009 0.028467029 0.995903075
1946.000000 -0.330910504 -0.867186368 9.377437592 0.078107364 -0.020853641 0.029236566 0.996298015
1947.000000 -0.324626952 -0.866406977 9.380865097 0.078346923 -0.021764537 0.029077640 0.996264338
1948.000000 -0.317603856 -0.870055974 9.392385483 0.077181555 -0.018012423 0.030797651 0.996378541
1949.000000 -0.322326422 -0.878969848 9.402961731 0.073638707 -0.007449239 0.036197610 0.996600091
1950.000000 -0.320133120 -0.879098475 9.403402328 0.073607743 -0.007784788 0.036116518 0.996602654
1951.000000 -0.318264753 -0.878582776 9.403259277 0.073643483 -0.008062545 0.035899565 0.996605694
1952.000000 -0.310066581 -0.877886534 9.417966843 0.073452137 -0.007214489 0.035442162 0.996642709
1953.000000 -0.311921030 -0.871772945 9.426619530 0.074937753 -0.000682480 0.032299161 0.996664762
1954.000000 -0.306567252 -0.871491492 9.430116653 0.075018086 -0.001433790 0.032099590 0.996664405
1955.000000 -0.311131179 -0.873918772 9.435446739 0.075482778 0.009139279 0.034462377 0.996509552
1956.000000 -0.306630731 -0.872922182 9.438813210 0.075679369 0.008622044 0.034218799 0.996507645
1957.000000 -0.304650187 -0.878552437 9.449256897 0.075846143 0.014237673 0.041051552 0.996172369
1958.000000 -0.302367389 -0.877213597 9.450790405 0.076059356 0.013989839 0.040663339 0.996175587
1959.000000 -0.299760193 -0.877357781 9.456920624 0.075766601 0.016788522 0.042393677 0.996082544
1960.000000 -0.301954538 -0.873447657 9.465359688 0.074095652 0.025819989 0.044324081 0.995930970
1961.000000 -0.297203600 -0.872179568 9.467772484 0.074353620 0.025212098 0.043829601 0.995949268
1962.000000 -0.291817069 -0.873631716 9.479653358 0.073454626 0.030600464 0.044604849 0.995830595
1963.000000 -0.287777364 -0.870249867 9.486832619 0.074866146 0.036244202 0.046693131 0.995440185
1964.000000 -0.282978177 -0.873082876 9.494866371 0.075187512 0.042524721 0.048897304 0.995061576
1965.000000 -0.282918006 -0.876065016 9.499824524 0.075222820 0.049662247 0.050644781 0.994640827
1966.000000 -0.275359273 -0.875968397 9.512761116 0.076036386 0.054384358 0.051359843 0.994295239
1967.000000 -0.275204659 -0.874213338 9.517572403 0.076782785 0.060372196 0.050154246 0.993953824
1968.000000 -0.273392916 -0.874034643 9.521612167 0.077634446 0.067200534 0.048671726 0.993523061
1969.000000 -0.271055162 -0.876223862 9.528505325 0.077692263 0.075072981 0.047626194 0.993005395
1970.000000 -0.273840904 -0.885607600 9.534780502 0.076013409 0.090940237 0.050725386 0.991654575
1971.000000 -0.267628253 -0.882255018 9.538251877 0.076638393 0.090229169 0.049927507 0.991711974
1972.000000 -0.268836439 -0.891924977 9.544213295 0.078316577 0.098151572 0.059341110 0.990308821
1973.000000 -0.265698999 -0.891175747 9.546058655 0.078446425 0.097691387 0.059260245 0.990348876
1974.000000 -0.265227675 -0.893284738 9.550851822 0.078990236 0.099474587 0.063386753 0.989872456
1975.000000 -0.266151428 -0.895543098 9.553692818 0.077498473 0.099843428 0.066000700 0.989782453
1976.000000 -0.268321753 -0.896493971 9.560729980 0.073946886 0.098176412 0.063734092 0.990369260
1977.000000 -0.269495845 -0.896328390 9.560280800 0.073906943 0.098361306 0.063511245 0.990368187
1978.000000 -0.269746184 -0.891740978 9.568825722 0.071953468 0.102606766 0.059582848 0.990325451
1979.000000 -0.268875360 -0.890566111 9.568002701 0.072132766 0.102457598 0.059269581 0.990346611
1980.000000 -0.266608357 -0.890352011 9.583857536 0.069661692 0.108416431 0.062088426 0.989716232
1981.000000 -0.264066637 -0.889697373 9.583947182 0.069769472 0.108069003 0.061851211 0.989761472
1982.000000 -0.271204829 -0.891418934 9.588848114 0.067619197 0.116517939 0.063888542 0.988822281
1983.000000 -0.268109053 -0.889611900 9.589726448 0.067991354 0.116034023 0.063275039 0.988893151
1984.000000 -0.269170880 -0.887860835 9.602679253 0.066176556 0.125036269 0.060849473 0.988070905
1985.000000 -0.264103115 -0.886000574 9.606733322 0.066577189 0.124399155 0.060509898 0.988145173
1986.000000 -0.265125573 -0.887650192 9.622029305 0.067137279 0.137039885 0.059782855 0.986477971
1987.000000 -0.258799195 -0.887138188 9.626453400 0.067339867 0.136237070 0.059472419 0.986594141
1988.000000 -0.267456353 -0.884562373 9.633377075 0.070029519 0.150124803 0.059382021 0.984394312
1989.000000 -0.262842834 -0.884805679 9.635180473 0.070113122 0.149515316 0.059388205 0.984480798
1990.000000 -0.265228689 -0.889895737 9.646554947 0.068959989 0.160570100 0.061390147 0.982696831
1991.000000 -0.260534555 -0.889487803 9.649924278 0.069096521 0.160017624 0.060991075 0.982802212
1992.000000 -0.260775775 -0.893787980 9.666652679 0.070354491 0.171227053 0.060614254 0.980845332
1993.000000 -0.256747812 -0.892280519 9.670005798 0.070769571 0.170826152 0.060280383 0.980905890
1994.000000 -0.262888044 -0.897664785 9.679389000 0.072652638 0.181675404 0.063747726 0.978596926
1995.000000 -0.260029018 -0.896343648 9.680954933 0.073033154 0.181352973 0.063518792 0.978643298
1996.000000 -0.261047304 -0.905675173 9.694385529 0.073098347 0.186349466 0.070046440 0.977253318
1997.000000 -0.261129946 -0.905254483 9.693177223 0.073161967 0.186325923 0.070427619 0.977225721
1998.000000 -0.264570028 -0.908226311 9.702279091 0.071762674 0.186763108 0.073066279 0.977052212
1999.000000 -0.263762295 -0.908422828 9.702901840 0.071682170 0.186642095 0.072773725 0.977103055
2000.000000 -0.263634890 -0.908347130 9.720547676 0.071166106 0.189830691 0.070421651 0.976698756
2001.000000 -0.262759954 -0.906998396 9.720914841 0.071387120 0.189709589 0.070403673 0.976707518
2002.000000 -0.262882918 -0.904769003 9.728920937 0.072720014 0.191834301 0.069294140 0.976273417
2003.000000 -0.267376035 -0.903355300 9.739027977 0.074790336 0.198301613 0.067125030 0.974975467
2004.000000 -0.266054124 -0.903234839 9.739064217 0.074838012 0.198053926 0.067271821 0.975012004
2005.000000 -0.274619162 -0.902056038 9.740714073 0.075367399 0.203758761 0.064149216 0.974005699
2006.000000 -0.273779273 -0.901261449 9.741497040 0.075591773 0.203687459 0.063881703 0.974020779
2007.000000 -0.275196314 -0.913126230 9.748983383 0.072929755 0.201576412 0.067704201 0.974404633
2008.000000 -0.276841104 -0.914699674 9.747657776 0.072561964 0.201685891 0.068214431 0.974373817
2009.000000 -0.273111969 -0.919762731 9.757601738 0.068803281 0.190512627 0.069759414 0.976782918
2010.000000 -0.276291549 -0.920026302 9.757135391 0.068846144 0.190919936 0.069739550 0.976701677
2011.000000 -0.277525544 -0.924547493 9.761499405 0.067519128 0.183819830 0.069366217 0.978181899
2012.000000 -0.273687452 -0.929130077 9.770275116 0.066627502 0.165797085 0.066206157 0.981676638
2013.000000 -0.280316114 -0.930599570 9.767225266 0.066215947 0.166710556 0.066169746 0.981552124
2014.000000 -0.278592944 -0.930888772 9.776717186 0.066261351 0.147808701 0.064115703 0.984708667
2015.000000 -0.286544144 -0.932468474 9.772773743 0.065807685 0.148933545 0.063993193 0.984577656
2016.000000 -0.285459399 -0.930417240 9.779664993 0.063619696 0.127203062 0.060214568 0.988001108
2017.000000 -0.294032395 -0.931589127 9.774960518 0.063312009 0.128367960 0.059873626 0.987890959
2018.000000 -0.297635138 -0.932579279 9.774595261 0.060060069 0.118963048 0.059435677 0.989296734
2019.000000 -0.284579754 -0.936580479 9.793055534 0.057630006 0.095987029 0.057666168 0.992038250
2020.000000 -0.290225238 -0.935764194 9.790920258 0.057760678 0.096799500 0.057156324 0.991981208
2021.000000 -0.291014135 -0.933068037 9.796166420 0.060672063 0.088045441 0.054924674 0.992748857
2022.000000 -0.290966868 -0.929458857 9.808093071 0.062335562 0.072131097 0.052614130 0.994053900
2023.000000 -0.297088355 -0.928520322 9.803728104 0.062458571 0.072912835 0.052337598 0.994003832
2024.000000 -0.283827543 -0.941261828 9.820169449 0.067222662 0.048915412 0.059047807 0.994787276
2025.000000 -0.292112350 -0.943210006 9.816127777 0.066872485 0.050148830 0.059595149 0.994716883
2026.000000 -0.291601479 -0.942475677 9.825826645 0.068560041 0.022905512 0.057596311 0.995719612
2027.000000 -0.304031193 -0.947241008 9.819707870 0.067718856 0.024579158 0.059067909 0.995651126
2028.000000 -0.288466901 -0.935798764 9.849774361 0.066638261 -0.008704227 0.047505654 0.996607721
2029.000000 -0.293749720 -0.926667690 9.843038559 0.067566015 -0.008103935 0.043401681 0.996737421
2030.000000 -0.300756752 -0.923314035 9.842873573 0.068199180 -0.006367500 0.042079192 0.996763587
2031.000000 -0.304262847 -0.925546467 9.857687950 0.074409455 -0.020321054 0.042646639 0.996108234
2032.000000 -0.302477360 -0.923453271 9.860497475 0.074686356 -0.020338900 0.040801473 0.996164441
2033.000000 -0.327838600 -0.931023836 9.857822418 0.081716418 -0.033267546 0.043853480 0.995134532
2034.000000 -0.311854869 -0.925822377 9.876915932 0.082177497 -0.038042635 0.042411659 0.994987905
2035.000000 -0.279152930 -0.928878248 9.861638069 0.083108924 -0.064355642 0.035832793 0.993814528
2036.000000 -0.298018008 -0.927582324 9.873958588 0.084043093 -0.061812893 0.036658123 0.993867278
2037.000000 -0.288079172 -0.932784557 9.884034157 0.083399475 -0.072520636 0.030323802 0.993411183
2038.000000 -0.291009516 -0.929291368 9.887672424 0.084654242 -0.095657736 0.028584287 0.991396129
2039.000000 -0.317315847 -0.941823661 9.899104118 0.083742335 -0.092007928 0.030347388 0.991766572
2040.000000 -0.294439942 -0.928596973 9.907850266 0.086701371 -0.111316428 0.033529717 0.989427805
2041.000000 -0.322305679 -0.937493086 9.917105675 0.086375169 -0.107534491 0.035793211 0.989795268
2042.000000 -0.314739048 -0.914094210 9.917574883 0.091673680 -0.125182331 0.040496841 0.987058938
2043.000000 -0.318699270 -0.933120430 9.927259445 0.089425184 -0.124539904 0.040715713 0.987337470
2044.000000 -0.313795298 -0.942220569 9.920406342 0.086108282 -0.142616719 0.040985312 0.985173166
2045.000000 -0.317768574 -0.950449467 9.920524597 0.084938377 -0.142174110 0.041383393 0.985321999
2046.000000 -0.326084971 -0.951660991 9.933424950 0.082971945 -0.151579693 0.034639899 0.984347165
2047.000000 -0.326745629 -0.951586008 9.933814049 0.082921088 -0.151428640 0.034308501 0.984386384
2048.000000 -0.328572035 -0.955608606 9.933972359 0.080846466 -0.155123040 0.030940073 0.984095216
2049.000000 -0.330151081 -0.956258357 9.935711861 0.080831669 -0.154818103 0.030782225 0.984149456
2050.000000 -0.332465887 -0.955282927 9.944539070 0.081079736 -0.156242818 0.034012005 0.983797491
2051.000000 -0.320926785 -0.934800744 9.953042984 0.085638598 -0.168531954 0.036862340 0.981276870
2052.000000 -0.323823392 -0.938894272 9.955213547 0.085173890 -0.168051243 0.037134722 0.981389463
2053.000000 -0.336419880 -0.955921173 9.963027000 0.081693523 -0.170956746 0.032244973 0.981356382
2054.000000 -0.332756758 -0.955500245 9.965368271 0.081760608 -0.171440303 0.031866901 0.981278777
2055.000000 -0.331134081 -0.964378536 9.963920593 0.078675874 -0.171825990 0.030522881 0.981506228
2056.000000 -0.347178161 -0.960262120 9.988508224 0.077994958 -0.168915689 0.031044446 0.982049227
2057.000000 -0.352967739 -0.957245052 9.990630150 0.078629307 -0.167976201 0.031043557 0.982159734
2058.000000 -0.356125206 -0.957529306 10.002758980 0.081395715 -0.165153503 0.036514733 0.982224941
2059.000000 -0.352686018 -0.956607938 10.003508568 0.081515878 -0.165545180 0.036275879 0.982157826
2060.000000 -0.351796776 -0.949097037 10.009016037 0.083233163 -0.166906431 0.039408948 0.981662631
2061.000000 -0.350474238 -0.952165365 10.009770393 0.082833007 -0.167117327 0.039469901 0.981658161
2062.000000 -0.346909642 -0.946283996 10.027925491 0.083894610 -0.173820078 0.034908354 0.980576217
2063.000000 -0.351287335 -0.948798299 10.037346840 0.085678473 -0.175742835 0.034127556 0.980106652
2064.000000 -0.356006086 -0.957248032 10.036557198 0.084590167 -0.179601490 0.033228513 0.979532361
2065.000000 -0.354596257 -0.963661909 10.035335541 0.083587281 -0.179752886 0.033401746 0.979584813
2066.000000 -0.366487265 -0.959072351 10.053734779 0.086058684 -0.181663543 0.034642808 0.978975117
2067.000000 -0.365607828 -0.961911917 10.054146767 0.085685752 -0.181786373 0.034852300 0.978977501
2068.000000 -0.380239218 -0.953324080 10.062183380 0.090035580 -0.183286414 0.033600818 0.978351057
2069.000000 -0.375526667 -0.952657402 10.063768387 0.090166904 -0.183974802 0.033105366 0.978226602
2070.000000 -0.397419274 -0.961568713 10.061260223 0.090270370 -0.183963910 0.035043363 0.978151560
2071.000000 -0.396325558 -0.964043260 10.062453270 0.089921199 -0.184070840 0.034958411 0.978166699
2072.000000 -0.386472106 -0.961527169 10.072697639 0.088026568 -0.188057706 0.033596035 0.977628231
2073.000000 -0.391602635 -0.960871696 10.073050499 0.088239297 -0.187309325 0.033922419 0.977741480
2074.000000 -0.373023033 -0.976401687 10.078514099 0.084862791 -0.191406369 0.031780858 0.977318704
2075.000000 -0.375397980 -0.978859305 10.078282356 0.084497839 -0.191076502 0.031867903 0.977412045
2076.000000 -0.356208533 -0.977388680 10.082844734 0.082818069 -0.194913879 0.030125108 0.976853251
2077.000000 -0.370749414 -0.971742272 10.086441994 0.080718532 -0.195960358 0.029727472 0.976831853
2078.000000 -0.375166714 -0.977340341 10.086268425 0.079966500 -0.195302799 0.030038521 0.977015853
2079.000000 -0.400832653 -0.952540755 10.102950096 0.081568331 -0.194204956 0.027571974 0.977174938
2080.000000 -0.403828502 -0.951410890 10.103026390 0.081790581 -0.193743616 0.027542673 0.977248788
2081.000000 -0.407935798 -0.953844905 10.105294228 0.080828167 -0.194603816 0.028055914 0.977143288
2082.000000 -0.399739057 -0.964311600 10.117403030 0.078047603 -0.196499974 0.026486663 0.977033675
2083.000000 -0.389756382 -0.979923129 10.119714737 0.075608678 -0.197938800 0.026366951 0.976938248
2084.000000 -0.401977122 -0.966646969 10.132458687 0.077788644 -0.195873946 0.025596956 0.977203786
2085.000000 -0.397836387 -0.958682418 10.139979362 0.079946019 -0.196605653 0.025820894 0.976876736
2086.000000 -0.392087698 -0.981413007 10.147172928 0.077914543 -0.196842864 0.026491571 0.976975143
2087.000000 -0.397243947 -0.971865773 10.147260666 0.080161884 -0.195380837 0.026919609 0.977075160
2088.000000 -0.405152559 -0.984875202 10.149743080 0.078428574 -0.193422794 0.029035540 0.977544606
2089.000000 -0.419801652 -0.992546737 10.160450935 0.077658102 -0.190346107 0.030979078 0.978150308
2090.000000 -0.393716216 -0.989754558 10.164592743 0.077842355 -0.193299189 0.030870311 0.977559805
2091.000000 -0.386449426 -0.993608415 10.186247826 0.078781255 -0.189989045 0.029108735 0.978187323
2092.000000 -0.383684635 -1.000340343 10.183784485 0.077634387 -0.190332621 0.029271867 0.978207350
2093.000000 -0.387730718 -0.998559177 10.186298370 0.078260072 -0.187131256 0.027541088 0.978825271
2094.000000 -0.385911822 -1.005601168 10.207172394 0.078272119 -0.179764405 0.023137219 0.980317831
2095.000000 -0.385759592 -1.002369046 10.208576202 0.078899063 -0.179790094 0.023231829 0.980260611
2096.000000 -0.421825767 -1.023552418 10.216545105 0.077634990 -0.161752269 0.024178224 0.983475685
2097.000000 -0.427003622 -1.019501328 10.219158173 0.078517780 -0.160847321 0.024414439 0.983548164
2098.000000 -0.418412596 -1.005511284 10.244778633 0.081606217 -0.144478038 0.024540063 0.985831797
2099.000000 -0.409097761 -1.036510468 10.257758141 0.077796213 -0.122495703 0.028214294 0.989012957
2100.000000 -0.455679089 -1.040905356 10.254199028 0.077870242 -0.115343817 0.032241214 0.989743710
2101.000000 -0.463162661 -1.035139918 10.271186829 0.079608351 -0.101303793 0.034788411 0.991054952
2102.000000 -0.455525368 -1.041746140 10.292966843 0.083933510 -0.079223558 0.044600181 0.992315352
2103.000000 -0.375575066 -1.001538754 10.253748894 0.088367358 -0.092067130 0.042227246 0.990924656
2104.000000 -0.440802157 -1.043267608 10.301098824 0.083419375 -0.063148618 0.049603704 0.993273914
2105.000000 -0.433854222 -1.022168756 10.289318085 0.086417206 -0.064742468 0.050454021 0.992872059
2106.000000 -0.412184000 -1.039763212 10.299806595 0.080912016 -0.055211660 0.053904664 0.993729949
2107.000000 -0.410140187 -1.036478281 10.297544479 0.081318930 -0.055627812 0.053781673 0.993680239
2108.000000 -0.409740180 -1.027961969 10.314398766 0.080249928 -0.043337177 0.054288927 0.994351387
2109.000000 -0.389128864 -1.032229304 10.305730820 0.078673072 -0.046639465 0.052833993 0.994406343
2110.000000 -0.389269471 -1.040442944 10.322143555 0.075065650 -0.036229938 0.055717908 0.994961321
2111.000000 -0.378559768 -1.037841916 10.318624496 0.075213827 -0.038066268 0.055087246 0.994916677
2112.000000 -0.381507546 -1.052719951 10.321587563 0.067836925 -0.024144780 0.054615121 0.995907843
2113.000000 -0.389288664 -1.052889824 10.323258400 0.067959905 -0.022929274 0.055033635 0.995905161
2114.000000 -0.379024744 -1.031917095 10.337815285 0.067720786 -0.010919489 0.056331683 0.996052921
2115.000000 -0.384384871 -1.031111121 10.341694832 0.068077497 -0.009908148 0.056440033 0.996033072
2116.000000 -0.378238201 -1.024276614 10.345388412 0.068414994 -0.003408383 0.055544298 0.996103764
2117.000000 -0.377672553 -1.030611992 10.360807419 0.064579494 0.011026265 0.057437342 0.996197224
2118.000000 -0.366302639 -1.022669673 10.358835220 0.065575317 0.009122296 0.056880470 0.996183395
2119.000000 -0.364850909 -1.012839913 10.373408318 0.070398718 0.022785518 0.058404531 0.995546997
2120.000000 -0.360635728 -1.009896994 10.374551773 0.071008831 0.022207635 0.058454227 0.995513797
2121.000000 -0.344663531 -1.009819508 10.381310463 0.069951691 0.031861048 0.057758018 0.995367110
2122.000000 -0.346913099 -1.024395704 10.384336472 0.067627020 0.032534339 0.057865854 0.995499790
2123.000000 -0.338375360 -1.042809963 10.386960983 0.061981037 0.044536974 0.053919908 0.995624185
2124.000000 -0.337097913 -1.043327689 10.387625694 0.061894037 0.044365790 0.053990945 0.995633364
2125.000000 -0.373479098 -1.017071724 10.414094925 0.065582700 0.066041157 0.057933051 0.993972480
2126.000000 -0.368895680 -1.015264630 10.413187027 0.065769427 0.065251708 0.057755250 0.994022608
2127.000000 -0.361824632 -1.010088205 10.422037125 0.067170419 0.069828928 0.060331360 0.993464768
2128.000000 -0.352891803 -1.004704118 10.431877136 0.069501951 0.077825837 0.061261371 0.992652833
2129.000000 -0.362080693 -1.026519537 10.433697701 0.065749913 0.079690538 0.061211195 0.992763579
2130.000000 -0.364990532 -1.030735493 10.449083328 0.065175027 0.088599816 0.060625903 0.992082119
2131.000000 -0.364332646 -1.027386904 10.448984146 0.065734349 0.088450894 0.060664818 0.992056072
2132.000000 -0.367097020 -1.029697418 10.459984779 0.070090160 0.101570584 0.058254011 0.990644932
2133.000000 -0.356355697 -1.033420801 10.456024170 0.069215328 0.099780992 0.057698261 0.990920782
2134.000000 -0.355885655 -1.044264197 10.462258339 0.070252977 0.112369932 0.060194530 0.989350438
2135.000000 -0.351247907 -1.045205593 10.460768700 0.070035957 0.111533254 0.060312837 0.989453256
2136.000000 -0.381601006 -1.057207227 10.467061043 0.068987057 0.123451829 0.062731974 0.987960100
2137.000000 -0.356334090 -1.041623712 10.472883224 0.070018761 0.133012891 0.065189853 0.986486375
2138.000000 -0.352336347 -1.039857149 10.471080780 0.070128351 0.132338136 0.064680919 0.986602783
2139.000000 -0.343752265 -1.045069218 10.480063438 0.069201931 0.135833696 0.067858189 0.985979497
2140.000000 -0.340149105 -1.043880105 10.487669945 0.070375219 0.143425927 0.067306928 0.984858513
2141.000000 -0.341610193 -1.043326855 10.487572670 0.070468970 0.143609241 0.067417175 0.984817505
2142.000000 -0.350497663 -1.045908332 10.496145248 0.067771181 0.152713478 0.067016438 0.983663857
2143.000000 -0.347805589 -1.044839382 10.495409012 0.067919716 0.152202055 0.066643752 0.983758211
2144.000000 -0.347038776 -1.050998688 10.505207062 0.066285446 0.161392912 0.065930307 0.982451975
2145.000000 -0.349352777 -1.049826145 10.508079529 0.066658370 0.161762208 0.065948442 0.982364774
2146.000000 -0.352038056 -1.051090956 10.505695343 0.065215930 0.167351142 0.066782691 0.981468678
2147.000000 -0.345801800 -1.057414532 10.511820793 0.062042672 0.171776652 0.067100190 0.980887890
2148.000000 -0.343335479 -1.052556276 10.525401115 0.061539691 0.179206401 0.069733225 0.979405582
2149.000000 -0.345980138 -1.044649720 10.526511192 0.062931970 0.179562315 0.070263766 0.979214013
2150.000000 -0.338203460 -1.048413038 10.537313461 0.063546427 0.185112521 0.073040739 0.977936804
2151.000000 -0.336725146 -1.047719359 10.537578583 0.063680306 0.184879929 0.072543114 0.978009164
2152.000000 -0.341709197 -1.057206869 10.547403336 0.061401974 0.193541169 0.073009498 0.976443172
2153.000000 -0.345144808 -1.049853921 10.547782898 0.062612489 0.193990096 0.072834633 0.976290286
2154.000000 -0.341902256 -0.987226963 10.580163956 0.074094184 0.200675339 0.079009108 0.973651409
2155.000000 -0.339460254 -0.987189531 10.580756187 0.074127674 0.200233296 0.079096682 0.973732769
2156.000000 -0.336137176 -0.989590287 10.588751793 0.074070133 0.201110244 0.082088076 0.973308682
2157.000000 -0.332747340 -0.992034614 10.596282959 0.073966660 0.200481713 0.084535174 0.973236799
2158.000000 -0.328194499 -0.991543710 10.611385345 0.074805170 0.201013207 0.081555486 0.973317385
2159.000000 -0.327263951 -0.991170049 10.611861229 0.074859187 0.200917929 0.081315570 0.973352909
2160.000000 -0.323771238 -0.992498577 10.626412392 0.077304408 0.203671902 0.079349637 0.972751439
2161.000000 -0.322398067 -0.992214501 10.626890182 0.077329703 0.203484684 0.079210825 0.972799957
2162.000000 -0.325652122 -0.994361103 10.636959076 0.079240069 0.206540033 0.080965087 0.971857429
2163.000000 -0.327248812 -0.994599283 10.636541367 0.079210907 0.206803411 0.081029363 0.971798480
2164.000000 -0.318183601 -0.999041736 10.649877548 0.075404465 0.200188413 0.082183294 0.973388255
2165.000000 -0.318087161 -0.998753428 10.649821281 0.075451821 0.200195625 0.082004830 0.973398209
2166.000000 -0.309320450 -1.000291586 10.663127899 0.076962709 0.189671263 0.079217665 0.975615799
2167.000000 -0.312598586 -1.000264645 10.662775993 0.076933354 0.190291747 0.079039261 0.975511789
2168.000000 -0.306429267 -1.003481507 10.672271729 0.078513242 0.177242726 0.077267110 0.977982879
2169.000000 -0.305934370 -1.002862930 10.673520088 0.078649640 0.177225411 0.076902762 0.978003800
2170.000000 -0.310204804 -1.001662850 10.678963661 0.078500688 0.165000498 0.071785085 0.980540395
2171.000000 -0.314052761 -1.001894236 10.678797722 0.078506067 0.165612981 0.071603484 0.980449975
2172.000000 -0.311019778 -1.005963326 10.683862686 0.072298393 0.150769860 0.069079876 0.983498573
2173.000000 -0.310221523 -1.005562425 10.685118675 0.072472863 0.150687277 0.068664163 0.983527482
2174.000000 -0.313095003 -1.000946164 10.685736656 0.071844570 0.144194826 0.067006007 0.984660566
2175.000000 -0.321072847 -0.985184491 10.696044922 0.072217740 0.132049590 0.069295987 0.986177266
2176.000000 -0.323989093 -0.986675501 10.696720123 0.071970880 0.132566214 0.069231860 0.986130536
2177.000000 -0.319994807 -0.988839984 10.705854416 0.070553213 0.118707918 0.071451135 0.987838805
2178.000000 -0.323916674 -0.990716934 10.708554268 0.070370130 0.119416669 0.071581133 0.987756968
2179.000000 -0.320990682 -0.989730120 10.705392838 0.068943731 0.100594968 0.073317796 0.989824235
2180.000000 -0.331556678 -0.987223089 10.710251808 0.069513671 0.102316327 0.073354304 0.989605188
2181.000000 -0.322490036 -0.986724854 10.713234901 0.064979590 0.081242099 0.068410471 0.992218435
2182.000000 -0.333892167 -0.981421769 10.720303535 0.066298537 0.083229467 0.068637267 0.991950810
2183.000000 -0.326805294 -0.990317583 10.720342636 0.065802068 0.063242495 0.064928249 0.993707657
2184.000000 -0.338003218 -0.985701561 10.724156380 0.066822283 0.065145731 0.065080188 0.993506670
2185.000000 -0.331873149 -0.993364692 10.727581978 0.067235447 0.045808442 0.063492522 0.994660616
2186.000000 -0.341032654 -0.981118798 10.733590126 0.069912113 0.047279157 0.064007729 0.994374216
2187.000000 -0.334032327 -0.995120108 10.732805252 0.068007872 0.029417278 0.061323434 0.995363772
2188.000000 -0.347551048 -0.930541933 10.751768112 0.080298856 0.031309672 0.061469786 0.994380891
2189.000000 -0.350882471 -0.991367519 10.744964600 0.069545440 0.018733347 0.058680709 0.995675206
2190.000000 -0.358128607 -0.983744740 10.749014854 0.071223244 0.019888241 0.058709804 0.995532513
2191.000000 -0.358618140 -0.988335371 10.753542900 0.070470370 0.015653176 0.056318022 0.995799780
2192.000000 -0.363601536 -0.980471432 10.764265060 0.073259950 0.005765145 0.054980516 0.995779574
2193.000000 -0.364728540 -0.984856009 10.763491631 0.072413266 0.006056986 0.055065151 0.995835125
2194.000000 -0.365966797 -0.992242694 10.771823883 0.074307166 -0.006141778 0.055969480 0.995644629
2195.000000 -0.367385060 -0.994969010 10.772642136 0.073947899 -0.005851059 0.056203857 0.995659888
2196.000000 -0.368872374 -0.986621678 10.778959274 0.076084040 -0.009332896 0.054431979 0.995570898
2197.000000 -0.375547081 -0.987885416 10.781988144 0.076235205 -0.010084239 0.053272121 0.995614707
2198.000000 -0.376188278 -0.991640329 10.788413048 0.077082589 -0.012608064 0.053600527 0.995503068
2199.000000 -0.378477812 -0.996310353 10.793797493 0.077294812 -0.015904339 0.052955132 0.995473921
2200.000000 -0.396251500 -0.968490124 10.812924385 0.084717348 -0.024538727 0.051823925 0.994753838
2201.000000 -0.398087084 -0.952652395 10.818751335 0.087653294 -0.024111455 0.051314313 0.994536281
2202.000000 -0.402836233 -0.976589024 10.821907997 0.086547025 -0.034400895 0.045980889 0.994591415
2203.000000 -0.399718404 -0.977223635 10.820321083 0.086282223 -0.034999102 0.045798052 0.994601905
2204.000000 -0.420860112 -0.984331071 10.834045410 0.087988019 -0.042820551 0.046018075 0.994136214
2205.000000 -0.420864165 -0.989251673 10.834608078 0.087169625 -0.042753737 0.046284799 0.994198799
2206.000000 -0.421337605 -0.993228197 10.835988998 0.086446419 -0.047910579 0.044788983 0.994095325
2207.000000 -0.416914076 -0.989886582 10.841096878 0.087503880 -0.058634054 0.042314138 0.993536472
2208.000000 -0.400298506 -0.985908747 10.838888168 0.087934151 -0.061620776 0.041607562 0.993347526
2209.000000 -0.412507296 -0.996464610 10.840814590 0.084511369 -0.067235030 0.039017834 0.993385613
2210.000000 -0.415912896 -0.999854445 10.842279434 0.084037505 -0.066498145 0.039301243 0.993464172
2211.000000 -0.434030235 -1.010546088 10.850284576 0.082647532 -0.071015723 0.041661557 0.993171930
2212.000000 -0.435442448 -1.013369322 10.852070808 0.082210489 -0.070643492 0.041957922 0.993222237
2213.000000 -0.433976591 -1.000777006 10.858813286 0.083390675 -0.078337342 0.040159151 0.992621124
2214.000000 -0.430999041 -1.004592538 10.858504295 0.082587883 -0.078806393 0.039745446 0.992667675
2215.000000 -0.424564362 -0.998808146 10.862935066 0.082718082 -0.088636756 0.038991746 0.991857350
2216.000000 -0.418231398 -0.998862445 10.862316132 0.082580656 -0.089787684 0.038886975 0.991769314
2217.000000 -0.424200028 -1.012406468 10.869831085 0.078508124 -0.093775086 0.035368443 0.991862774
2218.000000 -0.425407708 -1.013025045 10.870990753 0.078483559 -0.093538113 0.035667423 0.991876423
2219.000000 -0.437302351 -1.007118821 10.880423546 0.078242831 -0.098489612 0.037125424 0.991362512
2220.000000 -0.438930452 -0.993214607 10.886412621 0.081017688 -0.098121993 0.036506504 0.991199076
2221.000000 -0.437227577 -0.997256219 10.900189400 0.080457367 -0.105374679 0.032545056 0.990638018
2222.000000 -0.434487522 -1.000099778 10.900084496 0.079869173 -0.105808824 0.032526288 0.990639925
2223.000000 -0.425465226 -1.004083753 10.907063484 0.081323005 -0.112385802 0.028618259 0.989917755
2224.000000 -0.426130265 -1.007452607 10.907491684 0.080697872 -0.112196140 0.028853640 0.989983559
2225.000000 -0.446340442 -1.024274707 10.919924736 0.082553267 -0.107405797 0.029352436 0.990347147
2226.000000 -0.445230454 -1.025813222 10.920567513 0.082258187 -0.107598849 0.029310288 0.990351975
2227.000000 -0.424401343 -1.019124269 10.935966492 0.087405391 -0.110588104 0.027176287 0.989642382
2228.000000 -0.445656180 -1.039725900 10.931717873 0.083637044 -0.106338836 0.028672721 0.990391254
2229.000000 -0.433507830 -1.016432524 10.943156242 0.089505345 -0.108508758 0.027956434 0.989663184
2230.000000 -0.433301061 -1.018755555 10.958198547 0.092207827 -0.112547964 0.030167978 0.988898635
2231.000000 -0.413478047 -1.009335876 10.959983826 0.093738198 -0.116512217 0.029659094 0.988310933
2232.000000 -0.406906724 -1.011581182 10.962659836 0.093670681 -0.117199697 0.026869325 0.988315821
2233.000000 -0.383143902 -1.019189119 10.969856262 0.089566328 -0.112627260 0.024257174 0.989295065
2234.000000 -0.385202050 -1.021384954 10.968244553 0.089097388 -0.112145953 0.023956923 0.989399374
2235.000000 -0.400900573 -1.021297336 10.979093552 0.088751055 -0.104628779 0.026368745 0.990192294
2236.000000 -0.403986156 -1.004793525 11.004021645 0.092689931 -0.101208739 0.034148119 0.989949167
2237.000000 -0.406039804 -1.006832123 11.004770279 0.092370778 -0.100722753 0.034296490 0.990023434
2238.000000 -0.411515355 -1.029175520 11.011758804 0.088049442 -0.101283342 0.033605538 0.990383625
2239.000000 -0.409990460 -1.034302950 11.010491371 0.086899608 -0.101462655 0.033401020 0.990473747
2240.000000 -0.413855702 -1.039072514 11.025548935 0.087681256 -0.095822081 0.030151423 0.991070628
2241.000000 -0.416676164 -1.037002802 11.025977135 0.088175654 -0.095239140 0.030165033 0.991082609
2242.000000 -0.401197612 -1.029074430 11.032072067 0.092208393 -0.090601906 0.031125385 0.991120636
2243.000000 -0.407348573 -1.031307459 11.032382965 0.091795735 -0.089389659 0.031392440 0.991260588
2244.000000 -0.385456949 -1.022043467 11.041980743 0.091589719 -0.084411807 0.032908786 0.991666794
2245.000000 -0.396077633 -1.028836846 11.041917801 0.090221681 -0.082139894 0.033343773 0.991968453
2246.000000 -0.387089729 -1.048513770 11.044386864 0.085289411 -0.074362338 0.036209982 0.992917299
2247.000000 -0.391182542 -1.025348067 11.054719925 0.090705559 -0.073842712 0.036442261 0.992467523
2248.000000 -0.364340961 -1.049099565 11.041889191 0.081407897 -0.064724818 0.037715334 0.993861675
2249.000000 -0.367930144 -1.048590064 11.043476105 0.081604771 -0.063843153 0.038184606 0.993884683
2250.000000 -0.378311574 -1.059580088 11.056962967 0.075716615 -0.048901860 0.042579517 0.995018959
2251.000000 -0.388651252 -1.045600653 11.062754631 0.079090424 -0.046859585 0.042550832 0.994856000
2252.000000 -0.385753006 -1.042902827 11.075617790 0.078329459 -0.036860015 0.045529723 0.995204985
2253.000000 -0.387928784 -1.042020559 11.076107025 0.078471750 -0.036393028 0.045279726 0.995222390
2254.000000 -0.365391314 -1.057581186 11.079744339 0.073753431 -0.026538968 0.045039028 0.995905459
2255.000000 -0.359686852 -1.051428556 11.080172539 0.075013109 -0.027624270 0.045140609 0.995777249
2256.000000 -0.362507969 -1.059635758 11.093427658 0.070543706 -0.015799932 0.049952812 0.996131897
2257.000000 -0.360053092 -1.081071258 11.104622841 0.064535208 -0.003667455 0.053316697 0.996483445
2258.000000 -0.363689721 -1.083501935 11.106378555 0.064057894 -0.002817317 0.053166784 0.996524930
2259.000000 -0.356704593 -1.096382618 11.106559753 0.060912687 0.002328542 0.053365044 0.996712804
2260.000000 -0.359874815 -1.113682508 11.110083580 0.058184858 0.010438644 0.055154011 0.996726453
2261.000000 -0.361427873 -1.094906688 11.125380516 0.061826807 0.024851410 0.056326956 0.996186316
2262.000000 -0.364520490 -1.090912104 11.127392769 0.062629893 0.025495861 0.055983368 0.996139288
2263.000000 -0.362368375 -1.087458730 11.142534256 0.062446475 0.038369507 0.057805736 0.995633900
2264.000000 -0.361568272 -1.090038657 11.142954826 0.061948050 0.038286123 0.057906877 0.995662332
2265.000000 -0.359405756 -1.077228189 11.150039673 0.064634375 0.042826470 0.059427988 0.995216906
2266.000000 -0.353223145 -1.084409118 11.154410362 0.062522277 0.047434911 0.061291821 0.995029807
2267.000000 -0.363823116 -1.096060157 11.168708801 0.059793890 0.063349053 0.064522557 0.994106889
2268.000000 -0.367427081 -1.095655441 11.171145439 0.059996244 0.064146116 0.064722255 0.994030595
2269.000000 -0.352915108 -1.096577525 11.174208641 0.057652943 0.074424952 0.065936416 0.993372858
2270.000000 -0.358899981 -1.084132314 11.181818008 0.060515285 0.075840257 0.065790951 0.993105114
2271.000000 -0.345190346 -1.102566123 11.184156418 0.053932667 0.090559050 0.065113880 0.992295623
2272.000000 -0.353837907 -1.109580159 11.190026283 0.052790727 0.092829973 0.065743707 0.992105603
2273.000000 -0.368359238 -1.095063329 11.208645821 0.057104703 0.104800418 0.067142501 0.990579545
2274.000000 -0.368089855 -1.094305158 11.218142509 0.060216852 0.120339058 0.069834508 0.988441050
2275.000000 -0.368435800 -1.110129118 11.217776299 0.056811485 0.120712653 0.069895335 0.988592744
2276.000000 -0.370697021 -1.093430519 11.227643013 0.060935486 0.134058759 0.071759224 0.986491680
2277.000000 -0.374003947 -1.089662313 11.233344078 0.061864614 0.134987772 0.071489781 0.986326694
2278.000000 -0.372771740 -1.094243765 11.236423492 0.061138839 0.140872031 0.071740590 0.985530496
2279.000000 -0.365374744 -1.082161784 11.236124039 0.063925944 0.144458398 0.072704434 0.984763622
2280.000000 -0.368582934 -1.083500028 11.243000984 0.062859870 0.150724232 0.072969235 0.983873188
2281.000000 -0.379138082 -1.070670128 11.259366989 0.064362481 0.163167283 0.070132792 0.981995642
2282.000000 -0.378766090 -1.068570733 11.260591507 0.064892754 0.163047552 0.070223041 0.981974125
2283.000000 -0.376601994 -1.075099945 11.265513420 0.062868938 0.167203397 0.069323979 0.981470704
2284.000000 -0.382845521 -1.101251841 11.269799232 0.057546593 0.173915789 0.069482535 0.980619133
2285.000000 -0.373855919 -1.107280374 11.269818306 0.055825315 0.183231622 0.068867661 0.979064405
2286.000000 -0.370229602 -1.104765773 11.268503189 0.056367241 0.182303429 0.069063261 0.979192793
2287.000000 -0.374717295 -1.092318535 11.283371925 0.058568142 0.193745837 0.071025021 0.976723015
2288.000000 -0.377597272 -1.089085460 11.286984444 0.059481055 0.194411039 0.071309127 0.976514935
2289.000000 -0.392427981 -1.100614548 11.307549477 0.056797020 0.205082536 0.071802460 0.974453568
2290.000000 -0.391347587 -1.100465536 11.307474136 0.056847420 0.204843149 0.071870416 0.974495947
2291.000000 -0.389721513 -1.103290081 11.317621231 0.055813439 0.209502593 0.073976979 0.973406911
2292.000000 -0.386732817 -1.100777030 11.319642067 0.056329437 0.209152028 0.073636323 0.973478377
2293.000000 -0.386224329 -1.102518439 11.331576347 0.057036944 0.216023356 0.075943530 0.971757829
2294.000000 -0.385572016 -1.102578282 11.331377983 0.057019886 0.215865105 0.075924732 0.971795499
2295.000000 -0.381011963 -1.103573799 11.346127510 0.060867947 0.220649257 0.081373185 0.970045090
2296.000000 -0.381012201 -1.099982500 11.345707893 0.061579593 0.220473364 0.081284948 0.970047534
2297.000000 -0.381447852 -1.101379156 11.349901199 0.063273378 0.223203391 0.083843611 0.969096005
2298.000000 -0.380671442 -1.101726413 11.355555534 0.062861137 0.224921957 0.085840449 0.968550563
2299.000000 -0.378068209 -1.104247689 11.360970497 0.061450608 0.226068601 0.085290305 0.968422711
2300.000000 -0.375354350 -1.098225236 11.366497993 0.061722834 0.227522269 0.083263099 0.968241334
2301.000000 -0.369489312 -1.110126972 11.380524635 0.059875190 0.235202760 0.080695204 0.966738343
2302.000000 -0.368130445 -1.109704614 11.379722595 0.059950203 0.234833330 0.080710791 0.966822147
2303.000000 -0.366593003 -1.104045510 11.391130447 0.061762229 0.243199870 0.085131429 0.964257240
2304.000000 -0.365550816 -1.103680611 11.391344070 0.061852925 0.243009254 0.085089028 0.964303255
2305.000000 -0.364969194 -1.103724003 11.401976585 0.065118521 0.241710976 0.090244070 0.963945806
2306.000000 -0.365299821 -1.103235841 11.402329445 0.065256104 0.241809964 0.090277642 0.963908553
2307.000000 -0.356586039 -0.989142239 11.427416801 0.089733578 0.223233223 0.091229126 0.966329157
2308.000000 -0.358168066 -0.991826773 11.426612854 0.089218870 0.223582014 0.091410808 0.966279089
2309.000000 -0.369580626 -0.986513257 11.454014778 0.090902023 0.203136846 0.085766919 0.971141815
2310.000000 -0.358675838 -1.002493143 11.432517052 0.086121097 0.199834883 0.085075118 0.972322702
2311.000000 -0.358668745 -1.006816268 11.443623543 0.084585644 0.179156557 0.077803507 0.977084875
2312.000000 -0.353152484 -1.013623595 11.429104805 0.082414351 0.177007034 0.077859044 0.977657676
2313.000000 -0.347265393 -1.017475724 11.437313080 0.079205878 0.155275315 0.071259245 0.982109010
2314.000000 -0.343643874 -1.023578644 11.427166939 0.077592678 0.153837293 0.071619727 0.982437849
2315.000000 -0.346529216 -1.000780344 11.438853264 0.082604155 0.143395245 0.069440000 0.983764529
2316.000000 -0.355592847 -1.026892900 11.453457832 0.076470345 0.125446841 0.061802927 0.987216234
2317.000000 -0.360852450 -1.022175789 11.467458725 0.078192964 0.127848700 0.061927248 0.986765206
2318.000000 -0.346947849 -1.019147396 11.454114914 0.076346643 0.105250739 0.056807186 0.989882052
2319.000000 -0.346813828 -1.023847580 11.453423500 0.075329617 0.105359212 0.056965858 0.989939272
2320.000000 -0.350953370 -1.029739261 11.466520309 0.074491777 0.091627091 0.056678183 0.991384387
2321.000000 -0.351836801 -1.037332416 11.465991974 0.072579987 0.092054255 0.056606136 0.991490781
2322.000000 -0.350170732 -1.047004461 11.469056129 0.071106456 0.084641434 0.056122523 0.992285192
2323.000000 -0.348780364 -1.043110728 11.468960762 0.074080668 0.068887807 0.053661872 0.993421853
2324.000000 -0.386708558 -1.014246345 11.488389969 0.081602260 0.078228876 0.052751485 0.992188871
2325.000000 -0.380558431 -1.010133982 11.492897034 0.083211854 0.069604293 0.051559381 0.992760181
2326.000000 -0.375852406 -1.017831445 11.511345863 0.085304171 0.052206405 0.053619545 0.993540466
2327.000000 -0.379181772 -1.020330429 11.511209488 0.084738739 0.052986905 0.053741504 0.993540943
2328.000000 -0.381253183 -1.012689710 11.516961098 0.087516025 0.042111982 0.052656006 0.993878722
2329.000000 -0.377417445 -1.003460407 11.524021149 0.088778362 0.018773140 0.045760646 0.994822621
2330.000000 -0.367706001 -0.985281467 11.514800072 0.092519164 0.015562749 0.044816501 0.994580090
2331.000000 -0.363695562 -1.000835896 11.514842987 0.088314436 0.003660412 0.042878129 0.995162666
2332.000000 -0.361940920 -0.998343945 11.518611908 0.089069247 -0.005920387 0.041016109 0.995162964
2333.000000 -0.373018891 -1.031929016 11.526367188 0.082721896 -0.016797235 0.041553613 0.995564342
2334.000000 -0.389255077 -1.044308782 11.533072472 0.080350213 -0.012349476 0.043502335 0.995740414
2335.000000 -0.386445731 -1.049570203 11.540502548 0.079860061 -0.023251517 0.037143037 0.995842457
2336.000000 -0.376342267 -1.061133742 11.535732269 0.076740891 -0.025689721 0.037535693 0.996013105
2337.000000 -0.373869896 -1.077902794 11.533757210 0.072803706 -0.028092502 0.034383748 0.996357501
2338.000000 -0.385999233 -1.064935207 11.544530869 0.076887384 -0.026710875 0.034231827 0.996093929
2339.000000 -0.367912829 -1.085293889 11.544618607 0.068379939 -0.034073267 0.033747077 0.996506095
2340.000000 -0.388328075 -1.060542226 11.555360794 0.075388558 -0.028807988 0.033466093 0.996176064
2341.000000 -0.401238799 -1.055257201 11.570469856 0.076415271 -0.025457533 0.029076209 0.996326864
2342.000000 -0.392496705 -1.064730287 11.568611145 0.073761851 -0.027572583 0.028892638 0.996475935
2343.000000 -0.411224663 -1.046113849 11.582647324 0.076944351 -0.032610014 0.029597614 0.996062338
2344.000000 -0.416389167 -1.041014075 11.583869934 0.078434221 -0.031236978 0.029716417 0.995986640
2345.000000 -0.433563948 -1.066354752 11.592410088 0.071485311 -0.038751461 0.030580154 0.996219397
2346.000000 -0.427867621 -1.065725446 11.592659950 0.071663342 -0.040226184 0.030612305 0.996147156
2347.000000 -0.419613034 -1.055119872 11.602881432 0.074707612 -0.053616602 0.029193340 0.995335042
2348.000000 -0.415850490 -1.059886456 11.601546288 0.073383816 -0.054585237 0.029373504 0.995375574
2349.000000 -0.436589062 -1.074713707 11.611201286 0.073942378 -0.058779873 0.030069450 0.995074570
2350.000000 -0.435118020 -1.071011186 11.611469269 0.074864015 -0.059154700 0.029736878 0.994993448
2351.000000 -0.422643960 -1.044574261 11.622918129 0.085612863 -0.069423474 0.023328146 0.993633032
2352.000000 -0.415716618 -1.043324709 11.623394966 0.085856900 -0.071164876 0.023039905 0.993495524
2353.000000 -0.424248099 -1.064270735 11.621709824 0.081715427 -0.070495211 0.021630432 0.993924141
2354.000000 -0.433549076 -1.063999772 11.627147675 0.083513506 -0.070812613 0.022753103 0.993727028
2355.000000 -0.425228328 -1.069139004 11.627297401 0.082301527 -0.076129325 0.022882897 0.993432045
2356.000000 -0.431042045 -1.068332791 11.631853104 0.082209051 -0.076605588 0.022613378 0.993409276
2357.000000 -0.445708662 -1.071328878 11.635990143 0.081470929 -0.075609155 0.023648454 0.993522286
2358.000000 -0.442759126 -1.063013196 11.641572952 0.084053084 -0.080105476 0.024505151 0.992933929
2359.000000 -0.434168190 -1.063871384 11.648601532 0.081595935 -0.086630329 0.022818720 0.992631197
2360.000000 -0.434773356 -1.065656900 11.648848534 0.081220001 -0.086399034 0.022969581 0.992678702
2361.000000 -0.440975457 -1.070769906 11.658870697 0.079319209 -0.087987758 0.024960754 0.992644787
2362.000000 -0.440150440 -1.070967674 11.658755302 0.079302020 -0.088172384 0.025175476 0.992624342
2363.000000 -0.432023525 -1.072346568 11.663547516 0.078457251 -0.091272987 0.025407240 0.992405295
2364.000000 -0.433844805 -1.065809965 11.677397728 0.080961406 -0.092831820 0.026596915 0.992028356
2365.000000 -0.431150913 -1.048318028 11.680937767 0.085869834 -0.093782507 0.026671570 0.991524041
2366.000000 -0.423238933 -1.052626729 11.690948486 0.086522572 -0.097664952 0.025634488 0.991119683
2367.000000 -0.404203892 -1.070615649 11.689046860 0.081529364 -0.102672145 0.026344731 0.991018355
2368.000000 -0.396511465 -1.078575730 11.697171211 0.081421226 -0.103418045 0.024089484 0.991007090
2369.000000 -0.397546232 -1.075189114 11.697833061 0.082498468 -0.103100523 0.024138751 0.990949869
2370.000000 -0.422886193 -1.057389617 11.707185745 0.089750476 -0.095818847 0.025069345 0.991027296
2371.000000 -0.431476682 -1.052397847 11.715605736 0.092856936 -0.093370788 0.026892204 0.990927041
2372.000000 -0.414637715 -1.062384844 11.716650963 0.090167053 -0.097945884 0.027752222 0.990710080
2373.000000 -0.403662682 -1.067807674 11.725753784 0.089002661 -0.099860974 0.029099418 0.990585446
2374.000000 -0.402250230 -1.066228151 11.725989342 0.089433685 -0.100244127 0.029007567 0.990510643
2375.000000 -0.398421437 -1.057017088 11.730492592 0.092677951 -0.100657880 0.029743887 0.990148544
2376.000000 -0.387239754 -1.049459934 11.737335205 0.095312476 -0.101628281 0.027690329 0.989858866
2377.000000 -0.396117806 -1.046238422 11.744161606 0.097200036 -0.095460847 0.026805565 0.990313530
2378.000000 -0.405490279 -1.076429248 11.743229866 0.090025812 -0.088737123 0.031445604 0.991479874
2379.000000 -0.407943457 -1.063374519 11.745256424 0.093777299 -0.088130727 0.030700896 0.991209507
2380.000000 -0.410031736 -1.065712571 11.744269371 0.092351869 -0.087982610 0.031785712 0.991322339
2381.000000 -0.394458205 -1.065789342 11.752540588 0.088221192 -0.093218848 0.030943226 0.991246581
2382.000000 -0.393615603 -1.068459272 11.751568794 0.087396652 -0.093403511 0.031111350 0.991297007
2383.000000 -0.406933039 -1.057406425 11.760064125 0.088516414 -0.090172067 0.032483075 0.991452813
2384.000000 -0.407848060 -1.057431340 11.759953499 0.088481203 -0.089875132 0.032428958 0.991484702
2385.000000 -0.389739037 -1.060027242 11.766629219 0.088091440 -0.095201544 0.031512424 0.991051733
2386.000000 -0.389798939 -1.061295748 11.766412735 0.087743290 -0.095157690 0.031596106 0.991084218
2387.000000 -0.400855273 -1.054002404 11.776742935 0.090576835 -0.091944002 0.029268354 0.991204083
2388.000000 -0.399794817 -1.052489400 11.777034760 0.091002233 -0.092222765 0.029045407 0.991145790
2389.000000 -0.400671065 -1.066988230 11.776951790 0.088014781 -0.091285661 0.028811293 0.991509080
2390.000000 -0.394439250 -1.055849075 11.783803940 0.091999277 -0.091638058 0.027330505 0.991156757
2391.000000 -0.392730206 -1.066462040 11.780855179 0.088775568 -0.092039756 0.027701156 0.991403162
2392.000000 -0.395678014 -1.067569494 11.785341263 0.089373954 -0.090188526 0.026259409 0.991558790
2393.000000 -0.397680938 -1.065876961 11.785761833 0.089987844 -0.089641914 0.026361169 0.991550148
2394.000000 -0.392596483 -1.069720030 11.792037964 0.090715736 -0.089850485 0.024535039 0.991511822
2395.000000 -0.389103651 -1.068232179 11.791416168 0.091064945 -0.090897769 0.024363553 0.991388559
2396.000000 -0.391052276 -1.072973490 11.797060966 0.092400283 -0.088564038 0.023915932 0.991487086
2397.000000 -0.389751464 -1.070879340 11.797046661 0.092986546 -0.088963427 0.023770297 0.991400003
2398.000000 -0.395978332 -1.065090895 11.799176216 0.095656894 -0.086889826 0.026397219 0.991263449
2399.000000 -0.394735366 -1.066453695 11.799260139 0.095248312 -0.087237619 0.026497973 0.991269588
2400.000000 -0.403367311 -1.072251558 11.798895836 0.093957119 -0.085543022 0.028000470 0.991499126
2401.000000 -0.403245091 -1.058465719 11.804322243 0.098589770 -0.087181360 0.028119696 0.990903020
2402.000000 -0.394030422 -1.064703941 11.803136826 0.096598715 -0.089829177 0.028530674 0.990850925
2403.000000 -0.403182298 -1.071677923 11.806478500 0.094428577 -0.090238281 0.031798899 0.990923464
2404.000000 -0.402630031 -1.071180224 11.806553841 0.094612539 -0.090343013 0.031721771 0.990898788
2405.000000 -0.399252027 -1.077831864 11.808330536 0.093213581 -0.095420770 0.034313168 0.990468919
2406.000000 -0.399307072 -1.075676084 11.808376312 0.093876816 -0.095382072 0.034407992 0.990406752
2407.000000 -0.415196568 -1.077764034 11.810434341 0.093575552 -0.091951445 0.034325439 0.990762532
2408.000000 -0.407935023 -1.068948627 11.816372871 0.095933512 -0.094632372 0.032992151 0.990329742
2409.000000 -0.395295292 -1.065580726 11.819849968 0.099396840 -0.098566175 0.035311878 0.989524186
2410.000000 -0.406292975 -1.068310618 11.818690300 0.098753452 -0.095356405 0.035414334 0.989899337
2411.000000 -0.398085326 -1.064449787 11.825140953 0.097244531 -0.096570037 0.033507016 0.989997447
2412.000000 -0.398482502 -1.064849973 11.825249672 0.097171523 -0.096410096 0.033552852 0.990018725
2413.000000 -0.405454606 -1.077831149 11.828491211 0.092331350 -0.090647988 0.033005401 0.991044223
2414.000000 -0.405720741 -1.077699661 11.828756332 0.092323944 -0.090561956 0.032975487 0.991053700
2415.000000 -0.401499987 -1.063930631 11.837474823 0.093403921 -0.084423549 0.032105491 0.991522908
2416.000000 -0.402301699 -1.062277198 11.838533401 0.093941279 -0.084160462 0.032098927 0.991494656
2417.000000 -0.390010476 -1.074553370 11.841101646 0.088953689 -0.082889952 0.031122712 0.992092729
2418.000000 -0.393715054 -1.062654853 11.849772453 0.093223691 -0.075753570 0.030860461 0.992279410
2419.000000 -0.400359690 -1.061970472 11.859130859 0.094716825 -0.063271530 0.033080701 0.992940664
2420.000000 -0.393524081 -1.054960489 11.862204552 0.097114928 -0.065363929 0.033162214 0.992570639
2421.000000 -0.395965576 -1.059269667 11.871196747 0.095651694 -0.057265215 0.035856567 0.993119240
2422.000000 -0.415066868 -1.063283443 11.880366325 0.096928418 -0.045400336 0.039288301 0.993478835
2423.000000 -0.413954884 -1.067864299 11.880062103 0.095443137 -0.045626201 0.039127678 0.993618608
2424.000000 -0.413689673 -1.083644271 11.887485504 0.093335919 -0.039863221 0.043820884 0.993870795
2425.000000 -0.421002775 -1.079051733 11.888549805 0.094866306 -0.037511576 0.043583449 0.993827820
2426.000000 -0.429566085 -1.082445145 11.897292137 0.095731057 -0.031937309 0.045708593 0.993844211
2427.000000 -0.429861128 -1.082547665 11.897548676 0.095692612 -0.031774100 0.045717657 0.993852735
2428.000000 -0.434647739 -1.081796765 11.907372475 0.096519709 -0.028328473 0.046431620 0.993843853
2429.000000 -0.434464216 -1.080808401 11.908036232 0.096839607 -0.028300110 0.046486475 0.993811011
2430.000000 -0.434629798 -1.073777199 11.916751862 0.099777997 -0.027233314 0.046876028 0.993531764
2431.000000 -0.432557017 -1.079809427 11.919377327 0.097988449 -0.026447119 0.047327928 0.993709683
2432.000000 -0.435762137 -1.086078525 11.929268837 0.097565040 -0.021020046 0.048057638 0.993845940
2433.000000 -0.437395841 -1.084671378 11.930541039 0.098078899 -0.020445930 0.048285753 0.993796289
2434.000000 -0.439541638 -1.091800690 11.944104195 0.098188072 -0.012292627 0.050493918 0.993810058
2435.000000 -0.437399864 -1.089495182 11.944537163 0.098871641 -0.012974466 0.050389498 0.993738890
2436.000000 -0.437348843 -1.088212132 11.945227623 0.099338286 -0.012958593 0.050398011 0.993692100
2437.000000 -0.440891385 -1.082302570 11.957554817 0.101357125 -0.004197367 0.052295592 0.993465841
2438.000000 -0.442946553 -1.081092954 11.958677292 0.101752207 -0.003491729 0.052102797 0.993438303
2439.000000 -0.444802761 -1.091637969 11.966272354 0.099598713 0.005082820 0.054209720 0.993536949
2440.000000 -0.444134563 -1.092218995 11.966216087 0.099428602 0.004923143 0.054264765 0.993551731
2441.000000 -0.448203653 -1.097456932 11.973728180 0.099259801 0.012907907 0.056596711 0.993366897
2442.000000 -0.447413683 -1.099317551 11.973562241 0.098717265 0.012695718 0.056745894 0.993415177
2443.000000 -0.446748823 -1.089129567 11.983440399 0.100692160 0.019017760 0.056968395 0.993103266
2444.000000 -0.446969748 -1.088874817 11.983992577 0.100810125 0.019164611 0.057030987 0.993084908
2445.000000 -0.451368600 -1.105871916 11.987327576 0.093806595 0.031284623 0.057130970 0.993457437
2446.000000 -0.450419575 -1.105822444 11.987869263 0.093815096 0.030999236 0.056979291 0.993474305
2447.000000 -0.452267647 -1.102118492 11.992946625 0.093509853 0.036909081 0.059915546 0.993128300
2448.000000 -0.455732882 -1.104630828 12.000324249 0.093997113 0.044925451 0.064311795 0.992476881
2449.000000 -0.456164241 -1.104463339 12.000946045 0.094091132 0.045118015 0.064260378 0.992462575
2450.000000 -0.454970479 -1.107932448 12.006705284 0.093402453 0.050584238 0.063131407 0.992336452
2451.000000 -0.455278158 -1.105991602 12.007518768 0.094029807 0.050671507 0.063129619 0.992272913
2452.000000 -0.459553421 -1.117329836 12.015236855 0.090804912 0.059732877 0.062978335 0.992078722
2453.000000 -0.459984243 -1.115857244 12.016086578 0.091292001 0.059923828 0.062823579 0.992032349
2454.000000 -0.459566832 -1.115097880 12.024278641 0.094010480 0.067704082 0.063771404 0.991217136
2455.000000 -0.459802151 -1.114865661 12.024733543 0.094104856 0.067799494 0.063705035 0.991205990
2456.000000 -0.461276352 -1.122129083 12.028010368 0.091646284 0.074038260 0.064706922 0.990925014
2457.000000 -0.461795390 -1.121348023 12.028903008 0.091980010 0.074248239 0.064857237 0.990868568
2458.000000 -0.463337064 -1.117791176 12.033745766 0.093520649 0.077435993 0.064705849 0.990490198
2459.000000 -0.462969542 -1.120096207 12.035847664 0.092370376 0.079564229 0.065441296 0.990381122
2460.000000 -0.457353354 -1.111745477 12.039669037 0.094573803 0.078792363 0.066375680 0.990172684
2461.000000 -0.453959763 -1.105477095 12.045825958 0.096088052 0.079054765 0.066878498 0.989972115
2462.000000 -0.461621433 -1.134425044 12.049509048 0.084847920 0.086001925 0.066970266 0.990413785
2463.000000 -0.461073577 -1.134297013 12.049527168 0.084869161 0.085876539 0.066991299 0.990421534
2464.000000 -0.454834938 -1.119970679 12.059542656 0.090421155 0.086636938 0.068363465 0.989769995
2465.000000 -0.453800142 -1.119934797 12.060096741 0.090507053 0.086336948 0.068540454 0.989776015
2466.000000 -0.450860798 -1.124883771 12.071052551 0.088326439 0.091635540 0.066174522 0.989657700
2467.000000 -0.450549304 -1.123728752 12.071573257 0.088713013 0.091582984 0.066134758 0.989630640
2468.000000 -0.447734445 -1.128390789 12.073513985 0.087473497 0.094947562 0.065677188 0.989454389
2469.000000 -0.446925938 -1.133521795 12.078205109 0.086334065 0.100090250 0.066062555 0.989021838
2470.000000 -0.444251835 -1.135596871 12.076440811 0.084848657 0.103034668 0.067560956 0.988746762
2471.000000 -0.443333268 -1.143083334 12.080766678 0.080836356 0.106197022 0.068350725 0.988694012
2472.000000 -0.447523296 -1.136642814 12.092408180 0.084454462 0.110560194 0.069114387 0.987859845
2473.000000 -0.440938473 -1.149452686 12.088239670 0.080504030 0.111023635 0.068702511 0.988166451
2474.000000 -0.447138071 -1.172960043 12.106950760 0.073689729 0.123985246 0.069618285 0.987092137
2475.000000 -0.439477354 -1.149661899 12.107280731 0.082323544 0.120436050 0.069158398 0.986881554
2476.000000 -0.432183146 -1.150498867 12.104156494 0.083303496 0.123506889 0.070844769 0.986299992
2477.000000 -0.444704473 -1.172867417 12.112742424 0.077174008 0.134647116 0.072722614 0.985203445
2478.000000 -0.443664074 -1.189416766 12.124689102 0.071375079 0.150888354 0.075263076 0.983094037
2479.000000 -0.437977970 -1.183964252 12.120784760 0.072831132 0.148587614 0.075138249 0.983347178
2480.000000 -0.438676864 -1.182220578 12.125957489 0.073010497 0.157067940 0.076753259 0.981890082
2481.000000 -0.434900671 -1.182679415 12.128911972 0.071879126 0.164638862 0.078892976 0.980562866
2482.000000 -0.432873070 -1.169311047 12.139548302 0.076875389 0.178290099 0.081704386 0.977561891
2483.000000 -0.432075918 -1.168867826 12.139328003 0.076956473 0.178021282 0.081482224 0.977623105
2484.000000 -0.429895937 -1.175019503 12.148092270 0.075447202 0.189884573 0.081570566 0.975498736
2485.000000 -0.428260505 -1.172760487 12.147941589 0.076253794 0.189236045 0.081534013 0.975565135
2486.000000 -0.425814092 -1.169925928 12.156305313 0.076842099 0.200070292 0.082848117 0.973243773
2487.000000 -0.426061451 -1.169717550 12.157483101 0.077074304 0.200200990 0.082909383 0.973193347
2488.000000 -0.422920346 -1.169715405 12.158974648 0.077305295 0.204022154 0.084210798 0.972269237
2489.000000 -0.425169170 -1.169496894 12.169137001 0.078252323 0.210275471 0.085611075 0.970737636
2490.000000 -0.421938419 -1.171134830 12.170222282 0.077495113 0.213870972 0.086149059 0.969965041
2491.000000 -0.420541406 -1.165263653 12.182627678 0.080490768 0.222870782 0.084707536 0.967819452
2492.000000 -0.419953704 -1.165273547 12.182476044 0.080469310 0.222652361 0.084659301 0.967875779
2493.000000 -0.416512132 -1.174934506 12.192346573 0.078491896 0.232966259 0.083962984 0.965668738
2494.000000 -0.415892601 -1.173748970 12.192261696 0.078823484 0.232655913 0.083889194 0.965722919
2495.000000 -0.411505222 -1.176751137 12.196859360 0.079420105 0.243778437 0.083864078 0.962928593
2496.000000 -0.410380960 -1.175578475 12.196309090 0.079822548 0.243226022 0.083884574 0.963033140
2497.000000 -0.406255484 -1.176756144 12.203737259 0.080984287 0.254407078 0.086851038 0.959778905
2498.000000 -0.405866385 -1.176256657 12.205217361 0.081186891 0.254463524 0.086736321 0.959757209
2499.000000 -0.404526234 -1.182717323 12.216108322 0.080490500 0.268537432 0.088440180 0.955817640
2500.000000 -0.403970122 -1.182532072 12.216461182 0.080598436 0.268297821 0.088487566 0.955871403
2501.000000 -0.398084641 -1.180733800 12.219390869 0.081285611 0.280846953 0.089214303 0.952133656
2502.000000 -0.397814393 -1.180500627 12.219593048 0.081368394 0.280678570 0.089210652 0.952176571
2503.000000 -0.394952416 -1.179165959 12.226256371 0.080075912 0.294663668 0.089250073 0.948048353
2504.000000 -0.394505978 -1.178659081 12.226745605 0.080317117 0.294519037 0.089299403 0.948068202
2505.000000 -0.388680339 -1.178617358 12.230366707 0.082039408 0.306423277 0.088096313 0.944252849
2506.000000 -0.388407111 -1.179081440 12.230582237 0.081886150 0.306241691 0.088011511 0.944333017
2507.000000 -0.386404276 -1.176263452 12.235402107 0.079538420 0.320573658 0.089008160 0.939672172
2508.000000 -0.385441899 -1.175348520 12.234869957 0.079666540 0.320180237 0.088838957 0.939811468
2509.000000 -0.384485006 -1.182636738 12.240715027 0.077989504 0.327446520 0.090248838 0.937310874
2510.000000 -0.382746458 -1.183119893 12.241366386 0.078506626 0.334131181 0.089858279 0.934943080
2511.000000 -0.380537510 -1.182634830 12.243572235 0.077776335 0.348554254 0.088521324 0.929852009
2512.000000 -0.380392075 -1.182544708 12.242932320 0.077843510 0.348201036 0.088532448 0.929977655
2513.000000 -0.378569841 -1.174249172 12.246020317 0.077493317 0.361475736 0.090037055 0.924782932
2514.000000 -0.377665997 -1.174846768 12.246146202 0.077267513 0.361237437 0.089934736 0.924904883
2515.000000 -0.374406815 -1.176792979 12.248500824 0.075434759 0.373054773 0.088272490 0.920515001
2516.000000 -0.374236345 -1.176413894 12.249546051 0.075667970 0.372979224 0.088336132 0.920520306
2517.000000 -0.371879101 -1.173464060 12.259046555 0.076143168 0.385600299 0.088199027 0.915278971
2518.000000 -0.371546984 -1.174731255 12.259822845 0.075708136 0.385602444 0.088056140 0.915327907
2519.000000 -0.368786335 -1.173213243 12.262989044 0.074689873 0.395250767 0.087081887 0.911380827
2520.000000 -0.368496418 -1.173187613 12.263248444 0.074760415 0.395078123 0.087107457 0.911447406
2521.000000 -0.367696285 -1.177021027 12.264991760 0.071946695 0.400414646 0.086709902 0.909380674
2522.000000 -0.365733862 -1.185697198 12.273747444 0.069824532 0.415733755 0.085770242 0.902736664
2523.000000 -0.365184069 -1.186716557 12.272841454 0.069343232 0.415284842 0.085587561 0.902997673
2524.000000 -0.363006353 -1.181872845 12.281085968 0.072562389 0.430177122 0.086666830 0.895640135
2525.000000 -0.362387180 -1.183035970 12.281695366 0.072145544 0.430047721 0.086410753 0.895760655
2526.000000 -0.361705780 -1.179069519 12.286176682 0.073321827 0.436343342 0.086164080 0.892638862
2527.000000 -0.362791061 -1.173273563 12.288752556 0.073626682 0.441610157 0.085448481 0.890088916
2528.000000 -0.360151768 -1.181520581 12.304504395 0.066529676 0.453857273 0.082211845 0.884776056
2529.000000 -0.359844685 -1.181099653 12.304123878 0.066666462 0.453565687 0.082252443 0.884911537
2530.000000 -0.356903076 -1.188084126 12.315065384 0.064168930 0.470541865 0.080475174 0.876354158
2531.000000 -0.357218266 -1.189165235 12.312849045 0.063728720 0.470025867 0.080385655 0.876671314
2532.000000 -0.356763363 -1.183519125 12.317249298 0.066011503 0.485950649 0.080116391 0.867799401
2533.000000 -0.356976986 -1.182240486 12.313558578 0.066349417 0.485042870 0.080284350 0.868265867
2534.000000 -0.357018471 -1.180972099 12.319784164 0.064177752 0.492273271 0.078894533 0.864479005
2535.000000 -0.355397224 -1.175765753 12.323561668 0.062859260 0.497284085 0.077925198 0.861791730
2536.000000 -0.353114605 -1.175327539 12.335652351 0.061987091 0.503134191 0.076988563 0.858537376
2537.000000 -0.350200653 -1.184682727 12.342729568 0.058618553 0.509822547 0.073817961 0.855099916
2538.000000 -0.349634647 -1.185121298 12.351824760 0.058786415 0.524900138 0.074107736 0.845891356
2539.000000 -0.349657059 -1.184187651 12.349793434 0.059055876 0.524227619 0.074094228 0.846290708
2540.000000 -0.347186565 -1.181709409 12.362418175 0.062706865 0.537520826 0.076643616 0.837415695
2541.000000 -0.347738266 -1.182420135 12.360116005 0.062282827 0.537050903 0.076312371 0.837779045
2542.000000 -0.348336697 -1.181450605 12.370985985 0.062745728 0.549205065 0.075710975 0.829882324
2543.000000 -0.349268436 -1.180141687 12.367948532 0.062996864 0.548584580 0.075707324 0.830273926
2544.000000 -0.348483562 -1.181483865 12.376116753 0.062987342 0.559953570 0.074514091 0.822758973
2545.000000 -0.349470615 -1.181746244 12.372512817 0.062711455 0.559285283 0.074288055 0.823254883
2546.000000 -0.346783638 -1.179861307 12.389427185 0.066817597 0.569797218 0.077250227 0.815413356
2547.000000 -0.347681522 -1.179553986 12.386422157 0.066730984 0.569245756 0.077128313 0.815816998
2548.000000 -0.349605560 -1.174066544 12.395135880 0.070072018 0.576566100 0.079013191 0.810196579
2549.000000 -0.349948883 -1.173514009 12.393852234 0.070174523 0.576262712 0.078984246 0.810406327
2550.000000 -0.348902702 -1.183236480 12.395568848 0.064324297 0.583303571 0.075248733 0.806199193
2551.000000 -0.349550247 -1.182546616 12.392959595 0.064427823 0.582751930 0.075218707 0.806592524
2552.000000 -0.349254608 -1.179578781 12.402019501 0.061855827 0.591608107 0.074352771 0.800403297
2553.000000 -0.348878860 -1.179199696 12.401245117 0.061966211 0.591269970 0.074443929 0.800635993
2554.000000 -0.346659660 -1.180583358 12.406273842 0.061824836 0.595257044 0.074553706 0.797676980
2555.000000 -0.339149475 -1.185720682 12.409621239 0.061321422 0.598136842 0.074451409 0.795568347
2556.000000 -0.337948799 -1.180362821 12.414849281 0.063713595 0.604436398 0.076430239 0.790414929
2557.000000 -0.342319489 -1.179109454 12.403536797 0.063328817 0.603080034 0.075907439 0.791531503
2558.000000 -0.342336655 -1.178005695 12.403951645 0.063071504 0.605246782 0.076307409 0.789857924
2559.000000 -0.343103409 -1.181280851 12.402202606 0.060084913 0.607823610 0.074007042 0.788329422
2560.000000 -0.336243629 -1.186391830 12.413541794 0.056066357 0.616378367 0.072355360 0.782111943
2561.000000 -0.336147308 -1.185612202 12.414009094 0.056312978 0.616262317 0.072368935 0.782184303
2562.000000 -0.333530426 -1.185493946 12.419625282 0.057053402 0.624074697 0.073848516 0.775771976
2563.000000 -0.334803581 -1.184512377 12.417677879 0.057186432 0.623724043 0.073719606 0.776056409
2564.000000 -0.332729340 -1.177498698 12.420758247 0.059273984 0.629096568 0.076838024 0.771245837
2565.000000 -0.334137917 -1.177318096 12.419004440 0.059119366 0.628869355 0.076538071 0.771472812
2566.000000 -0.331091881 -1.182901144 12.421501160 0.057121199 0.631499350 0.076877400 0.769438505
2567.000000 -0.323643684 -1.178379178 12.430537224 0.058678504 0.636742949 0.079035632 0.764767051
2568.000000 -0.324531555 -1.177855611 12.429256439 0.058761008 0.636524916 0.079061516 0.764939547
2569.000000 -0.321896553 -1.174548507 12.431636810 0.060272302 0.639090478 0.081878170 0.762382209
2570.000000 -0.322121620 -1.174365878 12.431743622 0.060301337 0.639072120 0.081851415 0.762398183
2571.000000 -0.320800781 -1.173010111 12.430553436 0.056841649 0.642273486 0.080768995 0.760085702
2572.000000 -0.321169853 -1.171673775 12.429359436 0.057100091 0.642007053 0.080711588 0.760297418
2573.000000 -0.306580544 -1.171904922 12.446435928 0.056936685 0.648830414 0.081492305 0.754411280
2574.000000 -0.307947159 -1.170948744 12.444490433 0.057073623 0.648560703 0.081468225 0.754635394
2575.000000 -0.301494598 -1.173843861 12.446298599 0.057536725 0.650940657 0.081796572 0.752512574
2576.000000 -0.297897339 -1.164528608 12.449302673 0.060560472 0.654188454 0.086113326 0.748968959
2577.000000 -0.292497635 -1.165998816 12.450733185 0.055979930 0.657698691 0.084987812 0.746375144
2578.000000 -0.292908669 -1.165179610 12.449208260 0.056134880 0.657386959 0.085017793 0.746634662
2579.000000 -0.271964073 -1.179533482 12.469480515 0.050218806 0.666264355 0.082976915 0.739381433
2580.000000 -0.272893906 -1.177280664 12.466981888 0.050667204 0.665767193 0.082885005 0.739808738
2581.000000 -0.264058113 -1.176891565 12.472597122 0.052317299 0.669452608 0.084611632 0.736163735
2582.000000 -0.258230209 -1.174858451 12.476816177 0.055129781 0.672626793 0.086670041 0.732818007
2583.000000 -0.259250641 -1.172271848 12.474155426 0.057246298 0.675017238 0.088088110 0.730284274
2584.000000 -0.237576485 -1.181030512 12.497400284 0.053571995 0.683544099 0.088587590 0.722530127
2585.000000 -0.239623070 -1.180259466 12.493633270 0.053503446 0.683031201 0.088378124 0.723045707
2586.000000 -0.228691101 -1.182181835 12.504204750 0.051831760 0.689848423 0.088662535 0.716632187
2587.000000 -0.234133720 -1.178289413 12.498073578 0.052441027 0.689146399 0.088524461 0.717280090
2588.000000 -0.224097252 -1.178761959 12.506272316 0.052337732 0.692389846 0.088442579 0.714167356
2589.000000 -0.220130920 -1.180036664 12.508804321 0.052962802 0.695178270 0.088625662 0.711384356
2590.000000 -0.210440636 -1.178897381 12.512387276 0.053280495 0.701117992 0.088641271 0.705505133
2591.000000 -0.213262558 -1.177380681 12.509876251 0.053473145 0.700802863 0.088580362 0.705811322
2592.000000 -0.208367348 -1.176562548 12.512551308 0.053257089 0.703501582 0.087226763 0.703307033
2593.000000 -0.198089600 -1.177835107 12.519996643 0.052694634 0.708595216 0.085331582 0.698451638
2594.000000 -0.201518059 -1.176557183 12.517704010 0.052884992 0.708360136 0.085377268 0.698670149
2595.000000 -0.184945107 -1.176757812 12.526446342 0.053197488 0.713412702 0.083814882 0.693676710
2596.000000 -0.187163353 -1.176057220 12.524502754 0.053280801 0.713178337 0.083784409 0.693915069
2597.000000 -0.178947449 -1.177543044 12.526457787 0.052349690 0.718352616 0.081809185 0.688866019
2598.000000 -0.182630539 -1.177227616 12.524466515 0.052377857 0.718151212 0.081790581 0.689076066
2599.000000 -0.175972939 -1.177880168 12.527217865 0.050611686 0.723209739 0.080814339 0.684014022
2600.000000 -0.179082870 -1.177332878 12.525211334 0.050635606 0.722981215 0.080731317 0.684263587
2601.000000 -0.165390015 -1.181542873 12.532125473 0.047209043 0.730715752 0.077874459 0.676580667
2602.000000 -0.170835495 -1.181351066 12.528748512 0.047121715 0.730410576 0.077746540 0.676930964
2603.000000 -0.166440010 -1.179603815 12.530803680 0.047175538 0.737705946 0.080016315 0.668701649
2604.000000 -0.172284126 -1.179492354 12.527313232 0.047069862 0.737419784 0.079838410 0.669045925
2605.000000 -0.164372444 -1.176646471 12.531928062 0.045608327 0.744284451 0.080195054 0.661460042
2606.000000 -0.169814110 -1.175784588 12.529954910 0.045689024 0.744109750 0.080120392 0.661660016
2607.000000 -0.164722443 -1.177965999 12.531822205 0.045201331 0.746875346 0.081951730 0.658344865
2608.000000 -0.169437408 -1.178538442 12.529067039 0.044573050 0.749442995 0.082492009 0.655395687
2609.000000 -0.154605865 -1.175972342 12.539203644 0.041909162 0.755366981 0.082053632 0.648792386
2610.000000 -0.157577515 -1.176261306 12.538455963 0.041802023 0.755318165 0.081861146 0.648880482
2611.000000 -0.156543732 -1.176570415 12.539371490 0.039427850 0.759475470 0.082018539 0.644139409
2612.000000 -0.159015656 -1.176455379 12.537683487 0.039309431 0.759336770 0.081854478 0.644330978
2613.000000 -0.137433052 -1.179664254 12.552569389 0.036265410 0.765880406 0.079592057 0.637006402
2614.000000 -0.137671471 -1.179147720 12.551976204 0.036224630 0.765802026 0.079326354 0.637136161
2615.000000 -0.130411148 -1.180906177 12.557463646 0.036981232 0.772920489 0.077542596 0.628660142
2616.000000 -0.129718781 -1.181091785 12.556052208 0.036971722 0.772769988 0.077568650 0.628842473
2617.000000 -0.124007225 -1.180568099 12.566020966 0.038344830 0.779100895 0.077392414 0.620920241
2618.000000 -0.123815536 -1.180217028 12.565050125 0.038346447 0.778956473 0.077187851 0.621126711
2619.000000 -0.116553307 -1.181384087 12.573898315 0.036256127 0.784660220 0.075250141 0.614273012
2620.000000 -0.116430283 -1.181381464 12.573337555 0.036223877 0.784585238 0.075204916 0.614376307
2621.000000 -0.106605530 -1.180918455 12.581596375 0.035527654 0.791818976 0.073598683 0.605263352
2622.000000 -0.103785515 -1.180935860 12.577716827 0.035457805 0.791481197 0.073438451 0.605728507
2623.000000 -0.098744392 -1.179957986 12.590950012 0.036780510 0.802309394 0.069814958 0.591669440
2624.000000 -0.097448349 -1.180352211 12.588747025 0.036802884 0.802165627 0.070006646 0.591840327
2625.000000 -0.089707375 -1.184196711 12.594802856 0.038113181 0.810669363 0.070944197 0.579939306
2626.000000 -0.089967728 -1.184513330 12.594787598 0.038274720 0.810661018 0.071256667 0.579901993
2627.000000 -0.085568428 -1.181800485 12.605266571 0.036524594 0.819052398 0.067430317 0.568570435
2628.000000 -0.083703041 -1.181670904 12.602359772 0.036624324 0.818871439 0.067504451 0.568815827
2629.000000 -0.079179764 -1.181391835 12.602911949 0.036301140 0.823437333 0.065711886 0.562419057
2630.000000 -0.075920105 -1.181859136 12.605149269 0.037167579 0.827956975 0.065050140 0.555764735
2631.000000 -0.070261002 -1.185962200 12.609583855 0.039996557 0.835300624 0.066439658 0.544296801
2632.000000 -0.072528839 -1.184252262 12.612706184 0.039138924 0.835764349 0.065285914 0.543786585
2633.000000 -0.067537308 -1.186948180 12.615049362 0.038036406 0.840690970 0.065092124 0.536241531
2634.000000 -0.067600250 -1.186585426 12.615207672 0.037838489 0.840708554 0.064779811 0.536265850
2635.000000 -0.064699173 -1.185089111 12.616806030 0.036060501 0.842955232 0.063001484 0.533063769
2636.000000 -0.061000824 -1.184582949 12.621711731 0.035386525 0.847409010 0.060598888 0.526282787
2637.000000 -0.061239243 -1.185028911 12.622470856 0.035530362 0.847419918 0.060892958 0.526221633
2638.000000 -0.056497574 -1.186779618 12.626956940 0.034943368 0.851903439 0.061228029 0.518932223
2639.000000 -0.056198120 -1.186373472 12.626930237 0.034736324 0.851940453 0.060885843 0.518925607
2640.000000 -0.051023483 -1.186534762 12.629833221 0.035115022 0.855697036 0.063300155 0.512389123
2641.000000 -0.051382065 -1.186583400 12.630320549 0.035193812 0.855721951 0.063385040 0.512331605
2642.000000 -0.049795151 -1.188887000 12.633429527 0.035875469 0.856983066 0.066174611 0.509817660
2643.000000 -0.046875000 -1.190436006 12.639780045 0.032685064 0.858544648 0.068347864 0.507110775
2644.000000 -0.046403885 -1.189180970 12.638888359 0.032247391 0.858600974 0.067379616 0.507173061
2645.000000 -0.042442322 -1.187593222 12.644955635 0.027254017 0.861494839 0.065847136 0.502740502
2646.000000 -0.042039871 -1.186665058 12.644898415 0.027098266 0.861571789 0.065282069 0.502690911
2647.000000 -0.034664154 -1.182949781 12.645827293 0.025785992 0.866243303 0.063182004 0.494940042
2648.000000 -0.034894943 -1.182210207 12.647320747 0.025463894 0.866484761 0.062494606 0.494621336
2649.000000 -0.028621674 -1.184892058 12.647413254 0.028927844 0.870166719 0.065723203 0.487497300
2650.000000 -0.028144836 -1.184651971 12.647344589 0.028890137 0.870244563 0.065506943 0.487389773
2651.000000 -0.023380280 -1.189672470 12.659374237 0.027248889 0.870923281 0.072397538 0.485292464
2652.000000 -0.022893906 -1.189121604 12.658332825 0.027015625 0.870926440 0.071955614 0.485365659
2653.000000 -0.021434784 -1.188375711 12.653916359 0.026822552 0.870662868 0.071514532 0.485914141
2654.000000 -0.012977600 -1.188956499 12.654531479 0.027226772 0.868582487 0.070114434 0.489803165
2655.000000 -0.012529373 -1.188942552 12.652904510 0.027055578 0.868580401 0.069881283 0.489849806
2656.000000 -0.005071640 -1.192478180 12.658427238 0.028578911 0.865703523 0.070575252 0.494732112
2657.000000 -0.001205444 -1.191925645 12.648232460 0.028276207 0.865133345 0.070012696 0.495825648
2658.000000 0.005737305 -1.195598602 12.660540581 0.033341959 0.859446764 0.072529420 0.504954517
2659.000000 0.006805420 -1.195254326 12.657131195 0.033435605 0.859128237 0.072492249 0.505495548
2660.000000 0.010959625 -1.196323276 12.657053947 0.035052143 0.854470909 0.074670732 0.512908459
2661.000000 0.022546768 -1.193862677 12.654165268 0.032422420 0.844178140 0.073054262 0.530070901
2662.000000 0.026643753 -1.191945314 12.653585434 0.032618761 0.843931854 0.072932556 0.530467749
2663.000000 0.033950806 -1.190685391 12.664932251 0.029276380 0.836860180 0.069478095 0.542200029
2664.000000 0.038537979 -1.191388845 12.664382935 0.028863790 0.836653948 0.068904966 0.542613208
2665.000000 0.053199768 -1.187433839 12.667363167 0.029763807 0.833603263 0.066812783 0.547499657
2666.000000 0.049917221 -1.181608200 12.672000885 0.032943092 0.830543935 0.066712573 0.551961064
2667.000000 0.042989731 -1.188874125 12.671331406 0.032663599 0.827088892 0.066681162 0.557145119
2668.000000 0.038841248 -1.181527853 12.672586441 0.029799091 0.822139561 0.063744247 0.564920604
2669.000000 0.046060562 -1.185342312 12.674753189 0.029478762 0.822258294 0.063984096 0.564737499
2670.000000 0.062637329 -1.174225330 12.676496506 0.030640183 0.816471279 0.062718913 0.573151171
2671.000000 0.064907074 -1.174599290 12.676134109 0.030744858 0.816428363 0.062976182 0.573178470
2672.000000 0.071766853 -1.185809135 12.685113907 0.032722399 0.813753486 0.064583674 0.576683223
2673.000000 0.042746544 -1.166790366 12.696701050 0.034965072 0.806584418 0.064952269 0.586498320
2674.000000 0.036737442 -1.160298467 12.701866150 0.035522208 0.806918740 0.064554349 0.586048663
2675.000000 0.054403305 -1.151188612 12.685744286 0.035191134 0.795936108 0.063305676 0.601032257
2676.000000 0.047780991 -1.159173489 12.705985069 0.034623746 0.797784984 0.063514210 0.598586917
2677.000000 0.054912567 -1.150679111 12.686445236 0.036962595 0.784415662 0.062530644 0.615967393
2678.000000 0.058709145 -1.151320696 12.699636459 0.037814416 0.785277545 0.063921824 0.614673316
2679.000000 0.038970947 -1.150057077 12.689894676 0.035008576 0.771385550 0.062850967 0.632288337
2680.000000 0.053913116 -1.157515526 12.705801010 0.032225236 0.772852898 0.059747551 0.630943954
2681.000000 0.085813522 -1.148744583 12.706769943 0.031638473 0.762257159 0.059020858 0.643801033
2682.000000 0.089368820 -1.155439377 12.714882851 0.030576319 0.763307810 0.058323406 0.642669976
2683.000000 0.102783203 -1.156841993 12.722932816 0.032839045 0.759061575 0.058436368 0.647558808
2684.000000 0.086686134 -1.157876372 12.711521149 0.034851652 0.749914408 0.058054641 0.658060431
2685.000000 0.091695786 -1.159127116 12.712267876 0.034582227 0.750003874 0.057987504 0.657978594
2686.000000 0.091224670 -1.156386375 12.713541031 0.030662887 0.742492497 0.057719447 0.666658282
2687.000000 0.102362633 -1.154236078 12.719527245 0.031208457 0.742966712 0.057885494 0.666089952
2688.000000 0.121929169 -1.153056622 12.727923393 0.032303303 0.735395730 0.057535931 0.674417734
2689.000000 0.126729012 -1.152909279 12.728752136 0.032385912 0.735480905 0.057639409 0.674312055
2690.000000 0.125851631 -1.151220322 12.726734161 0.037817970 0.726991057 0.057917476 0.683153987
2691.000000 0.129462242 -1.151721954 12.726859093 0.037723817 0.727037072 0.057925448 0.683109641
2692.000000 0.122972488 -1.147532344 12.723625183 0.037879005 0.718436301 0.059105981 0.692041218
2693.000000 0.126914024 -1.148898959 12.724326134 0.037305817 0.718611121 0.058759719 0.691920221
2694.000000 0.125478745 -1.145101428 12.725381851 0.036609307 0.707438290 0.057530161 0.703477919
2695.000000 0.132305145 -1.144872546 12.724905968 0.036814533 0.707339823 0.057720076 0.703550637
2696.000000 0.132317543 -1.145285964 12.726376534 0.035400491 0.702105880 0.057475783 0.708865762
2697.000000 0.143308640 -1.146211863 12.737964630 0.036358301 0.691797554 0.057598028 0.718871891
2698.000000 0.150429726 -1.147908688 12.738873482 0.035960082 0.691931784 0.057508767 0.718769789
2699.000000 0.139076233 -1.145951986 12.733488083 0.036437891 0.680914700 0.057249919 0.729211926
2700.000000 0.145069122 -1.147053957 12.735931396 0.036441479 0.681091309 0.057517610 0.729025662
2701.000000 0.144581795 -1.147342205 12.743433952 0.034907624 0.664579690 0.055393256 0.744343340
2702.000000 0.148877144 -1.149096012 12.742511749 0.034250893 0.664597154 0.055116624 0.744378805
2703.000000 0.153929710 -1.151843429 12.748358727 0.033949364 0.665315330 0.055309828 0.743736386
2704.000000 0.156316757 -1.151236296 12.752086639 0.031594682 0.655450821 0.054608524 0.752598107
2705.000000 0.159320831 -1.153608084 12.752302170 0.030824794 0.655604601 0.054339010 0.752515614
2706.000000 0.159869194 -1.156040668 12.756863594 0.028305691 0.647386312 0.052621134 0.759816349
2707.000000 0.163330078 -1.157515645 12.758659363 0.028130133 0.647651970 0.052757598 0.759586990
2708.000000 0.164890289 -1.158237696 12.760183334 0.026090497 0.643983781 0.052765872 0.762771308
2709.000000 0.171232224 -1.159060717 12.769453049 0.024920298 0.637662768 0.052138019 0.768145144
2710.000000 0.175500870 -1.159963965 12.770828247 0.024832571 0.637833416 0.052179433 0.768003464
2711.000000 0.178442955 -1.159591436 12.774209976 0.025270075 0.635009348 0.051255733 0.770387948
2712.000000 0.183982849 -1.159166574 12.777395248 0.026548367 0.631965220 0.051082563 0.772855639
2713.000000 0.191933632 -1.157030225 12.788456917 0.028773960 0.622187197 0.047668271 0.780886054
2714.000000 0.195662498 -1.158652782 12.789735794 0.028481798 0.622409999 0.047710959 0.780716479
2715.000000 0.206056595 -1.162920237 12.801305771 0.027889382 0.616910875 0.044095915 0.785301685
2716.000000 0.209754944 -1.163825750 12.802556992 0.027885884 0.617094219 0.044331759 0.785144448
2717.000000 0.218339920 -1.165726185 12.808031082 0.029002698 0.616073728 0.043376520 0.785958409
2718.000000 0.222031593 -1.159668803 12.816784859 0.038124088 0.610378087 0.046172109 0.789843917
2719.000000 0.224661827 -1.160409331 12.817138672 0.038076971 0.610506296 0.046277858 0.789740860
2720.000000 0.227986336 -1.162112355 12.822453499 0.035859499 0.602542341 0.043531299 0.796091676
2721.000000 0.231847763 -1.164000511 12.824215889 0.035380337 0.602805912 0.043539185 0.795913100
2722.000000 0.243297577 -1.166363358 12.835404396 0.033468425 0.596483827 0.042169165 0.800817549
2723.000000 0.247208595 -1.167930722 12.836639404 0.033158422 0.596743584 0.042269640 0.800631642
2724.000000 0.250379562 -1.163306713 12.841798782 0.035779390 0.590292871 0.043247946 0.805235326
2725.000000 0.252913475 -1.164533854 12.842727661 0.035332169 0.590521157 0.043136273 0.805093646
2726.000000 0.267911911 -1.162052274 12.854578972 0.036790282 0.581620157 0.043474030 0.811464429
2727.000000 0.264969349 -1.160857320 12.860212326 0.036055468 0.571417034 0.042457081 0.818767428
2728.000000 0.271092892 -1.162406206 12.862398148 0.035727408 0.571702302 0.042468145 0.818582058
2729.000000 0.278015137 -1.166139960 12.872016907 0.033795360 0.564384878 0.041358795 0.823782206
2730.000000 0.285247803 -1.168083072 12.874055862 0.033612940 0.564659417 0.041533563 0.823592663
2731.000000 0.279667854 -1.163584828 12.874839783 0.036299087 0.558196008 0.042050969 0.827847481
2732.000000 0.280494690 -1.163746953 12.875530243 0.036355089 0.558517396 0.042191721 0.827620983
2733.000000 0.287849903 -1.165566683 12.885725021 0.036725353 0.553159833 0.040585563 0.831275046
2734.000000 0.289469242 -1.165675044 12.886854172 0.036909271 0.553448915 0.040762268 0.831065893
2735.000000 0.292615891 -1.168228030 12.891210556 0.037236709 0.547709465 0.039112769 0.834924042
2736.000000 0.293911934 -1.168470263 12.892350197 0.037324566 0.548026025 0.039321944 0.834702492
2737.000000 0.299944401 -1.171215177 12.898580551 0.035657354 0.545277715 0.036464375 0.836702585
2738.000000 0.300499916 -1.171207547 12.898999214 0.035793755 0.545401812 0.036597904 0.836610079
2739.000000 0.305822372 -1.172656059 12.903644562 0.036246426 0.542104781 0.036728196 0.838725090
2740.000000 0.306154251 -1.172811270 12.903654099 0.036161903 0.542266905 0.036694851 0.838625312
2741.000000 0.311645031 -1.172006369 12.908254623 0.036859713 0.538804412 0.037533391 0.840786815
2742.000000 0.312334061 -1.171812654 12.908744812 0.037094947 0.539021254 0.037661154 0.840631783
2743.000000 0.319754124 -1.173031807 12.914750099 0.036044728 0.534771204 0.035413008 0.843484759
2744.000000 0.320775509 -1.173266768 12.915748596 0.036079422 0.535098791 0.035545196 0.843269885
2745.000000 0.323932171 -1.172608972 12.917064667 0.035955966 0.533048213 0.034460511 0.844617844
2746.000000 0.327253342 -1.172070742 12.918909073 0.035826981 0.530689836 0.035031997 0.846083701
2747.000000 0.331472397 -1.172059178 12.921608925 0.035465024 0.528214753 0.035647687 0.847620547
2748.000000 0.340148926 -1.174888611 12.925793648 0.030613035 0.526886165 0.033994503 0.848703861
2749.000000 0.340816021 -1.174930453 12.926419258 0.030714909 0.527029216 0.034112036 0.848606646
2750.000000 0.345654964 -1.176386595 12.928158760 0.030010853 0.528016686 0.033120211 0.848057151
2751.000000 0.350687504 -1.177075982 12.929850578 0.030260092 0.530017853 0.032865658 0.846808910
2752.000000 0.356568336 -1.177128792 12.931697845 0.031049261 0.532459259 0.033419788 0.845225573
2753.000000 0.370981693 -1.178094268 12.935695648 0.032546259 0.539124370 0.031413257 0.841010630
2754.000000 0.370893478 -1.178791404 12.935206413 0.031889472 0.538883805 0.030880282 0.841209710
2755.000000 0.386328697 -1.179832220 12.937639236 0.036092963 0.548027515 0.027430547 0.835230947
2756.000000 0.385120869 -1.180385828 12.936120987 0.035303935 0.547620356 0.026803795 0.835552037
2757.000000 0.392150879 -1.181362987 12.935711861 0.035881881 0.553170383 0.024613125 0.831931055
2758.000000 0.408009052 -1.178665400 12.935758591 0.039538935 0.563692868 0.027033644 0.824594617
2759.000000 0.407234669 -1.178727388 12.934736252 0.039273299 0.563243449 0.026724158 0.824924469
2760.000000 0.422879219 -1.178291559 12.934143066 0.040201660 0.572261512 0.028660825 0.818583727
2761.000000 0.422529221 -1.178993464 12.933359146 0.039464112 0.571827888 0.028058529 0.818943381
2762.000000 0.441494465 -1.178870916 12.934547424 0.039778709 0.582166433 0.029519595 0.811559319
2763.000000 0.440964699 -1.178725600 12.934097290 0.039783046 0.581785262 0.029425224 0.811835885
2764.000000 0.456896782 -1.181872845 12.930648804 0.041317228 0.592363238 0.029622950 0.804065406
2765.000000 0.454414368 -1.180883646 12.928665161 0.041550636 0.591832399 0.029550230 0.804446876
2766.000000 0.463563919 -1.181862950 12.928192139 0.041491155 0.597526014 0.029640585 0.800226569
2767.000000 0.471379280 -1.182133436 12.926633835 0.042480540 0.603275061 0.030108608 0.795831740
2768.000000 0.490514755 -1.181216478 12.925793648 0.044227138 0.615598679 0.030445533 0.786228538
2769.000000 0.487943649 -1.180465341 12.923946381 0.044308249 0.615152061 0.030543989 0.786569715
2770.000000 0.496696472 -1.178298712 12.922725677 0.046319872 0.619901478 0.030310260 0.782724619
2771.000000 0.509747505 -1.178049803 12.918064117 0.043194108 0.629675984 0.028202599 0.775143206
2772.000000 0.506979942 -1.177331567 12.916244507 0.043195546 0.629273415 0.028005227 0.775477171
2773.000000 0.530702591 -1.178565502 12.921877861 0.042650636 0.642439723 0.027440013 0.764656246
2774.000000 0.529243469 -1.178121805 12.920652390 0.042691763 0.642054439 0.027405966 0.764978707
2775.000000 0.535787582 -1.177047014 12.917820930 0.045325346 0.647947013 0.026844557 0.759861648
2776.000000 0.537527084 -1.175230265 12.912843704 0.047520339 0.653734982 0.027598435 0.754725695
2777.000000 0.544838905 -1.171422005 12.907460213 0.045502812 0.664940417 0.030885611 0.744869053
2778.000000 0.542564392 -1.171058416 12.905712128 0.045442700 0.664463460 0.030842353 0.745300055
2779.000000 0.559041023 -1.169435978 12.910089493 0.043356448 0.673233449 0.033566736 0.737394273
2780.000000 0.557848930 -1.169399261 12.908661842 0.043244019 0.672850490 0.033413041 0.737757325
2781.000000 0.570066452 -1.169694901 12.907220840 0.040859342 0.682409942 0.033587772 0.729053557
2782.000000 0.568718910 -1.168000698 12.908983231 0.041866355 0.682470441 0.034559943 0.728894293
2783.000000 0.579908371 -1.168355584 12.908219337 0.039371938 0.692232966 0.035746552 0.719712138
2784.000000 0.578013420 -1.166746974 12.906856537 0.040082689 0.691833377 0.036060572 0.720041454
2785.000000 0.584321022 -1.166980028 12.906324387 0.039085452 0.696727037 0.036521841 0.715339065
2786.000000 0.588536263 -1.167954683 12.903716087 0.036973979 0.702138484 0.036102932 0.710162759
2787.000000 0.594874382 -1.165466547 12.902687073 0.036501631 0.707434356 0.038011201 0.704811692
2788.000000 0.611678123 -1.166710854 12.903891563 0.034870222 0.717999101 0.040022660 0.694016993
2789.000000 0.607814789 -1.166329145 12.902716637 0.034997959 0.717718899 0.040086370 0.694296718
2790.000000 0.626528740 -1.164893627 12.904802322 0.031459004 0.729594171 0.040278707 0.681967974
2791.000000 0.622053146 -1.164256811 12.902859688 0.031445671 0.729271591 0.040127262 0.682322502
2792.000000 0.647323608 -1.162111759 12.908267975 0.033225745 0.739905298 0.040150587 0.670689404
2793.000000 0.641957283 -1.161865592 12.906208038 0.033257250 0.739635289 0.040150892 0.670985460
2794.000000 0.652787209 -1.164685726 12.901544571 0.031051097 0.750467837 0.038702916 0.659041703
2795.000000 0.647806168 -1.163214684 12.900146484 0.031530887 0.750150323 0.038852315 0.659371614
2796.000000 0.670566559 -1.162901282 12.901760101 0.030407993 0.761157036 0.038682096 0.646698594
2797.000000 0.665569305 -1.162935972 12.900561333 0.030358899 0.760958195 0.038631752 0.646937907
2798.000000 0.671741486 -1.162133098 12.899580956 0.029758286 0.766039193 0.038995501 0.640919507
2799.000000 0.684406281 -1.164155722 12.900491714 0.029312355 0.771321535 0.039413046 0.634547532
2800.000000 0.728819847 -1.169506311 12.909103394 0.031665746 0.785888731 0.037558049 0.616413474
2801.000000 0.726530075 -1.167675257 12.907422066 0.032126673 0.785665929 0.037616551 0.616670012
2802.000000 0.766672134 -1.170728683 12.915426254 0.030723570 0.799596369 0.027174514 0.599135458
2803.000000 0.774423599 -1.153463006 12.937941551 0.035712872 0.807943344 0.024550429 0.587664545
2804.000000 0.767257690 -1.151881456 12.924740791 0.036077634 0.811629355 0.024383677 0.582547605
2805.000000 0.770790100 -1.155612826 12.927345276 0.032942932 0.816849828 0.024120895 0.575403631
2806.000000 0.786249161 -1.166885376 12.964357376 0.031754680 0.825190187 0.029065721 0.563212276
2807.000000 0.784435272 -1.155349374 12.979278564 0.032087464 0.832562923 0.029503774 0.552212775
2808.000000 0.803995132 -1.177116513 12.990859985 0.035186145 0.844510674 0.037682060 0.533051431
2809.000000 0.758840561 -1.137174845 12.920162201 0.037213989 0.840454102 0.037246622 0.539318740
2810.000000 0.756784439 -1.146752596 12.914651871 0.039674111 0.849686325 0.040064793 0.524265170
2811.000000 0.772985458 -1.158270478 12.905667305 0.038565006 0.849208295 0.040237948 0.525108516
2812.000000 0.769594193 -1.152507782 12.906274796 0.034597050 0.857434988 0.038108423 0.512011826
2813.000000 0.780591965 -1.159251094 12.912886620 0.034782894 0.858112097 0.039246190 0.510777473
2814.000000 0.762310028 -1.143708348 12.915307999 0.031453088 0.865800381 0.037559722 0.497985601
2815.000000 0.790046692 -1.158384919 12.923124313 0.031161113 0.866648734 0.039573006 0.496369869
2816.000000 0.802507401 -1.157468796 12.915273666 0.030647252 0.873374760 0.042892125 0.484187543
2817.000000 0.803014755 -1.158007026 12.924083710 0.031218424 0.873957694 0.043704562 0.483025253
2818.000000 0.801986694 -1.159444928 12.902688980 0.030462531 0.877508163 0.047216881 0.476258337
2819.000000 0.801265717 -1.158928037 12.902879715 0.030266421 0.877555251 0.046953451 0.476210296
2820.000000 0.812303543 -1.161441565 12.901569366 0.027143743 0.880384147 0.051300850 0.470696628
2821.000000 0.809703827 -1.161876082 12.905370712 0.026915839 0.880593061 0.051311269 0.470317572
2822.000000 0.817394257 -1.159253240 12.908025742 0.021224467 0.885205448 0.050256405 0.461990446
2823.000000 0.819440842 -1.153839231 12.900764465 0.020800626 0.884796858 0.048288692 0.463001192
2824.000000 0.821855545 -1.147325397 12.891398430 0.019332619 0.886750877 0.047479644 0.459396124
2825.000000 0.838529587 -1.152918220 12.885999680 0.019277623 0.889817059 0.051555414 0.452985793
2826.000000 0.841121674 -1.149999619 12.885560036 0.019583708 0.889781177 0.051111810 0.453093290
2827.000000 0.858356476 -1.163986921 12.878286362 0.013890436 0.888593435 0.053467836 0.455357015
2828.000000 0.855234146 -1.163516402 12.880676270 0.014186419 0.888585627 0.053763840 0.455328375
2829.000000 0.876699448 -1.161092281 12.867549896 0.010578720 0.886963964 0.052740112 0.458695590
2830.000000 0.871534348 -1.138608813 12.871256828 0.011757272 0.884677470 0.051333237 0.463219643
2831.000000 0.912620544 -1.134992003 12.874022484 0.021460736 0.879194915 0.054473914 0.472851425
2832.000000 0.914796829 -1.134702325 12.873354912 0.022437140 0.878949404 0.055858858 0.473100901
2833.000000 0.902999878 -1.142514825 12.871973038 0.023175310 0.873086035 0.054545388 0.483950883
2834.000000 0.904148102 -1.142091393 12.869634628 0.023314718 0.872746646 0.054627985 0.484546781
2835.000000 0.943090439 -1.138363957 12.855090141 0.016328942 0.863760293 0.054440416 0.500687301
2836.000000 0.938558578 -1.133826017 12.853827477 0.016289497 0.863572061 0.053770036 0.501085579
2837.000000 0.945579529 -1.137805223 12.853389740 0.016559081 0.863352239 0.054923940 0.501330435
2838.000000 0.973550797 -1.139195800 12.849382401 0.018804232 0.860182226 0.053987395 0.506772518
2839.000000 0.968780518 -1.131316662 12.854204178 0.027468143 0.853112698 0.050610997 0.518539131
2840.000000 0.955503464 -1.118467808 12.845819473 0.027567105 0.852471828 0.048211109 0.519814909
2841.000000 0.948438644 -1.122506738 12.850507736 0.029320767 0.848714292 0.048859037 0.525772929
2842.000000 0.971269608 -1.134674072 12.836669922 0.028379874 0.837819099 0.050030142 0.542909503
2843.000000 0.957376480 -1.126659632 12.846288681 0.030926203 0.837709069 0.051838227 0.542770684
2844.000000 0.980298996 -1.138928652 12.835863113 0.028150413 0.830849349 0.051027790 0.553437471
2845.000000 0.945028305 -1.105942965 12.836870193 0.033434264 0.815169513 0.049200755 0.576159835
2846.000000 0.987428665 -1.149789453 13.048303604 0.030436451 0.827426016 0.050487760 0.558471978
2847.000000 0.975330353 -1.156558871 13.046165466 0.025128808 0.812352598 0.050859954 0.580400825
2848.000000 1.015907288 -1.196414948 13.261927605 0.020118650 0.825449884 0.049164742 0.561970353
2849.000000 1.026020050 -1.194859982 13.258080482 0.015969982 0.819694579 0.048863593 0.570489347
2850.000000 1.028180122 -1.160876513 13.262500763 0.018628178 0.807890892 0.044311501 0.587368608
2851.000000 1.043364525 -1.170631647 13.102268219 0.018505739 0.797914088 0.047419481 0.600618064
2852.000000 0.999278069 -1.163763285 13.080728531 0.024527796 0.780865073 0.050402522 0.622179866
2853.000000 1.040697098 -1.166721106 13.102279663 0.021617636 0.782550514 0.046722371 0.620455086
2854.000000 1.001426697 -1.147437215 13.078688622 0.031121442 0.762272418 0.049017869 0.644646883
2855.000000 1.006750107 -1.143887401 13.085697174 0.031878252 0.763112962 0.048588999 0.643647015
2856.000000 1.009576797 -1.144743204 13.082340240 0.038182702 0.742368042 0.052529637 0.666837633
2857.000000 1.015308380 -1.143592119 13.087023735 0.038344812 0.743094146 0.051829077 0.666074038
2858.000000 1.013372421 -1.148652077 13.087545395 0.036846794 0.725287557 0.049681321 0.685661793
2859.000000 1.029545784 -1.146622181 13.060418129 0.035598882 0.719136178 0.046630662 0.692388296
2860.000000 1.025688171 -1.146524906 13.088180542 0.034923796 0.708279252 0.048776034 0.703378916
2861.000000 1.032413483 -1.144883990 13.092074394 0.035648666 0.708947301 0.048902974 0.702660322
2862.000000 1.041939735 -1.140434265 13.101590157 0.039061133 0.701731861 0.050457597 0.709577918
2863.000000 1.044792175 -1.145530224 13.102683067 0.039592616 0.693205655 0.050697494 0.717863619
2864.000000 1.036833763 -1.144496679 13.099522591 0.038182400 0.674452782 0.050745875 0.735581756
2865.000000 1.046527863 -1.142435551 13.102648735 0.038759667 0.674763620 0.049916387 0.735323191
2866.000000 1.051437378 -1.145775437 13.104365349 0.035167959 0.665796995 0.049469415 0.743660212
2867.000000 1.063793182 -1.151467681 13.113995552 0.031680029 0.659841180 0.047604945 0.749226153
2868.000000 1.065030098 -1.159218788 13.108817101 0.026864223 0.654214144 0.043474291 0.754580855
2869.000000 1.070472717 -1.164429188 13.110889435 0.024028067 0.652431786 0.042668950 0.756263793
2870.000000 1.085484505 -1.161728621 13.119242668 0.026893683 0.650776148 0.046552241 0.757363975
2871.000000 1.095091820 -1.156524539 13.122062683 0.029337594 0.650805831 0.047711320 0.757175565
2872.000000 1.099781036 -1.155286312 13.123408318 0.030233242 0.649043500 0.047739714 0.758649766
2873.000000 1.105600357 -1.154192567 13.125176430 0.030247727 0.646979690 0.047385234 0.760432243
2874.000000 1.118305206 -1.154800534 13.126916885 0.027821248 0.643328309 0.044908695 0.763765574
2875.000000 1.119383812 -1.154922128 13.127992630 0.027768396 0.643584788 0.044940569 0.763549626
2876.000000 1.140500069 -1.158709407 13.137330055 0.025611753 0.644566536 0.039847836 0.763079464
2877.000000 1.140858650 -1.158767343 13.137924194 0.025584791 0.644805372 0.039819881 0.762879968
2878.000000 1.152030945 -1.151774764 13.139741898 0.035193868 0.642595351 0.043210153 0.764176428
2879.000000 1.152342796 -1.152360916 13.139659882 0.034763303 0.642628372 0.042935159 0.764183819
2880.000000 1.165339470 -1.146240950 13.142258644 0.034543253 0.638178587 0.045959335 0.767738700
2881.000000 1.166818619 -1.147058725 13.143119812 0.034111712 0.638462842 0.045995053 0.767519414
2882.000000 1.176579475 -1.143604994 13.149827957 0.036178429 0.633892417 0.046948783 0.771146834
2883.000000 1.191557884 -1.156770110 13.151341438 0.027526973 0.627361059 0.038547024 0.777286708
2884.000000 1.192507744 -1.156331182 13.152015686 0.027828285 0.627515554 0.038682617 0.777144492
2885.000000 1.206795692 -1.155108333 13.155709267 0.031044368 0.627579570 0.042466614 0.776773334
2886.000000 1.220420837 -1.150999546 13.160833359 0.035592157 0.624651134 0.045323025 0.778774738
2887.000000 1.221645355 -1.151436448 13.161676407 0.035354719 0.624891639 0.045343474 0.778591394
2888.000000 1.230905533 -1.152146578 13.161753654 0.035257492 0.616570652 0.044184301 0.785267770
2889.000000 1.232428551 -1.152359843 13.163111687 0.035174008 0.616993189 0.044206362 0.784938276
2890.000000 1.246535301 -1.158924222 13.167372704 0.030795775 0.615525544 0.040714357 0.786461949
2891.000000 1.246944427 -1.159123898 13.168071747 0.030742289 0.615766525 0.040838379 0.786268950
2892.000000 1.256956100 -1.160362482 13.165513992 0.032460984 0.618730605 0.046388999 0.783560336
2893.000000 1.255491257 -1.160678744 13.163721085 0.032094344 0.618291616 0.046042234 0.783942342
2894.000000 1.263026237 -1.152580738 13.160963058 0.034673620 0.618816912 0.053281594 0.782958865
2895.000000 1.262306213 -1.152769208 13.160457611 0.034513116 0.618735433 0.053087238 0.783043504
2896.000000 1.272547722 -1.151001573 13.158029556 0.027262490 0.616249323 0.053285714 0.785273373
2897.000000 1.272843361 -1.150331974 13.159058571 0.027848411 0.616543889 0.053760376 0.784989238
2898.000000 1.296568871 -1.154728174 13.162029266 0.019566687 0.617396474 0.049459588 0.784851968
2899.000000 1.296808243 -1.154197335 13.161936760 0.019914955 0.617321074 0.049505632 0.784899533
2900.000000 1.296678543 -1.154273272 13.161680222 0.019842012 0.617293775 0.049461145 0.784925759
2901.000000 1.306071281 -1.148413301 13.159348488 0.023959493 0.618774235 0.050741334 0.783562243
2902.000000 1.305644035 -1.148679852 13.158923149 0.023769662 0.618670523 0.050687455 0.783653378
2903.000000 1.316006660 -1.142907143 13.153601646 0.022292368 0.612955809 0.053229962 0.788006961
2904.000000 1.316539764 -1.142722249 13.153911591 0.022383600 0.613068759 0.053359512 0.787907660
2905.000000 1.324871063 -1.141521811 13.156843185 0.020718703 0.611164629 0.052526474 0.789487004
2906.000000 1.348728180 -1.144641161 13.164308548 0.021502484 0.610110641 0.042735182 0.790870726
2907.000000 1.348269939 -1.143600583 13.163963318 0.022016034 0.610078037 0.042750590 0.790880799
2908.000000 1.371118069 -1.133014679 13.146746635 0.046605680 0.601493120 0.044773564 0.796259582
2909.000000 1.370650768 -1.132826328 13.146801949 0.046726257 0.601523161 0.044770796 0.796230018
2910.000000 1.370216370 -1.133306980 13.146406174 0.046322260 0.601459384 0.044511985 0.796316326
2911.000000 1.370537758 -1.134220123 13.147424698 0.045699146 0.601936936 0.044250917 0.796005964
2912.000000 1.384184837 -1.138116598 13.144264221 0.043385770 0.592029393 0.038481861 0.803827226
2913.000000 1.384360790 -1.137891412 13.144767761 0.043612294 0.592321038 0.038691375 0.803589880
2914.000000 1.398539543 -1.145290256 13.139710426 0.035095852 0.592423499 0.027456904 0.804393530
2915.000000 1.398339272 -1.145138502 13.139575005 0.035194788 0.592365980 0.027453154 0.804431677
2916.000000 1.408530712 -1.145286322 13.140547752 0.037116412 0.594215989 0.026727147 0.803004026
2917.000000 1.423170090 -1.143572211 13.133580208 0.042340707 0.596773863 0.028484138 0.800785244
2918.000000 1.422131062 -1.144034863 13.133148193 0.041911572 0.596685290 0.028058337 0.800888836
2919.000000 1.430106163 -1.141325235 13.123121262 0.042631503 0.597191930 0.029938189 0.800404966
2920.000000 1.444740295 -1.142787576 13.121555328 0.035894591 0.601470709 0.028574688 0.797576368
2921.000000 1.454133987 -1.145250201 13.122695923 0.034197822 0.604581118 0.027376663 0.795338154
2922.000000 1.469311714 -1.150839090 13.124382973 0.035443157 0.615908861 0.027308045 0.786545873
2923.000000 1.466240406 -1.150009036 13.122354507 0.035802927 0.615582228 0.027180923 0.786789656
2924.000000 1.477988243 -1.144860029 13.117084503 0.045729533 0.625888586 0.034011845 0.777827501
2925.000000 1.475493431 -1.145512581 13.115420341 0.045220297 0.625629544 0.033690080 0.778079569
2926.000000 1.485091209 -1.144739628 13.113847733 0.049250763 0.636991560 0.035435423 0.768479347
2927.000000 1.483510017 -1.144930363 13.114072800 0.049034290 0.637114704 0.035062507 0.768408179
2928.000000 1.486630440 -1.144788742 13.111982346 0.049708366 0.642238379 0.034364328 0.764119089
2929.000000 1.495321274 -1.143371582 13.111005783 0.051117405 0.652725041 0.035540175 0.755032480
2930.000000 1.493817329 -1.143545389 13.109701157 0.050875623 0.652443171 0.035284504 0.755304277
2931.000000 1.501234055 -1.140531063 13.107553482 0.052525301 0.661341548 0.039361592 0.747207582
2932.000000 1.499593735 -1.140953183 13.106026649 0.052157801 0.661087871 0.039146308 0.747469127
2933.000000 1.510047913 -1.142075419 13.106024742 0.049850512 0.669744968 0.040547002 0.739805758
2934.000000 1.509138107 -1.142073393 13.105055809 0.049794897 0.669527650 0.040470250 0.740010440
2935.000000 1.512266159 -1.141850829 13.104166985 0.049205650 0.673795044 0.040885463 0.736143649
2936.000000 1.527100563 -1.140121222 13.108140945 0.049780734 0.683224797 0.040862046 0.727362394
2937.000000 1.526743889 -1.139725327 13.107336998 0.049996950 0.683051586 0.040956814 0.727504969
2938.000000 1.535005569 -1.140667319 13.105997086 0.049425956 0.691728115 0.041387055 0.719274998
2939.000000 1.535090446 -1.141691208 13.105127335 0.048841517 0.691526532 0.041285347 0.719514489
2940.000000 1.545571327 -1.142152786 13.104706764 0.047354866 0.701266587 0.042281859 0.710066915
2941.000000 1.544888496 -1.141513705 13.102076530 0.047461245 0.700807750 0.042278405 0.710512817
2942.000000 1.564732552 -1.142591119 13.107329369 0.049002882 0.710874557 0.043769628 0.700242996
2943.000000 1.561925888 -1.143222094 13.103354454 0.049006887 0.710308492 0.044014618 0.700801671
2944.000000 1.568733215 -1.144001722 13.102868080 0.050730146 0.715274513 0.043397743 0.695647538
2945.000000 1.574684143 -1.139868021 13.102847099 0.052905127 0.724569798 0.043396004 0.685796201
2946.000000 1.571449280 -1.140353799 13.100145340 0.052827146 0.724155366 0.043569349 0.686228812
2947.000000 1.577997208 -1.141783953 13.100298882 0.052434120 0.728372216 0.044730972 0.681706488
2948.000000 1.587408066 -1.141878963 13.101505280 0.053022765 0.732479155 0.044879720 0.677236080
2949.000000 1.588893890 -1.140928030 13.099428177 0.053393450 0.735942900 0.044722158 0.673451662
2950.000000 1.595860481 -1.140035033 13.098423004 0.052358881 0.739711642 0.043414898 0.669477701
2951.000000 1.602084160 -1.142554998 13.098545074 0.049531396 0.744461119 0.041633818 0.664523125
2952.000000 1.619992256 -1.142422080 13.102842331 0.047472116 0.755403280 0.040538076 0.652279854
2953.000000 1.615712166 -1.139892578 13.098164558 0.048597720 0.754642367 0.040745404 0.653064311
2954.000000 1.629136086 -1.140342236 13.100029945 0.051167380 0.763310254 0.042284757 0.642612994
2955.000000 1.628156662 -1.139550924 13.097514153 0.051474050 0.762964368 0.042525399 0.642983317
2956.000000 1.642434120 -1.140709758 13.101613998 0.051418390 0.773423731 0.037881386 0.630663931
2957.000000 1.638825417 -1.141290426 13.097535133 0.051414892 0.772846878 0.038290810 0.631346226
2958.000000 1.645282745 -1.141355634 13.096426010 0.045931093 0.784582257 0.035450719 0.617304146
2959.000000 1.640868187 -1.142915010 13.092905045 0.045643102 0.784081757 0.035808925 0.617940366
2960.000000 1.661615372 -1.135364056 13.094806671 0.047195572 0.794726849 0.038376059 0.603911579
2961.000000 1.661314964 -1.137180328 13.098834991 0.048420209 0.794889152 0.039942298 0.603499234
2962.000000 1.700684547 -1.186853051 13.186916351 0.042596910 0.818936288 0.042081233 0.570752144
2963.000000 1.692200661 -1.182228804 13.193859100 0.044522170 0.819095373 0.043508574 0.570269763
2964.000000 1.682458878 -1.161014915 13.186155319 0.038492031 0.829914153 0.046440113 0.554620862
2965.000000 1.677791595 -1.158652067 13.178598404 0.039157819 0.828724444 0.046730924 0.556326151
2966.000000 1.686405182 -1.164583325 13.177905083 0.032287948 0.838055789 0.051117890 0.542224109
2967.000000 1.677028656 -1.162530661 13.179863930 0.032423303 0.838015378 0.050938066 0.542295396
2968.000000 1.700883865 -1.154984593 13.168221474 0.027758935 0.842464387 0.051121436 0.535602391
2969.000000 1.695060730 -1.151158333 13.168342590 0.028022334 0.842358232 0.050749987 0.535790920
2970.000000 1.706787109 -1.152527094 13.166590691 0.025511945 0.849772334 0.049445301 0.524205506
2971.000000 1.702632904 -1.152139068 13.164924622 0.025403010 0.849643171 0.049371116 0.524427116
2972.000000 1.712587357 -1.147106528 13.167566299 0.026074911 0.858780622 0.048534904 0.509372413
2973.000000 1.716808319 -1.141386509 13.152070999 0.025847701 0.857975066 0.047290467 0.510856509
2974.000000 1.716318130 -1.148367286 13.162670135 0.024955982 0.867797673 0.052423742 0.493514121
2975.000000 1.685781479 -1.120237470 13.096577644 0.026565820 0.863792598 0.050379988 0.500618100
2976.000000 1.695085526 -1.112551689 13.098933220 0.024482111 0.874573767 0.046474844 0.482038885
2977.000000 1.697332382 -1.109418154 13.091914177 0.024094667 0.874268651 0.045525130 0.482702166
2978.000000 1.737030029 -1.106894374 13.217197418 0.022655563 0.893036485 0.044699300 0.447185129
2979.000000 1.739950180 -1.134471655 13.137300491 0.018442353 0.889259458 0.045328323 0.454777807
2980.000000 1.795898438 -1.155196309 13.370437622 0.029023135 0.909584641 0.055562627 0.410763055
2981.000000 1.759202957 -1.137718081 13.129627228 0.023899816 0.898099065 0.048791975 0.436424404
2982.000000 1.756326675 -1.147004962 13.131696701 0.027120233 0.903253675 0.054829210 0.424724668
2983.000000 1.754383087 -1.145725965 13.133149147 0.026968436 0.903409064 0.054239355 0.424479663
2984.000000 1.769660950 -1.144574642 13.115772247 0.028097760 0.904111207 0.057159822 0.422523797
2985.000000 1.775239944 -1.145773292 13.115899086 0.028006000 0.904260159 0.056658082 0.422278434
2986.000000 1.780158997 -1.140625954 13.113294601 0.028119899 0.905164957 0.054561954 0.420605242
2987.000000 1.784749985 -1.147144794 13.113607407 0.028282437 0.906826437 0.057170324 0.416650444
2988.000000 1.784288406 -1.144133925 13.113331795 0.028240465 0.906817198 0.056395985 0.416778892
2989.000000 1.795703888 -1.144931436 13.104764938 0.029220039 0.906494439 0.058944713 0.417060673
2990.000000 1.820199966 -1.145249367 13.088876724 0.033195399 0.903989255 0.063231505 0.421548784
2991.000000 1.816209793 -1.145004988 13.092735291 0.033576086 0.904109955 0.063385293 0.421236396
2992.000000 1.810823441 -1.159033775 13.099693298 0.034968320 0.898617625 0.071356982 0.431476325
2993.000000 1.811529160 -1.159996390 13.097030640 0.035059676 0.898228407 0.071175762 0.432308495
2994.000000 1.818143845 -1.151521087 13.095503807 0.031971276 0.894944370 0.070152327 0.439466923
2995.000000 1.849330902 -1.147659421 13.078497887 0.031143693 0.887056470 0.072299995 0.454899579
2996.000000 1.847791672 -1.148049355 13.078344345 0.031647541 0.886782944 0.072634414 0.455344558
2997.000000 1.847646713 -1.147186995 13.081190109 0.032377008 0.879624248 0.071272746 0.469183564
2998.000000 1.853116989 -1.146881104 13.077487946 0.032405760 0.879207373 0.071039975 0.469997585
2999.000000 1.846675873 -1.148464799 13.084371567 0.029926786 0.875555038 0.071303017 0.476889640
3000.000000 1.854454041 -1.150689125 13.080101013 0.026854064 0.866628349 0.071789183 0.493032068
3001.000000 1.858209610 -1.149909258 13.072658539 0.026133737 0.865936399 0.070653662 0.494448572
3002.000000 1.858009338 -1.128530979 12.997600555 0.027521372 0.851422548 0.068613932 0.519244075
3003.000000 1.861658096 -1.127104402 12.997341156 0.027946560 0.851246178 0.068590194 0.519513667
3004.000000 1.857769012 -1.122389197 12.925949097 0.027957581 0.836795688 0.064307377 0.543006539
3005.000000 1.876291275 -1.139949679 13.070343018 0.028636981 0.845679343 0.066155978 0.528800368
3006.000000 1.865308762 -1.133549094 13.090375900 0.027454617 0.837063432 0.063640624 0.542697847
3007.000000 1.878042221 -1.140540719 13.086109161 0.027250981 0.836639404 0.064688407 0.543237805
3008.000000 1.862231255 -1.115975022 12.951762199 0.026020877 0.816993415 0.061299525 0.572788835
3009.000000 1.877367973 -1.117311358 12.941610336 0.025502058 0.816191316 0.060983889 0.573988199
3010.000000 1.877912521 -1.108150363 13.015945435 0.031418547 0.810503006 0.059728768 0.581833482
3011.000000 1.880585670 -1.104276180 13.018439293 0.029670797 0.810582817 0.057161272 0.582071900
3012.000000 1.886549950 -1.115128994 13.014545441 0.029942796 0.801354766 0.058679741 0.594550908
3013.000000 1.898634911 -1.118838072 13.005951881 0.028895132 0.800742269 0.057992525 0.595494628
3014.000000 1.865637779 -1.072452426 13.015903473 0.031626571 0.787537515 0.057312563 0.612780273
3015.000000 1.871163368 -1.072314024 13.014728546 0.031502314 0.787508249 0.057042588 0.612849534
3016.000000 1.879565239 -1.072090626 13.012762070 0.031180173 0.787614942 0.056473110 0.612781584
3017.000000 1.881469727 -1.066714525 13.017839432 0.030127544 0.779673696 0.054500498 0.623081863
3018.000000 1.888680458 -1.067102909 13.013809204 0.029502494 0.779396951 0.053604420 0.623535573
3019.000000 1.894009590 -1.066844106 13.011056900 0.029459668 0.775040388 0.053683098 0.628937840
3020.000000 1.897031784 -1.068228006 13.012677193 0.028136620 0.766229451 0.053648993 0.639705062
3021.000000 1.898613930 -1.068904281 13.015720367 0.027830984 0.766609550 0.053836040 0.639247179
3022.000000 1.905799866 -1.067483187 13.017983437 0.027372211 0.761880159 0.055162728 0.644784033
3023.000000 1.909529686 -1.061448693 13.020503044 0.026211042 0.751277387 0.052002970 0.657412410
3024.000000 1.922308922 -1.061069489 13.015200615 0.025863549 0.750938535 0.051548745 0.657848954
3025.000000 1.918073654 -1.064527869 13.027370453 0.026510859 0.744311810 0.051190309 0.665339530
3026.000000 1.920726776 -1.062030315 13.028298378 0.026150139 0.744599462 0.050253954 0.665103316
3027.000000 1.936203957 -1.060497642 13.020166397 0.022310492 0.737233162 0.049511962 0.673452377
3028.000000 1.943052292 -1.060645580 13.018784523 0.022148613 0.737206578 0.049408339 0.673494518
3029.000000 1.949393272 -1.058231831 13.029224396 0.024002731 0.732232571 0.048318192 0.678914428
3030.000000 1.954665184 -1.065783501 13.029109955 0.022341078 0.732491314 0.047877353 0.678723276
3031.000000 1.960569382 -1.064132452 13.034725189 0.025208581 0.726504624 0.049023893 0.684946954
3032.000000 1.966302872 -1.070120454 13.035057068 0.024163937 0.726741254 0.048762005 0.684752285
3033.000000 1.973170280 -1.060088634 13.033884048 0.026501341 0.722035229 0.048556384 0.689641356
3034.000000 1.978237152 -1.063510180 13.038598061 0.028107548 0.717113853 0.049813993 0.694605172
3035.000000 1.968639374 -1.068630695 13.047205925 0.029573021 0.705765605 0.049141988 0.706120014
3036.000000 1.981029510 -1.066780686 13.041612625 0.029752154 0.705225527 0.049305726 0.706640482
3037.000000 1.994271278 -1.083314180 13.053017616 0.023093252 0.700191557 0.045737609 0.712114215
3038.000000 2.005570412 -1.088893414 13.074875832 0.022667866 0.702228308 0.046199996 0.710089624
3039.000000 2.023356438 -1.078570008 13.063280106 0.024968006 0.699304461 0.040448457 0.713241756
3040.000000 2.023082733 -1.079463720 13.061470032 0.024647281 0.699203014 0.040274858 0.713362277
3041.000000 2.042125702 -1.061218977 13.076449394 0.030460605 0.698955178 0.037133276 0.713550925
3042.000000 2.036049843 -1.071954489 13.088682175 0.028636146 0.700453877 0.037424862 0.712140262
3043.000000 2.050668716 -1.080244303 13.066782951 0.028694099 0.696751773 0.037013032 0.715781868
3044.000000 2.058122635 -1.079089165 13.066882133 0.031316809 0.695761144 0.034581784 0.716756463
3045.000000 2.079436302 -1.090448141 13.082013130 0.033275589 0.696552932 0.032996967 0.715973496
3046.000000 2.078870773 -1.081478119 13.085394859 0.035533577 0.694815636 0.032018278 0.717595577
3047.000000 2.051867485 -1.071756959 13.105196953 0.036873683 0.694035351 0.034252316 0.718179762
3048.000000 2.048018456 -1.091666222 13.073284149 0.034323491 0.688024819 0.037912555 0.723882914
3049.000000 2.061915398 -1.082859397 13.069794655 0.032755759 0.684489429 0.037941504 0.727297604
3050.000000 2.073537827 -1.088372231 13.081836700 0.026718866 0.679741323 0.042611316 0.731725454
3051.000000 2.083567619 -1.101731420 13.083543777 0.024577843 0.680039942 0.042729437 0.731516182
3052.000000 2.077206612 -1.085452795 13.084223747 0.028580103 0.672228158 0.045089178 0.738416851
3053.000000 2.084751129 -1.095546365 13.076889992 0.026322624 0.671712935 0.044652861 0.738995969
3054.000000 2.088342667 -1.081859112 13.093826294 0.026406733 0.666244149 0.046148468 0.743835926
3055.000000 2.096505165 -1.085708380 13.094673157 0.025837712 0.666400671 0.046445992 0.743697047
3056.000000 2.098823547 -1.076933861 13.095499039 0.025717268 0.658104181 0.043500781 0.751229167
3057.000000 2.103777885 -1.081578612 13.094707489 0.025446229 0.658155262 0.044127475 0.751157165
3058.000000 2.100247383 -1.088633418 13.085132599 0.025112169 0.650080502 0.045984659 0.758056879
3059.000000 2.099607468 -1.086635470 13.085629463 0.025358092 0.650296092 0.045786589 0.757875741
3060.000000 2.108537674 -1.093596458 13.093922615 0.021401845 0.646441638 0.044568256 0.761359930
3061.000000 2.106796265 -1.089280605 13.087669373 0.022413716 0.645926118 0.044770993 0.761756301
3062.000000 2.128724098 -1.091814756 13.100777626 0.021752771 0.645156443 0.043264285 0.762514412
3063.000000 2.129393578 -1.090399265 13.111043930 0.022714864 0.646254539 0.044039171 0.761511505
3064.000000 2.144992828 -1.092137337 13.101002693 0.025744522 0.646396637 0.041304223 0.761447728
3065.000000 2.139531136 -1.090088248 13.092231750 0.025812002 0.645506382 0.041215383 0.762205124
3066.000000 2.163753510 -1.076199055 13.081279755 0.027917774 0.643716812 0.037979405 0.763810813
3067.000000 2.177170753 -1.092436075 13.100248337 0.025094669 0.645838559 0.038148813 0.762107253
3068.000000 2.180468559 -1.071291685 13.073928833 0.027962254 0.640810072 0.038958445 0.766200304
3069.000000 2.172268867 -1.076878190 13.076968193 0.027374391 0.641362727 0.039343111 0.765739322
3070.000000 2.195594788 -1.049232006 13.075774193 0.028279681 0.637972534 0.036320388 0.768682122
3071.000000 2.200211525 -1.051299214 13.082144737 0.027804496 0.638782144 0.036231197 0.768031061
3072.000000 2.234639168 -1.086720824 13.087702751 0.022015430 0.640536547 0.034449454 0.766838670
3073.000000 2.234634399 -1.098475337 13.088843346 0.020574346 0.640608311 0.035496492 0.766770959
3074.000000 2.234693527 -1.079856992 13.064342499 0.023168897 0.639960766 0.034153957 0.767298520
3075.000000 2.242771149 -1.085918903 13.072891235 0.021804672 0.644482017 0.032927208 0.763598979
3076.000000 2.245779037 -1.094989657 13.071618080 0.024638606 0.650095224 0.035193164 0.758637309
3077.000000 2.244916916 -1.095143080 13.070548058 0.024567334 0.649822831 0.035168942 0.758874118
3078.000000 2.255903244 -1.096773148 13.065868378 0.023318328 0.655282676 0.033052750 0.754299939
3079.000000 2.256111145 -1.096522212 13.065192223 0.023315726 0.655027211 0.032770257 0.754534245
3080.000000 2.270051003 -1.093618155 13.065729141 0.025746277 0.660773933 0.031765498 0.749470413
3081.000000 2.269401550 -1.093975067 13.064753532 0.025471380 0.660539329 0.031436317 0.749700487
3082.000000 2.278867722 -1.092903852 13.059476852 0.028400445 0.663445830 0.030980509 0.747043073
3083.000000 2.277441025 -1.092914820 13.058191299 0.028448235 0.663192511 0.031015320 0.747264683
3084.000000 2.286363602 -1.091339350 13.054285049 0.028136374 0.667753220 0.030021908 0.743244708
3085.000000 2.286512375 -1.091159344 13.053554535 0.028070347 0.667482972 0.029882390 0.743495584
3086.000000 2.298350334 -1.090282679 13.054187775 0.028723529 0.672356248 0.030804574 0.739028513
3087.000000 2.298111916 -1.090388536 13.053704262 0.028638512 0.672225177 0.030657824 0.739157200
3088.000000 2.301186562 -1.090487838 13.050539970 0.030610280 0.673948050 0.032589480 0.737424672
3089.000000 2.307212830 -1.091496110 13.045923233 0.028347358 0.680891693 0.034028944 0.731043816
3090.000000 2.306632996 -1.091563463 13.044936180 0.028293630 0.680636585 0.033890415 0.731289804
3091.000000 2.326837540 -1.091258287 13.052689552 0.033874378 0.688869953 0.035419509 0.723226249
3092.000000 2.323047638 -1.091367960 13.048249245 0.034012288 0.688151300 0.035542835 0.723897576
3093.000000 2.329068184 -1.092154503 13.045412064 0.034598909 0.696684062 0.035658982 0.715655506
3094.000000 2.323688507 -1.093264699 13.040390015 0.034497969 0.695940733 0.035831366 0.716374516
3095.000000 2.330458641 -1.088389277 13.040158272 0.034906510 0.703426301 0.037378065 0.708925843
3096.000000 2.326683044 -1.089827061 13.034588814 0.034632113 0.702637851 0.037500713 0.709714293
3097.000000 2.342906952 -1.080067396 13.027037621 0.035800390 0.708423376 0.039796583 0.703754961
3098.000000 2.337583542 -1.089164972 13.039428711 0.034600869 0.709764183 0.040505212 0.702422202
3099.000000 2.355507851 -1.088038802 13.026738167 0.032004524 0.714663148 0.041073900 0.697528064
3100.000000 2.350378990 -1.087067723 13.029611588 0.032106899 0.714877665 0.040783573 0.697320461
3101.000000 2.365022659 -1.084310651 13.028041840 0.029706364 0.722412944 0.043000042 0.689484000
3102.000000 2.358207703 -1.083219647 13.032011032 0.029831463 0.722678781 0.042853050 0.689209044
3103.000000 2.382445335 -1.083844781 13.027927399 0.029754434 0.729560971 0.044358533 0.681826890
3104.000000 2.375230789 -1.082215786 13.025266647 0.030193586 0.729075789 0.044517066 0.682315946
3105.000000 2.390254021 -1.083586216 13.020760536 0.029781163 0.735459268 0.046575978 0.675309896
3106.000000 2.386399269 -1.084079862 13.020792007 0.029676769 0.735386014 0.046532836 0.675397277
3107.000000 2.402850151 -1.069645166 13.018218040 0.030620769 0.739836872 0.046541627 0.670475721
3108.000000 2.399026871 -1.067425966 13.016009331 0.031060273 0.739458323 0.046515021 0.670874834
3109.000000 2.427959442 -1.075070500 13.022345543 0.025123430 0.746502221 0.046031930 0.663313150
3110.000000 2.423729897 -1.075811982 13.025223732 0.025032213 0.746779263 0.046135075 0.662997484
3111.000000 2.446664810 -1.075327158 13.030922890 0.027396040 0.754467666 0.044297613 0.654267311
3112.000000 2.440984726 -1.075285435 13.029307365 0.027401874 0.754204214 0.044383589 0.654565036
3113.000000 2.461660385 -1.079929590 13.023834229 0.028138058 0.761679888 0.043800589 0.645858824
3114.000000 2.456291199 -1.078097820 13.019189835 0.028157923 0.761111498 0.043179024 0.646569490
3115.000000 2.475262642 -1.075166941 13.025954247 0.029394265 0.768732965 0.042695653 0.637465954
3116.000000 2.469265938 -1.072860718 13.025951385 0.029726772 0.768629491 0.042540859 0.637585580
3117.000000 2.494050980 -1.072039723 13.023346901 0.027006600 0.775799453 0.040569693 0.629094660
3118.000000 2.485046387 -1.077375174 13.021670341 0.026173111 0.775580704 0.040999651 0.629371643
3119.000000 2.508000374 -1.075616121 13.020652771 0.028135631 0.782684982 0.041808106 0.620374620
3120.000000 2.504666328 -1.076707363 13.025984764 0.028037209 0.783157647 0.042010229 0.619768679
3121.000000 2.521174431 -1.073875666 13.036883354 0.027066385 0.794509649 0.042795882 0.605136633
3122.000000 2.517427444 -1.074035406 13.038358688 0.027055252 0.794603646 0.042782892 0.605014622
3123.000000 2.512928009 -1.074316978 13.037914276 0.027072214 0.794401884 0.043051094 0.605259717
3124.000000 2.528151512 -1.071319461 13.038017273 0.024377596 0.800605476 0.043307796 0.597127378
3125.000000 2.524364471 -1.072017908 13.038388252 0.024237556 0.800589979 0.043389939 0.597147882
3126.000000 2.537317276 -1.071075201 13.037487030 0.022824503 0.805786490 0.045955345 0.589979112
3127.000000 2.534382820 -1.071133375 13.038431168 0.022720447 0.805822730 0.045920964 0.589936316
3128.000000 2.535649300 -1.070414066 13.039808273 0.022960760 0.808080196 0.046904236 0.586753070
3129.000000 2.542359352 -1.065295815 13.040503502 0.021666842 0.810411453 0.047824118 0.583503783
3130.000000 2.541251183 -1.066031218 13.041723251 0.021562772 0.810494423 0.047890767 0.583386958
3131.000000 2.553088188 -1.063660741 13.038514137 0.016569374 0.811566055 0.048452910 0.582012236
3132.000000 2.552971840 -1.065194011 13.039033890 0.016110485 0.811631918 0.048224606 0.581952333
3133.000000 2.559267998 -1.066178918 13.042062759 0.013076318 0.812986553 0.051176082 0.579881907
3134.000000 2.557864189 -1.065907717 13.040944099 0.012998338 0.812849581 0.050892606 0.580100417
3135.000000 2.568713188 -1.064957619 13.042619705 0.012881325 0.813508987 0.054016851 0.578895032
3136.000000 2.568438530 -1.064989090 13.042503357 0.012854409 0.813483834 0.053996164 0.578932941
3137.000000 2.575367928 -1.052900314 13.042933464 0.012981366 0.812568069 0.054963317 0.580123842
3138.000000 2.577994347 -1.057765484 13.044112206 0.012110127 0.812725127 0.054950792 0.579923928
3139.000000 2.587733269 -1.044703722 13.050277710 0.012695354 0.809698343 0.057219405 0.583912194
3140.000000 2.587167740 -1.044257522 13.044621468 0.012763976 0.809189081 0.057352595 0.584603190
3141.000000 2.590948105 -1.048068404 13.042710304 0.011724725 0.806658685 0.058127113 0.588035285
3142.000000 2.604280472 -1.056059837 13.047148705 0.010582898 0.802622974 0.056880806 0.593674183
3143.000000 2.602099419 -1.051864028 13.045819283 0.011747290 0.802446187 0.057481159 0.593833387
3144.000000 2.612613678 -1.047276497 13.035257339 0.012185076 0.797667384 0.055034775 0.600457728
3145.000000 2.616956711 -1.046772242 13.038257599 0.012538832 0.797917128 0.055356558 0.600088954
3146.000000 2.628992081 -1.036431789 13.035168648 0.017939029 0.789500356 0.055562168 0.610966742
3147.000000 2.629409790 -1.036200166 13.032363892 0.018078385 0.789211392 0.055658571 0.611326873
3148.000000 2.632422447 -1.038465977 13.026576042 0.018609678 0.780464590 0.053249210 0.622650266
3149.000000 2.638399124 -1.037148476 13.026741028 0.019405287 0.780294895 0.053760163 0.622794747
3150.000000 2.651791573 -1.038380980 13.027605057 0.017926771 0.773002148 0.052183606 0.631999433
3151.000000 2.657913208 -1.038574219 13.027174950 0.018014291 0.772921324 0.052294828 0.632086575
3152.000000 2.670043945 -1.038459539 13.022230148 0.017008927 0.766801238 0.047799204 0.639876425
3153.000000 2.671715736 -1.040340543 13.023961067 0.016751055 0.766986072 0.048165146 0.639634252
3154.000000 2.683677673 -1.039027095 13.020545006 0.019906007 0.760587990 0.048670921 0.647101879
3155.000000 2.690156937 -1.037957072 13.023839951 0.020946059 0.760728002 0.049590521 0.646834552
3156.000000 2.686601639 -1.035363555 13.017570496 0.022986118 0.752309322 0.049906809 0.656514823
3157.000000 2.691332817 -1.033767581 13.017212868 0.023466466 0.752104223 0.049867917 0.656735718
3158.000000 2.702295303 -1.037207365 13.024026871 0.022777721 0.742088318 0.049662966 0.668071628
3159.000000 2.705194473 -1.039879322 13.021746635 0.022520447 0.741715193 0.050047651 0.668465972
3160.000000 2.705977440 -1.032353878 13.016756058 0.024915904 0.729794204 0.049688686 0.681403518
3161.000000 2.714259148 -1.031690717 13.019254684 0.025194399 0.729874134 0.049580861 0.681315482
3162.000000 2.714780807 -1.038335800 13.020942688 0.023133956 0.725344479 0.050050143 0.686174393
3163.000000 2.722011566 -1.032494068 13.018070221 0.024047134 0.715418756 0.050196566 0.696475506
3164.000000 2.723333359 -1.027071714 13.018662453 0.026165361 0.715024054 0.050648015 0.696771681
3165.000000 2.738602638 -1.027666211 13.031019211 0.024451585 0.705935717 0.050548609 0.706046641
3166.000000 2.732883453 -1.032622933 13.022772789 0.023391185 0.705154836 0.051271658 0.706810296
3167.000000 2.740268707 -1.033916235 13.021790504 0.023716461 0.699369371 0.048950016 0.712687790
3168.000000 2.739066124 -1.030167341 13.019919395 0.025584601 0.694438457 0.048201174 0.717479885
3169.000000 2.736865997 -1.032167673 13.020428658 0.024730938 0.685580373 0.049170550 0.725913405
3170.000000 2.749179840 -1.027896643 13.027115822 0.026090370 0.686147690 0.049000010 0.725341082
3171.000000 2.743869781 -1.027223349 13.020317078 0.026999332 0.679142594 0.050314397 0.731781960
3172.000000 2.736750603 -1.030617356 13.016034126 0.026044514 0.671627045 0.052677680 0.738555253
3173.000000 2.749180794 -1.029958010 13.025185585 0.025873378 0.665842116 0.052798972 0.743772209
3174.000000 2.759338379 -1.031788468 13.027416229 0.023873422 0.655205429 0.051752876 0.753297746
3175.000000 2.762163162 -1.030954242 13.027032852 0.024162618 0.655094445 0.051764246 0.753384292
3176.000000 2.769676685 -1.038241744 13.028350830 0.022795679 0.648240030 0.049892895 0.759457648
3177.000000 2.772600174 -1.037388325 13.032972336 0.024247924 0.648654222 0.051119633 0.758977354
3178.000000 2.777637959 -1.035517573 13.032341003 0.023095192 0.641907156 0.050421569 0.764774203
3179.000000 2.781212330 -1.032893181 13.033610344 0.024090691 0.641981184 0.050514493 0.764675140
3180.000000 2.780297756 -1.034411550 13.034610748 0.023878058 0.638770759 0.051085830 0.767327845
3181.000000 2.781031132 -1.037100792 13.032403946 0.022984508 0.631947875 0.050593235 0.773016155
3182.000000 2.788584232 -1.036265731 13.035799980 0.023396883 0.632256567 0.050532520 0.772755325
3183.000000 2.801092148 -1.036099076 13.039477348 0.022933422 0.627491653 0.047987357 0.776804745
3184.000000 2.803847313 -1.037316442 13.040761948 0.022617530 0.627647817 0.047932837 0.776691198
3185.000000 2.814700603 -1.031686306 13.041688919 0.024403054 0.620074749 0.045678653 0.782831609
3186.000000 2.810254574 -1.034252882 13.039130211 0.024107380 0.619701445 0.046215106 0.783104837
3187.000000 2.826858997 -1.033780456 13.047090530 0.025416341 0.613973141 0.045397475 0.787610412
3188.000000 2.826402664 -1.035096169 13.046807289 0.025038021 0.613994658 0.045451865 0.787602484
3189.000000 2.833924294 -1.034723520 13.046024323 0.025547411 0.607516527 0.044944268 0.792622924
3190.000000 2.835243225 -1.035546303 13.048122406 0.025953932 0.607775688 0.045467976 0.792381167
3191.000000 2.842128277 -1.033328533 13.050508499 0.022225758 0.603563607 0.044461820 0.795763910
3192.000000 2.845454693 -1.032735348 13.053363800 0.022914834 0.603906810 0.044868104 0.795461178
3193.000000 2.851861954 -1.033370137 13.052806854 0.019139364 0.600038648 0.044483472 0.798503935
3194.000000 2.851046562 -1.034232140 13.053629875 0.019218991 0.600138545 0.044910494 0.798403084
3195.000000 2.872174740 -1.038907290 13.063698769 0.016695816 0.600995958 0.047025755 0.797692835
3196.000000 2.873673439 -1.040277600 13.064085960 0.016196949 0.601114571 0.046956316 0.797617733
3197.000000 2.882938385 -1.038097501 13.071002960 0.017947149 0.601265669 0.047713313 0.797421515
3198.000000 2.892949581 -1.043311834 13.076023102 0.018160539 0.601137698 0.048128020 0.797488213
3199.000000 2.893673420 -1.042823315 13.075294495 0.018416269 0.600992799 0.048283108 0.797582209
3200.000000 2.914246559 -1.046845317 13.085510254 0.020196177 0.602686584 0.044438861 0.796483636
3201.000000 2.915481091 -1.043959856 13.085571289 0.021532230 0.602459013 0.044864152 0.796597004
3202.000000 2.921680450 -1.042721033 13.083571434 0.023769783 0.606361449 0.039026525 0.793875158
3203.000000 2.913595200 -1.045491934 13.081624031 0.022905933 0.606260240 0.039322030 0.793963253
3204.000000 2.929762363 -1.044518471 13.084844589 0.025690721 0.611781657 0.039362583 0.789628923
3205.000000 2.924919128 -1.046025157 13.083948135 0.025177622 0.611713886 0.039526477 0.789689660
3206.000000 2.931422710 -1.047125816 13.085979462 0.026816489 0.614914536 0.040929165 0.787074208
3207.000000 2.934663296 -1.043412924 13.082901001 0.029243417 0.618331313 0.042634085 0.784215271
3208.000000 2.932150841 -1.042718530 13.082861900 0.029351747 0.618312240 0.042561002 0.784230292
3209.000000 2.942218781 -1.043070674 13.083980560 0.025848014 0.622040808 0.042516015 0.781402290
3210.000000 2.941769600 -1.043485880 13.083230972 0.025544018 0.621880889 0.042460330 0.781542599
3211.000000 2.968258381 -1.049296379 13.092830658 0.022839399 0.631183147 0.041406777 0.774191022
3212.000000 2.961584568 -1.049778223 13.092100143 0.022775454 0.631064713 0.041624982 0.774277687
3213.000000 2.975182056 -1.048450351 13.091353416 0.026401145 0.641344786 0.041986667 0.765648127
3214.000000 2.968237400 -1.047621965 13.089031219 0.026408220 0.641005337 0.041972507 0.765932798
3215.000000 2.965061188 -1.050007701 13.083566666 0.025047150 0.645382762 0.043132916 0.762229145
3216.000000 2.975380898 -1.045178056 13.086311340 0.024917142 0.650936663 0.043426000 0.757479310
3217.000000 2.983071327 -1.045486212 13.086013794 0.024600968 0.655812860 0.043876085 0.753245771
3218.000000 2.998220444 -1.043206930 13.084535599 0.023970932 0.665818810 0.043028750 0.744485915
3219.000000 2.984736443 -1.043157101 13.076887131 0.023472616 0.664778709 0.042823493 0.745442510
3220.000000 3.017917633 -1.039239526 13.086744308 0.022566888 0.675958812 0.043676924 0.735297799
3221.000000 3.013332367 -1.040318251 13.083498001 0.021867014 0.675651729 0.043699846 0.735599756
3222.000000 3.025815964 -1.034127593 13.083619118 0.021054175 0.683186173 0.042859878 0.728681386
3223.000000 3.021302223 -1.033827782 13.083429337 0.021177143 0.683132231 0.043091949 0.728714645
3224.000000 3.040068626 -1.032705069 13.080307961 0.017546274 0.689310670 0.041140720 0.723083973
3225.000000 3.035674095 -1.035327196 13.079289436 0.016040379 0.689320028 0.040802922 0.723129153
3226.000000 3.074815750 -1.029969573 13.081480980 0.018021597 0.697883606 0.040262099 0.714851499
3227.000000 3.069810867 -1.031123281 13.078508377 0.017329898 0.697443187 0.040184639 0.715302706
3228.000000 3.079491615 -1.031814933 13.069131851 0.018030729 0.702334404 0.038022321 0.710602283
3229.000000 3.068024635 -1.031528950 13.065952301 0.017792527 0.702022612 0.037652474 0.710936069
3230.000000 3.121438980 -1.034001827 13.070749283 0.019409921 0.711609840 0.037813213 0.701288104
3231.000000 3.115597725 -1.034770131 13.070211411 0.019198939 0.711493611 0.037939336 0.701404929
3232.000000 3.132030487 -1.031995296 13.061150551 0.023338592 0.719261229 0.039445877 0.693226278
3233.000000 3.122158051 -1.032558680 13.055476189 0.023180276 0.718431890 0.040001545 0.694059253
3234.000000 3.149477005 -1.029874086 13.056273460 0.024415134 0.727173090 0.040239617 0.684838653
3235.000000 3.143113136 -1.030927658 13.053268433 0.023967313 0.726734161 0.040208016 0.685322225
3236.000000 3.160459518 -1.025933504 13.047018051 0.026973022 0.733603179 0.041092467 0.677798152
3237.000000 3.156089783 -1.025968552 13.044544220 0.026895342 0.733205438 0.041118555 0.678229868
3238.000000 3.176670074 -1.025974274 13.042339325 0.029454388 0.738977849 0.041605119 0.671798587
3239.000000 3.171992302 -1.026332974 13.039425850 0.029373070 0.738488734 0.041869015 0.672323346
3240.000000 3.176856041 -1.025605321 13.034104347 0.030533170 0.740983963 0.041446052 0.669546723
3241.000000 3.183903694 -1.019749880 13.025460243 0.030264884 0.745579064 0.040369179 0.664504528
3242.000000 3.178294182 -1.020390511 13.022406578 0.029915627 0.745146751 0.040436078 0.665001035
3243.000000 3.181872368 -1.019644499 13.018620491 0.027016845 0.748124599 0.040068511 0.661796272
3244.000000 3.192926407 -1.020465493 13.020893097 0.024740107 0.751810133 0.039824005 0.657710969
3245.000000 3.205612183 -1.016502619 13.020887375 0.025636898 0.758151233 0.041644443 0.650242448
3246.000000 3.199080467 -1.019464731 13.017930031 0.024720991 0.757815778 0.041662898 0.650667608
3247.000000 3.217925072 -1.017745256 13.020735741 0.024723854 0.763970792 0.045841914 0.643145323
3248.000000 3.214747429 -1.019205213 13.019154549 0.024237411 0.763725042 0.045744758 0.643462598
3249.000000 3.228240013 -1.014365792 13.018225670 0.027362375 0.769306004 0.048872348 0.636420548
3250.000000 3.223842621 -1.015346766 13.015881538 0.026986035 0.768984854 0.048856229 0.636825860
3251.000000 3.227860451 -1.014333129 13.013460159 0.026087834 0.771437645 0.049814466 0.633815348
3252.000000 3.238918304 -1.012519956 13.011711121 0.023830036 0.776345313 0.053913675 0.627545655
3253.000000 3.236573219 -1.014331579 13.011133194 0.023326637 0.776216924 0.053925201 0.627722323
3254.000000 3.245372772 -1.015600562 13.012402534 0.022389391 0.779191077 0.055163082 0.623952866
3255.000000 3.263938904 -1.011849642 13.010155678 0.022705033 0.781660855 0.054066703 0.620940924
3256.000000 3.269420624 -1.014710426 13.007007599 0.022275347 0.784487903 0.054981321 0.617300332
3257.000000 3.273288727 -1.015464544 12.999966621 0.021502476 0.787327349 0.054982807 0.613702059
3258.000000 3.287478447 -1.014680743 13.000841141 0.019489298 0.795374334 0.055249125 0.603280544
3259.000000 3.290130615 -1.012759089 13.005224228 0.019842474 0.795775414 0.055028923 0.602759957
3260.000000 3.300909996 -1.001900792 12.999704361 0.021521108 0.802968204 0.053415362 0.593233287
3261.000000 3.299860954 -1.000051498 13.000403404 0.021987623 0.803030193 0.053533077 0.593121707
3262.000000 3.306158066 -0.999453187 13.006057739 0.022358410 0.807535529 0.053023636 0.587005198
3263.000000 3.321968079 -1.000692606 13.000112534 0.019687507 0.814313948 0.053531036 0.577615499
3264.000000 3.325312614 -0.996142507 13.006163597 0.020774381 0.814821064 0.053467043 0.576867700
3265.000000 3.338361740 -0.998857379 13.009223938 0.020309897 0.819552779 0.051885847 0.570288241
3266.000000 3.341770172 -1.000309467 13.005758286 0.021471417 0.823702455 0.051611569 0.564260244
3267.000000 3.356554985 -0.989609301 13.006887436 0.025827762 0.827591479 0.051928122 0.558326781
3268.000000 3.360677719 -0.988903165 13.002590179 0.027214119 0.830293417 0.051238976 0.554298639
3269.000000 3.366211891 -0.992093086 12.997252464 0.026918789 0.832589686 0.050876919 0.550891459
3270.000000 3.372192383 -0.991019607 13.000908852 0.025878346 0.835339189 0.051173698 0.546735942
3271.000000 3.392266273 -0.981556177 13.000444412 0.026013780 0.839871109 0.049065806 0.539937437
3272.000000 3.385150909 -0.965186238 13.001959801 0.027960967 0.839802742 0.047609828 0.540076673
3273.000000 3.400907516 -0.970058978 13.002246857 0.027865134 0.844650328 0.046937905 0.532528162
3274.000000 3.398139000 -0.967838824 13.003473282 0.028434608 0.844627976 0.047158681 0.532514036
3275.000000 3.413914680 -0.967305064 13.002889633 0.030391263 0.849002123 0.046770830 0.525437236
3276.000000 3.414075851 -0.967360973 13.003044128 0.030487355 0.849026918 0.046866365 0.525383174
3277.000000 3.421088219 -0.966742218 13.001039505 0.031975489 0.850589216 0.047035471 0.522745907
3278.000000 3.429018021 -0.967786372 12.999506950 0.032844543 0.852028072 0.046987239 0.520347595
3279.000000 3.446455002 -0.969971478 13.000821114 0.036138039 0.854210377 0.047737617 0.516468585
3280.000000 3.444990158 -0.970069826 12.997253418 0.035977576 0.853931487 0.047735434 0.516940951
3281.000000 3.450148582 -0.971938491 12.996199608 0.037038326 0.853880107 0.048297826 0.516898811
3282.000000 3.451075554 -0.968307376 13.005115509 0.037488695 0.854807258 0.048533566 0.515309274
3283.000000 3.457103729 -0.968957901 13.003005981 0.036115535 0.855092406 0.048527800 0.514934719
3284.000000 3.468945503 -0.974591255 13.000886917 0.033269700 0.854790866 0.052943893 0.515191853
3285.000000 3.465718269 -0.972247422 13.005167007 0.033544257 0.855027974 0.052761663 0.514799118
3286.000000 3.471852303 -0.956960499 13.007637978 0.035135470 0.852825582 0.055858769 0.518009484
3287.000000 3.472041130 -0.958028555 13.009881020 0.035005897 0.852976739 0.056017995 0.517752230
3288.000000 3.485511780 -0.953483939 13.000658035 0.030832624 0.850280643 0.055081811 0.522530675
3289.000000 3.486521721 -0.952606499 13.002780914 0.030935226 0.850460649 0.054986633 0.522241533
3290.000000 3.497294426 -0.953660190 12.997313499 0.030782510 0.845702708 0.055590220 0.529857635
3291.000000 3.512973785 -0.951724172 12.995379448 0.029967830 0.840183496 0.055907693 0.538579583
3292.000000 3.513032913 -0.941679358 12.999242783 0.031621553 0.840369165 0.055275351 0.538260579
3293.000000 3.517714500 -0.951919436 12.995388031 0.029912852 0.830881715 0.059372470 0.552463412
3294.000000 3.518824577 -0.948542953 13.001659393 0.030011347 0.831376910 0.058714110 0.551783025
3295.000000 3.530127525 -0.936023176 13.010702133 0.031847976 0.821222305 0.058392439 0.566718578
3296.000000 3.543542862 -0.938683629 13.017578125 0.030558221 0.811136723 0.057145849 0.581255436
3297.000000 3.544211388 -0.942831993 13.014841080 0.030009475 0.810927927 0.057497200 0.581540644
3298.000000 3.547634125 -0.939611793 13.007780075 0.025898043 0.800511003 0.058268420 0.595916390
3299.000000 3.542378426 -0.931030750 13.034327507 0.027386652 0.802622855 0.057638016 0.593063653
3300.000000 3.581730843 -0.930364609 13.038625717 0.028530419 0.792640805 0.056757178 0.606370628
3301.000000 3.570093155 -0.939493299 13.009288788 0.026082400 0.773778915 0.055150568 0.630511284
3302.000000 3.567894936 -0.940155506 13.012392998 0.026393661 0.773866117 0.055460934 0.630363941
3303.000000 3.570329666 -0.941468418 13.013843536 0.025999069 0.774091303 0.055364709 0.630112290
3304.000000 3.586260796 -0.942311883 13.016201019 0.027241515 0.766517460 0.054596346 0.639318526
3305.000000 3.589397430 -0.943573713 13.018342018 0.026775878 0.766856790 0.054250665 0.638960600
3306.000000 3.604919434 -0.947800934 13.016404152 0.028260412 0.758863032 0.053361002 0.648445010
3307.000000 3.612780571 -0.936481476 13.013137817 0.031210182 0.748801649 0.052247737 0.659994125
3308.000000 3.617768288 -0.935951948 13.012441635 0.030408133 0.737945259 0.050635133 0.672270894
3309.000000 3.622540474 -0.935761929 13.014703751 0.030467192 0.738265693 0.050457884 0.671929657
3310.000000 3.629116058 -0.928651690 13.018100739 0.032164022 0.732194006 0.050163131 0.678484380
3311.000000 3.632855415 -0.939465046 13.013921738 0.029921623 0.719702601 0.047475349 0.692010820
3312.000000 3.633801460 -0.941145897 13.012357712 0.029245356 0.719628632 0.047021441 0.692147732
3313.000000 3.644458771 -0.943544447 13.019329071 0.028158579 0.716022551 0.045561887 0.696019411
3314.000000 3.650319099 -0.941812932 13.018465042 0.028961349 0.711952090 0.045098983 0.700179756
3315.000000 3.656568527 -0.944098711 13.020068169 0.030096289 0.708487868 0.044802990 0.703656137
3316.000000 3.657824516 -0.938338876 13.015813828 0.035759978 0.699075103 0.044238843 0.712782085
3317.000000 3.662669182 -0.940629303 13.018392563 0.035124019 0.699563086 0.044042017 0.712346911
3318.000000 3.661330223 -0.936136484 13.016489029 0.036050204 0.689200699 0.044687495 0.722292006
3319.000000 3.663009644 -0.938562512 13.015525818 0.035462357 0.689082503 0.044639062 0.722436905
3320.000000 3.669774055 -0.936324477 13.022378922 0.033395227 0.679347575 0.045393988 0.731649518
3321.000000 3.669508934 -0.938163161 13.019390106 0.032608096 0.679144204 0.045263816 0.731881917
3322.000000 3.678688526 -0.944419682 13.024455070 0.031905469 0.671763361 0.045594726 0.738672614
3323.000000 3.678533554 -0.947302282 13.022511482 0.031023273 0.671630800 0.045513052 0.738835752
3324.000000 3.686415672 -0.955917776 13.027151108 0.032471534 0.666822791 0.047519762 0.742990494
3325.000000 3.685615540 -0.957056642 13.025650024 0.032438759 0.666683614 0.047757186 0.743101656
3326.000000 3.685649872 -0.951618433 13.020256042 0.035298217 0.659830809 0.046578642 0.749138117
3327.000000 3.686211109 -0.951063335 13.020988464 0.035692226 0.659931481 0.046755750 0.749019682
3328.000000 3.692988396 -0.950919747 13.023749352 0.034754653 0.657253027 0.046418861 0.751435935
3329.000000 3.694983482 -0.952934146 13.021676064 0.033426534 0.651473701 0.048212256 0.756399572
3330.000000 3.694500923 -0.953494310 13.019905090 0.033279005 0.651330769 0.048372127 0.756519020
3331.000000 3.708847046 -0.955186844 13.027656555 0.032907791 0.646846950 0.049207281 0.760318816
3332.000000 3.711621761 -0.953431726 13.030403137 0.033515889 0.647343218 0.049092133 0.759877205
3333.000000 3.724336147 -0.958049655 13.040391922 0.030750195 0.647170722 0.048343059 0.760189176
3334.000000 3.738946915 -0.958886087 13.041377068 0.031921942 0.645542860 0.046288516 0.761651278
3335.000000 3.740069389 -0.956993401 13.041107178 0.032665730 0.645474911 0.046332985 0.761674762
3336.000000 3.749878883 -0.953492820 13.044971466 0.033578318 0.644821525 0.045585826 0.762233377
3337.000000 3.749354362 -0.956210077 13.044403076 0.032855820 0.644818187 0.045805499 0.762254536
3338.000000 3.775616169 -0.958104134 13.054093361 0.030979309 0.645198643 0.044347502 0.762097359
3339.000000 3.777319431 -0.957220256 13.054817200 0.031365510 0.645293176 0.044483095 0.761993647
3340.000000 3.791530132 -0.960878849 13.056952477 0.032395832 0.644133270 0.044782732 0.762913704
3341.000000 3.790605545 -0.961244583 13.055960655 0.032179873 0.644014955 0.044711802 0.763026953
3342.000000 3.806779861 -0.954957485 13.063913345 0.033922739 0.644613564 0.044606220 0.762451947
3343.000000 3.808859348 -0.955317140 13.065587044 0.033760741 0.644883871 0.044520371 0.762235522
3344.000000 3.814188480 -0.949187875 13.061709404 0.035463057 0.641205966 0.044274330 0.765269339
3345.000000 3.814113617 -0.949770272 13.062549591 0.035276387 0.641369522 0.044349954 0.765136540
3346.000000 3.820208549 -0.956907928 13.062080383 0.031933233 0.639938772 0.043596819 0.766523302
3347.000000 3.835121155 -0.962205529 13.071479797 0.032906540 0.640291572 0.042898189 0.766226947
3348.000000 3.836114883 -0.962253451 13.072128296 0.032905199 0.640443802 0.042915307 0.766098738
3349.000000 3.843718052 -0.960330248 13.069798470 0.036628239 0.638851225 0.042836670 0.767262995
3350.000000 3.843636036 -0.960477769 13.069974899 0.036541853 0.638947964 0.042808849 0.767188132
3351.000000 3.850922585 -0.960293293 13.072973251 0.036670301 0.638551593 0.043158256 0.767492473
3352.000000 3.862043858 -0.963260055 13.076895714 0.036130894 0.638627410 0.041365337 0.767553568
3353.000000 3.862224579 -0.963177800 13.077183723 0.036180466 0.638737082 0.041331194 0.767461777
3354.000000 3.872262001 -0.962568104 13.080784798 0.037915342 0.639018893 0.042290092 0.767091155
3355.000000 3.872360706 -0.963014901 13.081014633 0.037656594 0.639132559 0.042216044 0.767013252
3356.000000 3.882092953 -0.964451134 13.083103180 0.036143597 0.639020979 0.041349821 0.767226279
3357.000000 3.882334709 -0.964457512 13.083506584 0.036187500 0.639133692 0.041426305 0.767126083
3358.000000 3.894626617 -0.967991471 13.087519646 0.035879914 0.642796814 0.039168075 0.764192939
3359.000000 3.894221783 -0.967724323 13.086833954 0.035952386 0.642551720 0.039035574 0.764402330
3360.000000 3.905723095 -0.968688488 13.087714195 0.035772432 0.647478044 0.039170809 0.760235667
3361.000000 3.905156612 -0.968540430 13.086945534 0.035879865 0.647179604 0.039351773 0.760475397
3362.000000 3.917350292 -0.969948351 13.088089943 0.037446480 0.654092193 0.040066890 0.754424214
3363.000000 3.916608334 -0.969470620 13.086828232 0.037594147 0.653579593 0.040005121 0.754864335
3364.000000 3.926898003 -0.968540490 13.083560944 0.037869800 0.659685612 0.043494441 0.749325752
3365.000000 3.926222324 -0.966769457 13.082204819 0.038838349 0.659083486 0.043720134 0.749792755
3366.000000 3.937835217 -0.969896555 13.081277847 0.034190740 0.667243421 0.043393429 0.742788136
3367.000000 3.935897827 -0.966620862 13.077397346 0.035528112 0.666000843 0.042976901 0.743864000
3368.000000 3.956232071 -0.970934391 13.081825256 0.031692073 0.677052915 0.045920145 0.733816385
3369.000000 3.951895714 -0.967934489 13.078123093 0.032706197 0.676330030 0.045309961 0.734476030
3370.000000 3.958459377 -0.966246247 13.074570656 0.033442587 0.680335820 0.046678871 0.730647564
3371.000000 3.977617264 -0.965628564 13.072692871 0.033265181 0.688979864 0.045873784 0.722561955
3372.000000 3.974545479 -0.965318918 13.070280075 0.033306964 0.688509762 0.045545559 0.723028839
3373.000000 3.992312431 -0.959609032 13.066668510 0.036032587 0.696287215 0.044640288 0.715467095
3374.000000 3.989459991 -0.959165692 13.063766479 0.036027271 0.695636511 0.044322416 0.716119826
3375.000000 4.011367798 -0.956037641 13.064443588 0.039022580 0.701838613 0.044348884 0.709882379
3376.000000 4.008051872 -0.953858316 13.061731339 0.040161304 0.701237679 0.044649307 0.710393846
3377.000000 4.025679588 -0.954158664 13.054683685 0.040900152 0.705750227 0.045140721 0.705837190
3378.000000 4.019750595 -0.956167519 13.050426483 0.039945297 0.705126643 0.044863414 0.706532419
3379.000000 4.041927338 -0.958230138 13.049739838 0.039207369 0.711426377 0.045148488 0.700212061
3380.000000 4.039653778 -0.956412852 13.046333313 0.039735820 0.710777521 0.044947568 0.700853944
3381.000000 4.061841965 -0.953889072 13.046739578 0.042977594 0.719170690 0.044217438 0.692091942
3382.000000 4.058674812 -0.953975737 13.044925690 0.043029357 0.718823016 0.044354174 0.692441165
3383.000000 4.065840721 -0.952315748 13.041934967 0.044898566 0.722657800 0.044318222 0.688320935
3384.000000 4.073705673 -0.951643825 13.038314819 0.046317238 0.726169646 0.043809146 0.684553266
3385.000000 4.080405235 -0.950074255 13.034795761 0.047384214 0.729357123 0.042670302 0.681155086
3386.000000 4.095460892 -0.943882942 13.027114868 0.046217792 0.735149503 0.041684940 0.675041854
3387.000000 4.093350410 -0.943442941 13.025946617 0.046455428 0.734918773 0.041772101 0.675271332
3388.000000 4.116211891 -0.946288824 13.028678894 0.046936166 0.742341697 0.040968530 0.667118847
3389.000000 4.116391182 -0.945647717 13.029205322 0.047115438 0.742389619 0.040922601 0.667055547
3390.000000 4.121070862 -0.940714240 13.016375542 0.049256608 0.747445405 0.040031504 0.661284208
3391.000000 4.120613098 -0.940324724 13.014978409 0.049384315 0.747232735 0.040057562 0.661513329
3392.000000 4.137382507 -0.935532928 13.014210701 0.046761084 0.753569007 0.042013377 0.654356241
3393.000000 4.136330605 -0.933990479 13.012397766 0.047121786 0.753330767 0.041857451 0.654614687
3394.000000 4.151535034 -0.942977905 13.009080887 0.045559380 0.761446714 0.043554276 0.645156085
3395.000000 4.149076462 -0.941922784 13.006374359 0.045963362 0.761016190 0.043614414 0.645631194
3396.000000 4.161808968 -0.939302444 13.003892899 0.049094312 0.769499242 0.046280619 0.635073900
3397.000000 4.156963348 -0.937004268 13.001056671 0.050075445 0.768959165 0.046408899 0.635641873
3398.000000 4.163006783 -0.932500780 12.998571396 0.050555021 0.775484979 0.047915909 0.627512097
3399.000000 4.162216187 -0.931704283 12.996557236 0.050783522 0.775221467 0.047938138 0.627817452
3400.000000 4.164624214 -0.928679705 12.992408752 0.043778617 0.779264331 0.049971677 0.623164058
3401.000000 4.168455124 -0.923881352 12.995147705 0.045225009 0.779563904 0.049776200 0.622701526
3402.000000 4.174834251 -0.924377263 12.994315147 0.042717759 0.781345904 0.050609581 0.620574296
3403.000000 4.178072929 -0.923179567 12.989364624 0.042999420 0.784051836 0.053333063 0.616903126
3404.000000 4.178783417 -0.922181964 12.989165306 0.043396112 0.784009218 0.053367361 0.616926491
3405.000000 4.188989639 -0.927707434 12.990330696 0.038520560 0.788401783 0.055530190 0.611437142
3406.000000 4.188917160 -0.926622808 12.987323761 0.038714454 0.788073421 0.055430762 0.611856997
3407.000000 4.199090958 -0.927375972 12.989917755 0.035062395 0.792516470 0.058563206 0.606018722
3408.000000 4.193049431 -0.922690749 12.981343269 0.035628073 0.791404545 0.058054544 0.607485950
3409.000000 4.203841209 -0.918923378 12.985280037 0.035518248 0.795788169 0.060149230 0.601532817
3410.000000 4.203479767 -0.917755365 12.981503487 0.035917398 0.795357704 0.060191564 0.602073967
3411.000000 4.215501785 -0.922077060 12.985313416 0.033140171 0.799989223 0.058991477 0.596187174
3412.000000 4.214439392 -0.922284007 12.983171463 0.033361726 0.799700499 0.059138715 0.596547425
3413.000000 4.223653793 -0.912965536 12.983862877 0.034085654 0.802489579 0.059219610 0.592740715
3414.000000 4.222047806 -0.912882209 12.981162071 0.034057885 0.802175403 0.059216719 0.593167961
3415.000000 4.239582062 -0.910312295 12.984160423 0.035055030 0.804480016 0.058623493 0.590039372
3416.000000 4.236601830 -0.908690810 12.981777191 0.035663482 0.804114461 0.058742337 0.590489209
3417.000000 4.257439613 -0.911649764 12.987682343 0.034463000 0.805649459 0.057524379 0.588584960
3418.000000 4.258793831 -0.910805702 12.986497879 0.034661882 0.805582225 0.057476699 0.588669956
3419.000000 4.271021843 -0.904702783 12.987192154 0.034961559 0.805916905 0.055093046 0.588422000
3420.000000 4.273548126 -0.906606853 12.988383293 0.034258336 0.806180835 0.055017974 0.588108778
3421.000000 4.290691376 -0.914154589 12.987143517 0.032621924 0.806535304 0.054888088 0.587727845
3422.000000 4.290934563 -0.914569378 12.986844063 0.032569028 0.806516886 0.054910813 0.587753892
3423.000000 4.308856010 -0.914630532 12.992708206 0.034311268 0.808434308 0.051757220 0.585301638
3424.000000 4.306705475 -0.922595859 12.987598419 0.034992144 0.807759643 0.053905457 0.585998356
3425.000000 4.319501877 -0.919150651 12.992625237 0.035091620 0.808193266 0.051301524 0.585628271
3426.000000 4.317446709 -0.920649052 12.994894981 0.034998678 0.808379531 0.051540155 0.585355759
3427.000000 4.329600334 -0.905651331 12.993723869 0.033889007 0.807158172 0.050288908 0.587212324
3428.000000 4.326316833 -0.907828391 12.996393204 0.033871513 0.807306111 0.050756998 0.586969674
3429.000000 4.340221405 -0.929101467 12.997972488 0.028395100 0.808464766 0.053180289 0.585448861
3430.000000 4.340102196 -0.933578849 12.999720573 0.027698720 0.808671236 0.053679582 0.585151494
3431.000000 4.353713989 -0.915763736 12.997393608 0.034024529 0.809183598 0.052426908 0.584222257
3432.000000 4.356966019 -0.909180403 12.993871689 0.034424543 0.808941662 0.051272456 0.584636152
3433.000000 4.357580185 -0.900678456 12.997371674 0.040547755 0.808085263 0.051761575 0.585384429
3434.000000 4.366477966 -0.896572053 12.995971680 0.042036470 0.803386688 0.054359142 0.591479480
3435.000000 4.362154961 -0.892109394 12.991151810 0.042716410 0.802683949 0.053963605 0.592420280
3436.000000 4.358329773 -0.888225555 12.986729622 0.041483894 0.795247793 0.055503171 0.602311790
3437.000000 4.363890648 -0.891587138 12.998186111 0.040924314 0.796701372 0.055653773 0.600412250
3438.000000 4.370996475 -0.881999314 13.001522064 0.039207477 0.789182484 0.055519920 0.610386312
3439.000000 4.376533508 -0.882143557 13.004205704 0.039158739 0.789717078 0.055533491 0.609696329
3440.000000 4.382217407 -0.883789539 13.006419182 0.036866736 0.780940354 0.055669405 0.621026576
3441.000000 4.385498047 -0.885663629 13.008704185 0.036326218 0.781360805 0.055633955 0.620532513
3442.000000 4.378949165 -0.878236294 13.004905701 0.036433663 0.771397531 0.057072230 0.632741034
3443.000000 4.368336678 -0.874982059 12.995507240 0.036649596 0.769876242 0.056524344 0.634627879
3444.000000 4.385916710 -0.882648528 13.009891510 0.036953852 0.762799442 0.055976961 0.643147051
3445.000000 4.386356354 -0.885336518 13.011755943 0.035919681 0.763053656 0.055917550 0.642909229
3446.000000 4.380487442 -0.879960656 13.005797386 0.037357654 0.752263188 0.056310553 0.655388236
3447.000000 4.381154060 -0.881126344 13.006679535 0.036958314 0.752449632 0.056227792 0.655203938
3448.000000 4.382743835 -0.877821624 13.006433487 0.034673873 0.743558049 0.056017451 0.665418148
3449.000000 4.384544373 -0.879725695 13.006214142 0.033859465 0.743675947 0.055965871 0.665332675
3450.000000 4.396642685 -0.879358053 13.015972137 0.034580622 0.736541808 0.056268435 0.673159897
3451.000000 4.395171165 -0.880295873 13.015635490 0.034406006 0.736441672 0.056390200 0.673268199
3452.000000 4.395117760 -0.881445825 13.008989334 0.036491483 0.727633953 0.055920567 0.682707965
3453.000000 4.402297020 -0.883083582 13.014757156 0.036357377 0.728682280 0.056140050 0.681578100
3454.000000 4.419095039 -0.884140372 13.021565437 0.036927778 0.722287297 0.055706568 0.688356161
3455.000000 4.420903206 -0.884248018 13.025001526 0.037175696 0.722808659 0.055763312 0.687790692
3456.000000 4.439799309 -0.881420672 13.030971527 0.037075214 0.711758614 0.051898893 0.699522436
3457.000000 4.447197914 -0.883811355 13.031584740 0.036489945 0.708261073 0.050624438 0.703186989
3458.000000 4.447602272 -0.882807612 13.032365799 0.036946226 0.708424807 0.050645959 0.702996671
3459.000000 4.448013306 -0.883414388 13.033306122 0.036746770 0.708620906 0.050691769 0.702806115
3460.000000 4.457925797 -0.883294940 13.029875755 0.038031626 0.702096701 0.048354350 0.709419310
3461.000000 4.458500862 -0.883541882 13.030750275 0.037915662 0.702294052 0.048325997 0.709232092
3462.000000 4.465732574 -0.883290648 13.030863762 0.038853958 0.698966980 0.049799576 0.712359130
3463.000000 4.474193573 -0.883618355 13.032460213 0.040315062 0.696287513 0.049815405 0.714896441
3464.000000 4.482267380 -0.881366014 13.032291412 0.041118678 0.693179667 0.048559085 0.717950821
3465.000000 4.489696980 -0.880398810 13.032829285 0.040009186 0.690110266 0.047375470 0.721042752
3466.000000 4.504235268 -0.879553795 13.032206535 0.039318502 0.682851255 0.045853779 0.728056133
3467.000000 4.505386829 -0.879260123 13.033933640 0.039381560 0.683184981 0.045798305 0.727742970
3468.000000 4.512538910 -0.880732119 13.033287048 0.039403003 0.679265320 0.044698801 0.731469870
3469.000000 4.522631168 -0.881546259 13.036462784 0.040258359 0.676849425 0.043122932 0.733753800
3470.000000 4.533606052 -0.882094145 13.031427383 0.039143596 0.671605706 0.042010978 0.738680422
3471.000000 4.542557716 -0.883685291 13.032367706 0.036787983 0.670729101 0.042705864 0.739557564
3472.000000 4.555126190 -0.881619871 13.028835297 0.040219039 0.667529225 0.044615723 0.742156804
3473.000000 4.555914402 -0.882102609 13.029805183 0.040050458 0.667755127 0.044675272 0.741958976
3474.000000 4.566325188 -0.877125859 13.025247574 0.041790847 0.664246500 0.045238368 0.744972289
3475.000000 4.567186832 -0.876890779 13.026683807 0.041791715 0.664488256 0.045097001 0.744765162
3476.000000 4.571504593 -0.878242254 13.020992279 0.040012166 0.659404099 0.044061180 0.749429047
3477.000000 4.571947098 -0.878307998 13.021120071 0.039979078 0.659423888 0.044086553 0.749411941
3478.000000 4.581531048 -0.879232824 13.017639160 0.036293339 0.655993521 0.042705033 0.752682924
3479.000000 4.581909657 -0.878178835 13.017620087 0.036866967 0.655902028 0.042638827 0.752738476
3480.000000 4.592183590 -0.879381180 13.016820908 0.035946112 0.653041661 0.044432387 0.755162418
3481.000000 4.592641354 -0.877400994 13.017122269 0.036990512 0.653031051 0.044419132 0.755122006
3482.000000 4.602609158 -0.875617683 13.017319679 0.037784513 0.649683893 0.047172181 0.757798195
3483.000000 4.602732658 -0.875431776 13.017421722 0.037818287 0.649758458 0.047027916 0.757741511
3484.000000 4.612325668 -0.874431491 13.018332481 0.036028277 0.645759702 0.046478540 0.761272788
3485.000000 4.612840176 -0.874728739 13.018398285 0.035904318 0.645720243 0.046624780 0.761303186
3486.000000 4.623517990 -0.876788914 13.020359039 0.032869175 0.643554151 0.044968747 0.763371229
3487.000000 4.624320507 -0.876200557 13.021099091 0.033189256 0.643658042 0.045095991 0.763262212
3488.000000 4.630502701 -0.875947535 13.020137787 0.032971714 0.643107116 0.044730026 0.763757467
3489.000000 4.641444683 -0.878897011 13.021800041 0.031412460 0.645758808 0.045495186 0.761537373
3490.000000 4.641779900 -0.879613101 13.022042274 0.031011336 0.645744801 0.045471773 0.761567056
3491.000000 4.652487278 -0.875766039 13.019612312 0.032177314 0.646241903 0.046785194 0.761017263
3492.000000 4.652169704 -0.877391279 13.021301270 0.031331040 0.646836936 0.046821624 0.760544598
3493.000000 4.659481525 -0.873024464 13.023654938 0.031855952 0.646852553 0.046802077 0.760510802
3494.000000 4.667326927 -0.872835636 13.024641037 0.030091973 0.646594346 0.046080966 0.760846138
3495.000000 4.675461292 -0.867794991 13.025828362 0.031480309 0.646522224 0.046300918 0.760837853
3496.000000 4.690144539 -0.869847000 13.027516365 0.031088226 0.648320317 0.046215694 0.759327531
3497.000000 4.689540863 -0.870167613 13.026637077 0.031067044 0.648171782 0.046547431 0.759435058
3498.000000 4.706009388 -0.867427945 13.029708862 0.030732045 0.651094019 0.046037391 0.756976008
3499.000000 4.705561638 -0.866352975 13.028770447 0.031156909 0.650866866 0.046149924 0.757147193
3500.000000 4.722949505 -0.866036057 13.034635544 0.037283868 0.649968982 0.052373931 0.757236540
3501.000000 4.723387241 -0.866029382 13.034820557 0.037529580 0.649895549 0.052856438 0.757254004
3502.000000 4.731109142 -0.866605163 13.037351608 0.039085265 0.648890316 0.051089846 0.758158028
3503.000000 4.749629498 -0.868303895 13.041919708 0.038411677 0.651349962 0.048464559 0.756253302
3504.000000 4.749308586 -0.868262708 13.040632248 0.038684703 0.650974274 0.048998013 0.756528437
3505.000000 4.754426479 -0.868135929 13.038867950 0.042106740 0.651479244 0.049335916 0.755888700
3506.000000 4.765614033 -0.867872357 13.041994095 0.040330976 0.652703047 0.047834329 0.755025864
3507.000000 4.765554428 -0.867773175 13.041488647 0.040374011 0.652661681 0.047964439 0.755051136
3508.000000 4.785321236 -0.871482611 13.045801163 0.032051597 0.657230854 0.045213178 0.751648903
3509.000000 4.785700798 -0.871208370 13.044837952 0.032389052 0.657059789 0.045493379 0.751767159
3510.000000 4.800342560 -0.874211252 13.047544479 0.032544781 0.669018745 0.045338113 0.741147220
3511.000000 4.800225735 -0.874215841 13.048118591 0.032572858 0.669173896 0.045325313 0.741006732
3512.000000 4.813358307 -0.873866200 13.050651550 0.036419380 0.680390000 0.049106091 0.730295599
3513.000000 4.812452793 -0.873172998 13.048219681 0.036331892 0.680038095 0.048922248 0.730640054
3514.000000 4.825942039 -0.874037623 13.048214912 0.036365598 0.690773010 0.049246233 0.720475554
3515.000000 4.827465534 -0.873307884 13.047813416 0.036490757 0.690837443 0.049056787 0.720420480
3516.000000 4.838243484 -0.877201080 13.048069954 0.034918141 0.702119470 0.050907634 0.709378183
3517.000000 4.832134247 -0.873715520 13.046226501 0.036038574 0.701528490 0.050510429 0.709935009
3518.000000 4.844769478 -0.874520838 13.045621872 0.035181228 0.714049518 0.051369961 0.697321117
3519.000000 4.845275879 -0.873329878 13.046676636 0.035355452 0.714243352 0.051005933 0.697140515
3520.000000 4.846458435 -0.871155381 13.042667389 0.034546025 0.720193088 0.052221086 0.690942466
3521.000000 4.859353065 -0.876227736 13.045324326 0.032296482 0.728444397 0.052904703 0.682295322
3522.000000 4.867358208 -0.874610841 13.042209625 0.033521935 0.740316749 0.052765649 0.669345379
3523.000000 4.865512848 -0.874716103 13.041265488 0.033019032 0.740086555 0.052561369 0.669640899
3524.000000 4.865558624 -0.869724095 13.035715103 0.032585330 0.751994669 0.053673543 0.656171739
3525.000000 4.869416237 -0.868253410 13.035849571 0.033332959 0.752220273 0.053482696 0.655891120
3526.000000 4.885457039 -0.868539572 13.035303116 0.034318049 0.767446995 0.054358348 0.637881458
3527.000000 4.872089386 -0.858310759 13.011631012 0.035354991 0.763644040 0.052714266 0.642509937
3528.000000 4.887594223 -0.861879945 13.026159286 0.037444551 0.772379756 0.054905977 0.631674588
3529.000000 4.898447037 -0.857597291 13.023864746 0.039261363 0.782359004 0.057218973 0.618949831
3530.000000 4.899676323 -0.856612086 13.023694992 0.039680872 0.782389939 0.057124656 0.618892670
3531.000000 4.899067879 -0.853915870 13.014952660 0.038773261 0.785032094 0.057621643 0.615549445
3532.000000 4.912274361 -0.855954051 13.017022133 0.037095033 0.789876282 0.057762615 0.609411955
3533.000000 4.927188873 -0.853157520 13.011995316 0.035199225 0.797847569 0.057327610 0.599094212
3534.000000 4.927357674 -0.852194071 13.012629509 0.035440221 0.797928870 0.057225093 0.598981559
3535.000000 4.938084602 -0.865005910 13.004140854 0.033151586 0.806080818 0.057229213 0.588098228
3536.000000 4.932589531 -0.866211951 12.993291855 0.032560047 0.804536164 0.057466071 0.590219557
3537.000000 4.951373100 -0.850989103 12.999261856 0.032818772 0.815336704 0.054614402 0.575470448
3538.000000 4.953383446 -0.850366533 13.000762939 0.033309542 0.815636933 0.054683823 0.575010061
3539.000000 4.972592354 -0.836647928 12.990256310 0.035698574 0.821232855 0.053594042 0.566947937
3540.000000 4.972579002 -0.837272286 12.989459991 0.035478823 0.821123779 0.053642973 0.567115068
3541.000000 4.983206749 -0.837319672 12.978289604 0.031244582 0.825981677 0.053926948 0.560241044
3542.000000 4.984489441 -0.837046921 12.978817940 0.031314265 0.826107442 0.053836197 0.560060382
3543.000000 4.990127563 -0.845369339 12.970441818 0.027937328 0.828445733 0.056256443 0.556536198
3544.000000 5.018371582 -0.809764683 12.970520020 0.035384793 0.836096823 0.050430030 0.545111835
3545.000000 5.016666412 -0.835080445 12.968111038 0.031996537 0.835780084 0.055287596 0.545335829
3546.000000 5.019636154 -0.846462369 12.958519936 0.030175984 0.837872505 0.057082146 0.542033911
3547.000000 5.035526276 -0.837710917 12.950952530 0.033809260 0.844166338 0.055883002 0.532087684
3548.000000 5.030428886 -0.853788018 12.945311546 0.031431552 0.843289971 0.058907196 0.533295631
3549.000000 5.056371689 -0.836545587 12.943508148 0.037734382 0.851152003 0.054125022 0.520756066
3550.000000 5.056114197 -0.836845040 12.943035126 0.037666820 0.851071715 0.054161869 0.520888329
3551.000000 5.072559357 -0.821869969 12.943849564 0.040805530 0.857170641 0.050157100 0.510957658
3552.000000 5.073061943 -0.822263062 12.945314407 0.040991306 0.857312799 0.050328594 0.510687351
3553.000000 5.087589264 -0.825599074 12.934446335 0.037556339 0.861366630 0.051692281 0.503949463
3554.000000 5.086750984 -0.826942503 12.933087349 0.037408195 0.861168444 0.052030101 0.504264295
3555.000000 5.085363388 -0.822950780 12.919916153 0.037404001 0.862020016 0.051733963 0.502838075
3556.000000 5.081413269 -0.808683991 12.907659531 0.039674293 0.862217963 0.050811246 0.502418578
3557.000000 5.087240219 -0.793660641 12.903959274 0.042088062 0.862888515 0.050156385 0.501134932
3558.000000 5.100399017 -0.779343545 12.912855148 0.044794146 0.864927828 0.049630295 0.497423619
3559.000000 5.099406242 -0.796822071 12.907407761 0.040323608 0.865271628 0.054870684 0.496657073
3560.000000 5.101020813 -0.799180746 12.902239799 0.036396358 0.866159141 0.055799354 0.495308012
3561.000000 5.092976570 -0.785447717 12.884068489 0.035795301 0.865136266 0.054348812 0.497296870
3562.000000 5.102115631 -0.833365440 12.890601158 0.026565850 0.867991805 0.064449623 0.491661370
3563.000000 5.124560356 -0.794096172 12.901874542 0.030582091 0.871966720 0.057399027 0.485225827
3564.000000 5.128163338 -0.786316276 12.903608322 0.030387118 0.873990536 0.056772891 0.481657594
3565.000000 5.131815910 -0.810479164 12.895372391 0.025242547 0.874985516 0.063062377 0.479360431
3566.000000 5.145490646 -0.810360372 12.895757675 0.023584936 0.878710151 0.064333707 0.472412467
3567.000000 5.145751953 -0.810284615 12.896032333 0.023640333 0.878739774 0.064294033 0.472359836
3568.000000 5.160186768 -0.777085781 12.892976761 0.025600187 0.880648851 0.058619734 0.469431698
3569.000000 5.161573410 -0.765593648 12.891570091 0.027291175 0.880607367 0.056320645 0.469695568
3570.000000 5.165810585 -0.762469172 12.887497902 0.026562823 0.880131900 0.055875603 0.470680505
3571.000000 5.194602966 -0.766952991 12.907371521 0.023817932 0.882374823 0.054390632 0.466785967
3572.000000 5.195037842 -0.766796768 12.906526566 0.023766711 0.882350504 0.054363385 0.466837764
3573.000000 5.202272415 -0.766535342 12.908676147 0.025408134 0.882061064 0.053793874 0.467363924
3574.000000 5.209953308 -0.766003847 12.909598351 0.026812859 0.881309271 0.053732634 0.468708813
3575.000000 5.223246574 -0.760672987 12.909530640 0.027060147 0.877107203 0.054603878 0.476412833
3576.000000 5.219843864 -0.734063268 12.911258698 0.031797912 0.876971006 0.049922846 0.476884156
3577.000000 5.222458839 -0.760837495 12.907996178 0.021933120 0.871953130 0.057395119 0.485718638
3578.000000 5.223435402 -0.762386441 12.906900406 0.021681732 0.871973336 0.057663713 0.485661775
3579.000000 5.248811722 -0.755994380 12.911195755 0.025000131 0.870271742 0.056062926 0.488732159
3580.000000 5.250240326 -0.751320124 12.911275864 0.025991054 0.870404780 0.055272419 0.488533556
3581.000000 5.263633728 -0.760777414 12.914893150 0.024366284 0.866394520 0.054376777 0.495792359
3582.000000 5.262908936 -0.760741115 12.914209366 0.024434742 0.866314948 0.054397408 0.495925784
3583.000000 5.280249596 -0.758953631 12.918837547 0.019744035 0.862270057 0.051578905 0.503428459
3584.000000 5.284560204 -0.758001328 12.918793678 0.020138444 0.862633109 0.051401097 0.502808750
3585.000000 5.311904907 -0.759660125 12.930434227 0.023004802 0.859875500 0.046519574 0.507859170
3586.000000 5.312108040 -0.761422992 12.930574417 0.022412654 0.860003293 0.046717666 0.507650971
3587.000000 5.314660072 -0.756750643 12.932920456 0.025641086 0.852005243 0.045641582 0.520909429
3588.000000 5.323797226 -0.759798348 12.936927795 0.025526332 0.853135347 0.046231546 0.519009888
3589.000000 5.341464996 -0.769255757 12.943931580 0.022397205 0.851726413 0.045985244 0.521484435
3590.000000 5.344189644 -0.782417059 12.947140694 0.019789699 0.846868753 0.043976288 0.529610991
3591.000000 5.346729279 -0.782113433 12.948265076 0.019822119 0.847208560 0.043878578 0.529074252
3592.000000 5.343942642 -0.774008393 12.948914528 0.022799887 0.844006896 0.042733416 0.534140885
3593.000000 5.347000122 -0.762894809 12.949604034 0.023278518 0.836161077 0.043133073 0.546289682
3594.000000 5.350730896 -0.764359295 12.953030586 0.023704085 0.836774886 0.043635499 0.545290649
3595.000000 5.342396736 -0.752169728 12.932958603 0.026160575 0.829628289 0.040568594 0.556225479
3596.000000 5.329850197 -0.739298224 12.924340248 0.028971752 0.819044232 0.036189456 0.571854591
3597.000000 5.345007896 -0.735557377 12.926294327 0.029238604 0.820673347 0.034985334 0.569575727
3598.000000 5.350264549 -0.738243043 12.928069115 0.030158900 0.812151968 0.034684163 0.581632853
3599.000000 5.366214752 -0.737211883 12.938257217 0.030303277 0.814847887 0.034090940 0.577877641
3600.000000 5.356934547 -0.742658079 12.927414894 0.026964689 0.803294659 0.036774714 0.593833566
3601.000000 5.361450195 -0.743862212 12.932461739 0.026308367 0.804451704 0.036762897 0.592295468
3602.000000 5.366934776 -0.761753321 12.924896240 0.023870992 0.796510816 0.042989459 0.602621555
3603.000000 5.374642372 -0.765009642 12.928473473 0.023050567 0.797857404 0.043535467 0.600830257
3604.000000 5.379419327 -0.763940930 12.921049118 0.025033750 0.794534743 0.042871274 0.605185866
3605.000000 5.384123802 -0.763103604 12.925685883 0.026223684 0.793376982 0.042020448 0.606712162
3606.000000 5.385910034 -0.763234258 12.922474861 0.027373161 0.788632751 0.044901144 0.612611592
3607.000000 5.390940666 -0.761634350 12.923527718 0.027680274 0.789304614 0.044462137 0.611764073
3608.000000 5.399965286 -0.771872938 12.912189484 0.022397175 0.784743190 0.048778817 0.617492735
3609.000000 5.404232979 -0.773965955 12.913322449 0.022122219 0.785441816 0.049207643 0.616579592
3610.000000 5.414277077 -0.778830290 12.911838531 0.021508941 0.785600245 0.050120533 0.616325915
3611.000000 5.412499428 -0.777570844 12.904357910 0.022059856 0.784085035 0.049007103 0.618322253
3612.000000 5.442209244 -0.783303738 12.915115356 0.024428897 0.787248075 0.048363816 0.614251375
3613.000000 5.448639870 -0.785589576 12.919833183 0.023631515 0.788691759 0.048657577 0.612404525
3614.000000 5.440804482 -0.777533412 12.890144348 0.019869829 0.782222033 0.044843081 0.621066093
3615.000000 5.442110062 -0.778583646 12.890420914 0.019669555 0.782456398 0.045081407 0.620759904
3616.000000 5.468222618 -0.776084661 12.896099091 0.022912364 0.787698269 0.043388207 0.614104271
3617.000000 5.468612671 -0.778316617 12.897105217 0.021963667 0.787942529 0.043774884 0.613798082
3618.000000 5.467587471 -0.774273932 12.878341675 0.025568860 0.785024226 0.045027398 0.617297173
3619.000000 5.470721245 -0.772629499 12.879314423 0.025644472 0.785537422 0.044516217 0.616677880
3620.000000 5.481756210 -0.758645892 12.870656967 0.029754248 0.782025337 0.041137092 0.621175468
3621.000000 5.484440804 -0.755192578 12.870018005 0.030485747 0.782209873 0.040270515 0.620964348
3622.000000 5.512778282 -0.770766854 12.877233505 0.025422260 0.783723772 0.042050600 0.619162798
3623.000000 5.515015602 -0.768743753 12.876798630 0.025654750 0.783975184 0.041468896 0.618874133
3624.000000 5.511811256 -0.772211850 12.862216949 0.026529383 0.777736545 0.040874545 0.626698732
3625.000000 5.509919167 -0.772529423 12.858533859 0.026895637 0.777012467 0.041137531 0.627563536
3626.000000 5.829489708 -0.833537221 13.186584473 0.013847738 0.852366269 0.054678176 0.519894481
3627.000000 5.834689140 -0.832930684 13.187447548 0.013841627 0.853128254 0.054487929 0.518663466
3628.000000 5.823209763 -0.832750618 13.178289413 0.015497964 0.847136617 0.056584343 0.528126657
3629.000000 5.826463699 -0.832858682 13.178253174 0.015557548 0.847557724 0.056584403 0.527448714
3630.000000 5.837425232 -0.852605760 13.169970512 0.007055918 0.847025216 0.065047503 0.527510524
3631.000000 5.840146065 -0.850865781 13.168698311 0.007277571 0.847292423 0.064577229 0.527136087
3632.000000 5.844578743 -0.858897090 13.165338516 0.007518737 0.848756969 0.068034030 0.524334252
3633.000000 5.845356941 -0.858263731 13.165656090 0.007520392 0.848896563 0.067848839 0.524132252
3634.000000 5.850009918 -0.848332047 13.155726433 0.010156972 0.849290550 0.067035556 0.523553789
3635.000000 5.851413727 -0.846683621 13.155384064 0.010393144 0.849467874 0.066557750 0.523322582
3636.000000 5.862021446 -0.845374823 13.153052330 0.008708698 0.849637747 0.069110416 0.522746265
3637.000000 5.864638329 -0.845756292 13.152447701 0.008891908 0.849928796 0.069266632 0.522249103
3638.000000 5.867380142 -0.849011123 13.147792816 0.006688686 0.849688947 0.071966663 0.522307277
3639.000000 5.883245468 -0.863209605 13.144462585 0.003770218 0.852176547 0.076480746 0.517621040
3640.000000 5.893853188 -0.870065153 13.140967369 0.003232531 0.855129004 0.077472061 0.512583673
3641.000000 5.907835960 -0.861765265 13.136413574 0.007358180 0.861294806 0.072815493 0.502807140
3642.000000 5.906563759 -0.860927761 13.136665344 0.007238352 0.861168087 0.072498679 0.503071725
3643.000000 5.916160583 -0.859658003 13.129374504 0.006821686 0.865419567 0.069470197 0.496161610
3644.000000 5.913984299 -0.858841419 13.129168510 0.006922099 0.865114987 0.069246911 0.496722281
3645.000000 5.924875259 -0.854664683 13.122211456 0.002666068 0.870331883 0.068644427 0.487650871
3646.000000 5.923364639 -0.852733076 13.121133804 0.003094764 0.870061755 0.068096951 0.488206685
3647.000000 5.951463699 -0.865862489 13.115915298 -0.000366695 0.878441989 0.069923162 0.472705394
3648.000000 5.949598312 -0.866637588 13.115534782 -0.000585009 0.878158450 0.070138223 0.473199874
3649.000000 5.966964722 -0.873397946 13.107946396 -0.001501226 0.886858642 0.071475245 0.456476659
3650.000000 5.965272903 -0.874576092 13.106717110 -0.001757301 0.886539698 0.071839318 0.457037628
3651.000000 5.969915390 -0.873976707 13.094449997 0.000991928 0.894255340 0.067279562 0.442470223
3652.000000 5.970972061 -0.875409365 13.097805977 0.000704733 0.894622564 0.067648813 0.441671401
3653.000000 5.739151001 -0.815737963 12.871748924 0.011865671 0.854019105 0.054777104 0.517213702
3654.000000 5.735705376 -0.818220139 12.873574257 0.011635074 0.853839278 0.055640526 0.517423749
3655.000000 5.750832558 -0.821949184 12.871080399 0.011413440 0.861810982 0.056411959 0.503953636
3656.000000 5.769611359 -0.830683112 12.867691040 0.006688520 0.878355265 0.057460241 0.474495202
3657.000000 5.765089035 -0.832545578 12.863884926 0.007190141 0.877271354 0.058339998 0.476381928
3658.000000 5.775728226 -0.825287342 12.856710434 0.009966035 0.893428624 0.054599449 0.445763260
3659.000000 5.988033295 -0.825724900 12.998716354 0.020873791 0.936451256 0.057513874 0.345420688
3660.000000 5.783508301 -0.814103901 12.847105026 0.009872878 0.906564057 0.054178670 0.418460160
3661.000000 5.777965546 -0.814606547 12.844683647 0.009491606 0.905734062 0.054298554 0.420246840
3662.000000 5.947175980 -0.831960917 12.963665962 0.006877114 0.939544320 0.059684984 0.337115586
3662.000000 5.947175980 -0.831960917 12.963665962 0.006877114 0.939544320 0.059684984 0.337115586
3662.000000 5.947175980 -0.831960917 12.963665962 0.006877114 0.939544320 0.059684984 0.337115586
3665.000000 5.791042328 -0.822723508 12.822230339 0.000661918 0.927675843 0.055416621 0.369250864
3666.000000 5.818834305 -0.828867555 12.818404198 -0.004236539 0.942578495 0.054791350 0.329432607
3667.000000 5.809038162 -0.829195619 12.813278198 -0.004416584 0.941268444 0.054911010 0.333135128
3668.000000 5.808563232 -0.828029990 12.801795006 -0.005050466 0.952645838 0.050429460 0.299828708
3669.000000 5.796758652 -0.829152226 12.795908928 -0.005260359 0.951175213 0.050906442 0.304379106
3670.000000 5.819795609 -0.841290236 12.795478821 -0.025992559 0.970003366 0.054064825 0.235573560
3671.000000 5.788404465 -0.852330565 12.775116920 -0.029340958 0.966627598 0.056793716 0.248082012
3672.000000 5.815546036 -0.814997852 12.760343552 -0.024176765 0.978213310 0.046568550 0.200862259
3673.000000 5.807260513 -0.819663405 12.757076263 -0.025391966 0.977479815 0.047639284 0.204007179
3674.000000 6.065992355 -0.806308985 12.939066887 -0.029340900 0.996853054 0.034367513 0.065131344
3674.000000 6.065992355 -0.806308985 12.939066887 -0.029340900 0.996853054 0.034367513 0.065131344
3674.000000 6.065992355 -0.806308985 12.939066887 -0.029340900 0.996853054 0.034367513 0.065131344
3674.000000 6.065992355 -0.806308985 12.939066887 -0.029340900 0.996853054 0.034367513 0.065131344
3679.000000 5.766263008 -0.886959612 13.039582253 0.041350484 -0.980570555 -0.078604475 -0.174908310
3680.000000 5.777714729 -0.883862674 13.025845528 0.044989415 -0.982717395 -0.079767130 -0.160871878
3681.000000 5.773164749 -0.885897338 13.030354500 0.045396626 -0.982612431 -0.079986341 -0.161289141
3682.000000 5.785559654 -0.882718146 13.012712479 0.049373206 -0.985213459 -0.078200892 -0.144226864
3683.000000 5.780154228 -0.884356380 13.020420074 0.049535997 -0.985145390 -0.078371368 -0.144543499
3684.000000 5.782226562 -0.882094562 13.016552925 0.050074428 -0.986526906 -0.076454557 -0.135690913
3685.000000 5.784719467 -0.880401790 13.013823509 0.049417596 -0.987592399 -0.076491192 -0.127938867
3686.000000 5.792519569 -0.875591338 12.999444008 0.048224721 -0.989289880 -0.077099763 -0.114173487
3687.000000 5.788500786 -0.877701104 13.005662918 0.048485026 -0.989234090 -0.077269740 -0.114431269
3688.000000 5.798677444 -0.872896492 12.991689682 0.050774764 -0.990816653 -0.076915316 -0.098936230
3689.000000 5.794226646 -0.874227166 12.997531891 0.051159605 -0.990764022 -0.076965846 -0.099225603
3690.000000 5.795877457 -0.872690260 12.993186951 0.051881999 -0.991517186 -0.076059639 -0.091744103
3691.000000 5.797883034 -0.871762931 12.989988327 0.053367589 -0.992191732 -0.074543439 -0.084562689
3692.000000 5.799269676 -0.871547401 12.987854958 0.054696724 -0.992695928 -0.073952481 -0.078064851
3693.000000 5.805754662 -0.867986619 12.973512650 0.055944882 -0.993646204 -0.072434701 -0.065503255
3694.000000 5.802439690 -0.869252086 12.979578972 0.056129970 -0.993620813 -0.072465017 -0.065696254
3695.000000 5.806856155 -0.869268298 12.970740318 0.056012068 -0.994184256 -0.073147327 -0.055766512
3696.000000 5.804501534 -0.870008349 12.975389481 0.056249950 -0.994159222 -0.073182665 -0.055927031
3697.000000 5.811158180 -0.867285609 12.964868546 0.059795339 -0.994388700 -0.073994868 -0.046265431
3698.000000 5.808140755 -0.868569493 12.970890045 0.060160108 -0.994357228 -0.074013755 -0.046438977
3699.000000 5.815940380 -0.865700960 12.959712029 0.066111095 -0.994399548 -0.075327680 -0.033536613
3700.000000 5.812196255 -0.867109179 12.967712402 0.066450201 -0.994372606 -0.075306334 -0.033712551
3701.000000 5.821784019 -0.862291217 12.951440811 0.071284249 -0.994451404 -0.075600460 -0.016417911
3702.000000 5.816821575 -0.864731908 12.960690498 0.071663164 -0.994416237 -0.075651422 -0.016664609
3703.000000 5.818451405 -0.862835348 12.956805229 0.072438151 -0.994478762 -0.075408012 -0.008856799
3704.000000 5.829673290 -0.859466851 12.939409256 0.072599716 -0.994647264 -0.072889961 0.009656496
3705.000000 5.823962688 -0.861167550 12.950558662 0.072963163 -0.994631350 -0.072782531 0.009359643
3706.000000 5.833369732 -0.856266618 12.941226006 0.073372245 -0.994564176 -0.068312757 0.028142624
3707.000000 5.830955982 -0.857165337 12.946734428 0.073668033 -0.994547009 -0.068224683 0.028190495
3708.000000 5.840699196 -0.858486176 12.945377350 0.069929965 -0.994300485 -0.066618741 0.045147672
3709.000000 5.838222980 -0.858163595 12.946098328 0.070479527 -0.994277716 -0.066462226 0.045025766
3710.000000 5.843558311 -0.858676076 12.941789627 0.070034042 -0.993529797 -0.070248507 0.055308830
3711.000000 5.841996193 -0.858730674 12.943276405 0.070543163 -0.993507087 -0.070157558 0.055185229
3712.000000 5.849870205 -0.855462492 12.936495781 0.076199040 -0.992199242 -0.072246984 0.067191765
3713.000000 5.847511292 -0.855510831 12.939303398 0.076769449 -0.992177904 -0.072045363 0.067074165
3714.000000 5.853776455 -0.854179621 12.931826591 0.072652288 -0.991908014 -0.069016717 0.077953883
3715.000000 5.851773262 -0.854969263 12.930679321 0.072596475 -0.991913497 -0.069101438 0.077861980
3716.000000 5.859988213 -0.857207119 12.930083275 0.071931221 -0.991302490 -0.069320425 0.085674502
3717.000000 5.858712196 -0.857312202 12.929436684 0.072202861 -0.991293609 -0.069297150 0.085566819
3718.000000 5.860988140 -0.860005915 12.920010567 0.073944911 -0.991088450 -0.069761343 0.086077310
3719.000000 5.861514091 -0.860010386 12.919438362 0.073836491 -0.991087735 -0.069827005 0.086125001
3720.000000 5.867671013 -0.862176359 12.921837807 0.073271632 -0.991491735 -0.070832253 0.080982983
3721.000000 5.870335579 -0.863190174 12.922829628 0.072541542 -0.991523981 -0.071022078 0.081079759
3722.000000 5.875592709 -0.866240621 12.924087524 0.071093030 -0.991932988 -0.073500060 0.074917242
3723.000000 5.879752159 -0.869442880 12.922678947 0.067221783 -0.992570460 -0.076865546 0.066157863
3724.000000 5.881743431 -0.858945251 12.915483475 0.070898041 -0.993476331 -0.078930818 0.041811448
3725.000000 5.885855675 -0.858486354 12.910311699 0.070575066 -0.993492305 -0.078984112 0.041877087
3726.000000 5.891871452 -0.858499169 12.917323112 0.067399934 -0.994576514 -0.077284969 0.017376075
3727.000000 5.895921707 -0.854450226 12.912052155 0.068095595 -0.994533658 -0.077340148 0.016862573
3728.000000 5.906864166 -0.853026628 12.928409576 0.070494160 -0.994449317 -0.077777572 -0.007205546
3729.000000 5.912463188 -0.856378615 12.921146393 0.069320261 -0.994497120 -0.078281209 -0.006507248
3730.000000 5.921839237 -0.853584349 12.937335014 0.070270620 -0.993960440 -0.079069972 -0.029201891
3731.000000 5.923955917 -0.851665437 12.923967361 0.070142269 -0.993962526 -0.079123922 -0.029290777
3732.000000 5.930356026 -0.849795878 12.922940254 0.071061656 -0.993458509 -0.080097429 -0.039684378
3733.000000 5.937054634 -0.849210024 12.926420212 0.072635695 -0.992810309 -0.081701726 -0.048750609
3734.000000 5.948909760 -0.848867297 12.942207336 0.072066121 -0.991370499 -0.085979633 -0.067813158
3735.000000 5.950196266 -0.847264349 12.930189133 0.072249606 -0.991334617 -0.086093597 -0.067997217
3736.000000 5.955958366 -0.846661329 12.930100441 0.071655400 -0.990442157 -0.087680072 -0.078753740
3737.000000 5.962024689 -0.845309436 12.930130959 0.071245700 -0.989469826 -0.088503398 -0.089670390
3738.000000 5.967736244 -0.844143569 12.930664062 0.070492625 -0.988285363 -0.089619257 -0.101446547
3739.000000 5.976437569 -0.846005261 12.950636864 0.075791866 -0.984983504 -0.091627434 -0.125169903
3740.000000 5.979990005 -0.844589055 12.942348480 0.075342089 -0.985050261 -0.091663174 -0.124890089
3741.000000 5.989148140 -0.844915628 12.947530746 0.078328453 -0.982336462 -0.092390880 -0.142631099
3742.000000 5.992277145 -0.843200326 12.940543175 0.078521527 -0.982337117 -0.092338815 -0.142554238
3743.000000 5.999639511 -0.841083169 12.939623833 0.076883048 -0.981406510 -0.091350578 -0.150284082
3744.000000 6.006267548 -0.839627266 12.938078880 0.073142946 -0.980576456 -0.088862948 -0.158818722
3745.000000 6.010131836 -0.840820193 12.937487602 0.070910223 -0.979551256 -0.086854339 -0.167055592
3746.000000 6.019467354 -0.840981245 12.939189911 0.069943227 -0.977228999 -0.085250102 -0.181284040
3747.000000 6.021581650 -0.840054274 12.934480667 0.070027128 -0.977257371 -0.085228831 -0.181108639
3748.000000 6.037749290 -0.825477481 12.925403595 0.062193036 -0.974360585 -0.085387364 -0.198651642
3749.000000 6.036115646 -0.826046586 12.925252914 0.062337227 -0.974364519 -0.085433729 -0.198567420
3750.000000 6.040350914 -0.827073693 12.923656464 0.060692869 -0.972447336 -0.086070381 -0.207977206
3751.000000 6.056859016 -0.827352583 12.915508270 0.059669115 -0.968861282 -0.086466089 -0.224212125
3752.000000 6.056622505 -0.826648533 12.914386749 0.059420630 -0.968933582 -0.086302236 -0.224028900
3753.000000 6.069624901 -0.827699184 12.906052589 0.060001336 -0.965840459 -0.085960284 -0.236987352
3754.000000 6.069020271 -0.829428494 12.905353546 0.060980342 -0.965774298 -0.086162984 -0.236933142
3755.000000 6.074753761 -0.823519945 12.901483536 0.057707038 -0.964541256 -0.085953332 -0.242779881
3756.000000 6.084480286 -0.822024047 12.895638466 0.055370450 -0.960467160 -0.087199047 -0.258521557
3757.000000 6.084685326 -0.821023047 12.894235611 0.054885045 -0.960577607 -0.087026693 -0.258272588
3758.000000 6.092364311 -0.822953582 12.889848709 0.058504775 -0.956805944 -0.088238776 -0.270764560
3759.000000 6.094384193 -0.822652161 12.887758255 0.058659226 -0.956892431 -0.088154890 -0.270453036
3760.000000 6.102886200 -0.814278662 12.882665634 0.052374948 -0.953248620 -0.088350840 -0.284197211
3761.000000 6.105709076 -0.813295186 12.880240440 0.052144539 -0.953430951 -0.088230878 -0.283664823
3762.000000 6.106567383 -0.813133955 12.878779411 0.051366311 -0.948195994 -0.088438958 -0.300773203
3763.000000 6.105970383 -0.813573778 12.878933907 0.051714506 -0.948280215 -0.088396423 -0.300460488
3764.000000 6.110446930 -0.813413620 12.876200676 0.052859269 -0.945963264 -0.088435590 -0.307471305
3765.000000 6.119474411 -0.813935041 12.871389389 0.055154733 -0.941718757 -0.088076711 -0.319947451
3766.000000 6.120759964 -0.813021719 12.871251106 0.054646619 -0.941982806 -0.087951593 -0.319291025
3767.000000 6.127313614 -0.808073521 12.868840218 0.052489664 -0.937668204 -0.088788718 -0.331873208
3768.000000 6.129032135 -0.808784723 12.868362427 0.053117499 -0.937860966 -0.088936888 -0.331188232
3769.000000 6.139295578 -0.809172511 12.866308212 0.052658994 -0.933244824 -0.090470813 -0.343651235
3770.000000 6.141618729 -0.808211565 12.865460396 0.052538771 -0.933516204 -0.090115622 -0.343025416
3771.000000 6.150852203 -0.815843701 12.863411903 0.056020278 -0.929673076 -0.091218650 -0.352489561
3772.000000 6.152729034 -0.815315723 12.862851143 0.055892747 -0.929891646 -0.091124460 -0.351957351
3773.000000 6.162050247 -0.815600276 12.861127853 0.056943171 -0.928149164 -0.093179233 -0.355829179
3774.000000 6.164405823 -0.815374136 12.860286713 0.057079121 -0.928376079 -0.093178764 -0.355214953
3775.000000 6.169271469 -0.813365936 12.858779907 0.056448326 -0.927580714 -0.092694081 -0.357512891
3776.000000 6.173309326 -0.814215302 12.857967377 0.059645813 -0.926688135 -0.093338370 -0.359137267
3777.000000 6.185571671 -0.816514313 12.853654861 0.068002969 -0.925628126 -0.096700914 -0.359495819
3778.000000 6.188121796 -0.815932512 12.852520943 0.067814887 -0.925841570 -0.096716113 -0.358977199
3779.000000 6.201847076 -0.815603673 12.848647118 0.070149615 -0.927381635 -0.094871596 -0.355023652
3780.000000 6.202501297 -0.815734267 12.847687721 0.070309602 -0.927326918 -0.094999738 -0.355100483
3781.000000 6.217420578 -0.815648198 12.843106270 0.071067251 -0.930897474 -0.092933431 -0.346038699
3782.000000 6.217985153 -0.815496206 12.842453003 0.070941001 -0.930875719 -0.092988797 -0.346108377
3783.000000 6.234924316 -0.818349242 12.838151932 0.074318789 -0.935585856 -0.092241272 -0.332637072
3784.000000 6.235801697 -0.819983065 12.837587357 0.075213708 -0.935457528 -0.092957899 -0.332597435
3785.000000 6.242689133 -0.819225967 12.834053040 0.075612456 -0.938059568 -0.091057695 -0.325631171
3786.000000 6.261640549 -0.826279342 12.828907967 0.080992527 -0.944982052 -0.091739535 -0.303369552
3787.000000 6.257646561 -0.824704885 12.828295708 0.079298489 -0.944609642 -0.091452084 -0.305059075
3788.000000 6.265821457 -0.824934900 12.823828697 0.079440556 -0.948663414 -0.091205426 -0.292247295
3789.000000 6.281982422 -0.819919467 12.815191269 0.076322883 -0.957330287 -0.086856239 -0.264857888
3790.000000 6.283744812 -0.810805082 12.812726021 0.069369122 -0.957898200 -0.085260168 -0.265235096
3791.000000 6.295158386 -0.804302990 12.815593719 0.067400061 -0.965954363 -0.084101342 -0.235194415
3792.000000 6.294593811 -0.803640723 12.815999031 0.067073040 -0.965867102 -0.083764434 -0.235766098
3793.000000 6.304152489 -0.799552083 12.808462143 0.064388327 -0.973535657 -0.079844460 -0.204223737
3794.000000 6.305500984 -0.797475696 12.807763100 0.062846713 -0.973575890 -0.079471685 -0.204657480
3795.000000 6.309630394 -0.800374210 12.803190231 0.066810824 -0.979850352 -0.078685015 -0.170992211
3796.000000 6.310192108 -0.798006296 12.803080559 0.065104216 -0.979865968 -0.078246623 -0.171760395
3797.000000 6.312756538 -0.792749524 12.799749374 0.063665904 -0.985204637 -0.075147957 -0.140254229
3798.000000 6.318129539 -0.789821386 12.795458794 0.061941002 -0.985314608 -0.074846260 -0.140415370
3799.000000 6.320883751 -0.773213029 12.783976555 0.056199420 -0.990858257 -0.075871959 -0.096358784
3800.000000 6.315801620 -0.774203181 12.790332794 0.056423899 -0.990778089 -0.075822867 -0.097088009
3801.000000 6.310709953 -0.774357617 12.795535088 0.056285877 -0.990729988 -0.075602159 -0.097828284
3802.000000 6.312163353 -0.773040116 12.794841766 0.058290605 -0.991690636 -0.076623164 -0.085328028
3803.000000 6.310471535 -0.770903885 12.792062759 0.059749983 -0.992567778 -0.076637201 -0.073253192
3804.000000 6.319396019 -0.768282115 12.776560783 0.064868681 -0.993769407 -0.076406375 -0.048749402
3805.000000 6.315645218 -0.769497812 12.783707619 0.064557046 -0.993774116 -0.076329567 -0.049186792
3806.000000 6.322210789 -0.765497565 12.766873360 0.061928861 -0.995258987 -0.071056850 -0.023988370
3807.000000 6.321329594 -0.762961507 12.784962654 0.062257957 -0.995275319 -0.070483103 -0.024150752
3808.000000 6.321563244 -0.763247371 12.784139633 0.060255319 -0.995704710 -0.069180511 -0.012474504
3809.000000 6.321708202 -0.760715723 12.749871254 0.061621595 -0.995846510 -0.066047601 0.011416312
3810.000000 6.319331169 -0.760223866 12.761212349 0.061779223 -0.995861113 -0.065711454 0.011228368
3811.000000 6.326650143 -0.761426330 12.742956161 0.063861959 -0.995254457 -0.064711355 0.034679443
3812.000000 6.324521542 -0.760973573 12.761644363 0.064310484 -0.995270431 -0.064182825 0.034374800
3813.000000 6.325013638 -0.758963645 12.750382423 0.064564094 -0.994883239 -0.063460082 0.044851877
3814.000000 6.323145866 -0.755474985 12.740922928 0.065820903 -0.994396091 -0.062727101 0.053938452
3815.000000 6.324673653 -0.755618691 12.736673355 0.066624127 -0.993900895 -0.061282847 0.062981792
3816.000000 6.323167324 -0.751402736 12.728618622 0.068384059 -0.993362844 -0.057972915 0.072063282
3817.000000 6.322344303 -0.749691546 12.721342087 0.069418825 -0.992660105 -0.055653531 0.081912600
3818.000000 6.325556278 -0.749021530 12.693285942 0.069599733 -0.991117716 -0.053458173 0.099918842
3819.000000 6.307447433 -0.726456046 12.679087639 0.080023549 -0.990589559 -0.050695777 0.098784976
3820.000000 6.307908058 -0.722168505 12.659965515 0.084948763 -0.988755584 -0.044726487 0.114654668
3821.000000 6.305826664 -0.722199917 12.661029816 0.085211195 -0.988747716 -0.044685133 0.114544041
3822.000000 6.310429573 -0.717415810 12.646618843 0.088516667 -0.986005366 -0.040959671 0.135205463
3823.000000 6.306483269 -0.716953933 12.648293495 0.089194663 -0.986005068 -0.040791295 0.134812966
3824.000000 6.306333542 -0.719133079 12.626869202 0.085684858 -0.983525395 -0.036064819 0.155033186
3825.000000 6.301959991 -0.719301105 12.626282692 0.086007051 -0.983570933 -0.035966881 0.154588416
3826.000000 6.305001259 -0.718106568 12.612458229 0.084526889 -0.980693161 -0.034004726 0.173031524
3827.000000 6.300301075 -0.716005147 12.611913681 0.085566893 -0.980690002 -0.033519551 0.172632322
3828.000000 6.297369957 -0.715980828 12.603232384 0.086281657 -0.978868306 -0.032348949 0.182553932
3829.000000 6.295152664 -0.712289274 12.596443176 0.087032557 -0.976807952 -0.030126000 0.193297848
3830.000000 6.291628838 -0.713146150 12.583342552 0.086039223 -0.974733472 -0.028328801 0.204179943
3831.000000 6.294125080 -0.710802913 12.574727058 0.085798979 -0.970098257 -0.021090114 0.226060152
3832.000000 6.286286831 -0.706480622 12.573042870 0.088602863 -0.970078766 -0.020636221 0.225101948
3833.000000 6.286798954 -0.714892626 12.562570572 0.086803414 -0.965144932 -0.014745312 0.246461093
3834.000000 6.282759190 -0.712973535 12.560186386 0.087699562 -0.965103984 -0.014295800 0.246330664
3835.000000 6.288500786 -0.716153383 12.564532280 0.088009462 -0.962681949 -0.015537448 0.255453348
3836.000000 6.277405262 -0.715693533 12.548015594 0.091413699 -0.958889425 -0.017058682 0.268111199
3837.000000 6.273743629 -0.714498281 12.545928001 0.091983020 -0.958872080 -0.016768606 0.267996967
3838.000000 6.270193100 -0.706883430 12.539834976 0.097302414 -0.954268396 -0.014041529 0.282324076
3839.000000 6.271193027 -0.705059826 12.534244537 0.098210536 -0.948734641 -0.015299988 0.300038695
3840.000000 6.263577938 -0.701199353 12.530098915 0.099267632 -0.948903859 -0.014249427 0.299206227
3841.000000 6.263798714 -0.702380598 12.527288437 0.100302912 -0.945849955 -0.014485491 0.308378607
3842.000000 6.264820099 -0.703465581 12.524112701 0.100935057 -0.942772269 -0.015119173 0.317433596
3843.000000 6.263522625 -0.703186631 12.520384789 0.101429798 -0.939803123 -0.015998553 0.325923681
3844.000000 6.256067276 -0.697852790 12.514081001 0.103400953 -0.936836302 -0.014377565 0.333825380
3845.000000 6.261978149 -0.702365518 12.509645462 0.100690968 -0.930384040 -0.013308799 0.352235377
3846.000000 6.254468918 -0.697167635 12.506778717 0.102682188 -0.930537343 -0.012015310 0.351300925
3847.000000 6.255078793 -0.701886058 12.498929977 0.100922532 -0.924428940 -0.011616091 0.367574304
3848.000000 6.248638153 -0.700604916 12.497034073 0.101334676 -0.924684167 -0.011156225 0.366832405
3849.000000 6.250263691 -0.702475727 12.492649078 0.099675208 -0.922051013 -0.010659493 0.373862714
3850.000000 6.251106262 -0.706069708 12.486197472 0.097457811 -0.920012057 -0.012085257 0.379386038
3851.000000 6.253031254 -0.721526861 12.471334457 0.088380769 -0.919441283 -0.017686056 0.382758260
3852.000000 6.254342079 -0.722845197 12.471809387 0.088001750 -0.919380605 -0.018023213 0.382975638
3853.000000 6.259714127 -0.716551423 12.462356567 0.090893775 -0.919915020 -0.021518607 0.380830169
3854.000000 6.260466576 -0.715927720 12.463003159 0.091186687 -0.919873774 -0.021378400 0.380867928
3855.000000 6.251608372 -0.707841277 12.443101883 0.097460128 -0.919054091 -0.022685718 0.381217182
3856.000000 6.249399185 -0.706745446 12.442522049 0.098007433 -0.919156373 -0.022359677 0.380849242
3857.000000 6.249050140 -0.704557717 12.434932709 0.097845137 -0.918390512 -0.018424790 0.382943690
3858.000000 6.253841877 -0.712690353 12.418774605 0.085348390 -0.917559862 -0.012268295 0.388135433
3859.000000 6.255130291 -0.709394574 12.419376373 0.085596167 -0.917401671 -0.011387705 0.388481498
3860.000000 6.262719631 -0.725425184 12.405776978 0.074112087 -0.920075655 -0.012218831 0.384472400
3861.000000 6.265209675 -0.724728703 12.407041550 0.074479163 -0.919953525 -0.011900594 0.384703606
3862.000000 6.278000832 -0.714713573 12.399306297 0.081482463 -0.921646416 -0.012759848 0.379164547
3863.000000 6.281879902 -0.711356878 12.401117325 0.082544208 -0.921375871 -0.011839277 0.379622012
3864.000000 6.280683994 -0.709315062 12.384984016 0.085648015 -0.923332155 -0.017221533 0.373932570
3865.000000 6.282157898 -0.708078146 12.385799408 0.086032443 -0.923266053 -0.016840262 0.374024898
3866.000000 6.284297466 -0.704635441 12.378848076 0.086951107 -0.924382031 -0.017513441 0.371013045
3867.000000 6.285432816 -0.690725207 12.369633675 0.096977279 -0.923908174 -0.014841042 0.369822681
3868.000000 6.284201622 -0.690831780 12.369593620 0.097345069 -0.923991740 -0.014877226 0.369515896
3869.000000 6.292562485 -0.696494758 12.358298302 0.097022206 -0.923233569 -0.015798951 0.371452451
3870.000000 6.293339252 -0.697193623 12.357903481 0.096834421 -0.923171997 -0.016028773 0.371644586
3871.000000 6.299976349 -0.697960734 12.348541260 0.092213556 -0.924538493 -0.017114878 0.369367480
3872.000000 6.301587105 -0.697438836 12.349399567 0.092267126 -0.924474776 -0.016964933 0.369520456
3873.000000 6.304992199 -0.699624419 12.337906837 0.090600222 -0.926969647 -0.022100467 0.363360047
3874.000000 6.303710938 -0.697388053 12.339294434 0.091743514 -0.927157760 -0.021465661 0.362630576
3875.000000 6.313642502 -0.697442353 12.331040382 0.093819894 -0.928968787 -0.025799703 0.357140511
3876.000000 6.313525677 -0.695205092 12.333041191 0.094970182 -0.929049432 -0.025178796 0.356670469
3877.000000 6.309190273 -0.690597117 12.321716309 0.096568815 -0.931204081 -0.026310090 0.350487202
3878.000000 6.309206486 -0.691367805 12.321884155 0.096503213 -0.931256294 -0.026565133 0.350347281
3879.000000 6.304162502 -0.688828707 12.309687614 0.095494404 -0.933958948 -0.025900520 0.343410432
3880.000000 6.304963112 -0.688080847 12.311631203 0.096097313 -0.933968425 -0.025698155 0.343231618
3881.000000 6.304882050 -0.689417899 12.299126625 0.094496399 -0.936628759 -0.025791602 0.336350679
3882.000000 6.309629917 -0.687909901 12.295516014 0.095440425 -0.937602162 -0.024597000 0.333449185
3883.000000 6.311976433 -0.694186211 12.280812263 0.091550514 -0.940844893 -0.027276134 0.325092912
3884.000000 6.311858654 -0.691232920 12.284033775 0.092418797 -0.941048265 -0.026357369 0.324333698
3885.000000 6.307733059 -0.694498658 12.270462990 0.091121450 -0.945403516 -0.028288856 0.311623096
3886.000000 6.309731007 -0.693050385 12.272890091 0.091607213 -0.945411205 -0.027843783 0.311497271
3887.000000 6.309418201 -0.693902731 12.257385254 0.091146953 -0.949979007 -0.031858932 0.297013879
3888.000000 6.314386368 -0.683953047 12.261798859 0.094656445 -0.949742258 -0.029440297 0.296922624
3889.000000 6.309844017 -0.684991837 12.241879463 0.092947066 -0.954821408 -0.030941589 0.280570239
3890.000000 6.312740326 -0.684076071 12.245763779 0.093345903 -0.954849303 -0.030732395 0.280365735
3891.000000 6.311074734 -0.687111497 12.228308678 0.087286338 -0.961739182 -0.029934103 0.257958978
3892.000000 6.313721180 -0.688090324 12.231067657 0.086901143 -0.961857498 -0.030186456 0.257618368
3893.000000 6.313251972 -0.688279629 12.214631081 0.085903898 -0.968188643 -0.036633901 0.232140750
3894.000000 6.318500996 -0.695684075 12.215663910 0.082128353 -0.968307853 -0.038150076 0.232764900
3895.000000 6.317113400 -0.692494810 12.199772835 0.083370566 -0.974065125 -0.042603120 0.205988884
3896.000000 6.320170403 -0.695122242 12.201108932 0.081890926 -0.974166512 -0.042788878 0.206064716
3897.000000 6.316803455 -0.676485062 12.191594124 0.089343466 -0.978349805 -0.045965459 0.180932567
3898.000000 6.320096016 -0.677165389 12.194534302 0.089308709 -0.978377640 -0.046180718 0.180744648
3899.000000 6.315836430 -0.672402620 12.174820900 0.089887306 -0.981838346 -0.048388146 0.159913734
3900.000000 6.319157600 -0.673123360 12.177909851 0.089558877 -0.981875598 -0.048476797 0.159842432
3901.000000 6.318898201 -0.674149573 12.163355827 0.085273176 -0.985646665 -0.050700936 0.136596620
3902.000000 6.322899818 -0.674452782 12.167080879 0.084954821 -0.985695720 -0.050668392 0.136452913
3903.000000 6.326746941 -0.672857881 12.159534454 0.082726359 -0.988794029 -0.052769929 0.112508349
3904.000000 6.327593803 -0.673989415 12.157213211 0.082087733 -0.988845050 -0.053068701 0.112387173
3905.000000 6.326159477 -0.666527271 12.144253731 0.082849845 -0.991038799 -0.055067509 0.089138351
3906.000000 6.329355240 -0.667313337 12.147044182 0.082531162 -0.991069019 -0.055173539 0.089032426
3907.000000 6.329291344 -0.666087985 12.133653641 0.082675770 -0.992586732 -0.056214448 0.069111384
3908.000000 6.332846642 -0.665788531 12.136380196 0.082683250 -0.992585003 -0.056202453 0.069136724
3909.000000 6.334956169 -0.657052994 12.133999825 0.084024265 -0.993686676 -0.056296494 0.048553310
3910.000000 6.334504128 -0.657386303 12.130985260 0.083627529 -0.993732750 -0.056420479 0.048151426
3911.000000 6.339447021 -0.654350042 12.126454353 0.084203310 -0.994405389 -0.057659678 0.027259806
3912.000000 6.337400436 -0.654603899 12.121646881 0.084105395 -0.994423211 -0.057760652 0.026694441
3913.000000 6.343599796 -0.650660276 12.117197037 0.085229099 -0.994588196 -0.059092939 0.006197660
3914.000000 6.352013588 -0.650869608 12.115744591 0.086314440 -0.994102418 -0.064667605 -0.011331148
3915.000000 6.350451946 -0.651944876 12.111429214 0.086294159 -0.994084597 -0.064893983 -0.011745496
3916.000000 6.356812477 -0.649254024 12.110211372 0.085150905 -0.993737400 -0.067500554 -0.026058437
3917.000000 6.356137753 -0.649527192 12.106860161 0.084935665 -0.993746161 -0.067595564 -0.026180264
3918.000000 6.359192848 -0.649580002 12.105566025 0.084054537 -0.993703544 -0.067251846 -0.031069616
3919.000000 6.364224434 -0.648263574 12.100111008 0.082250983 -0.993512213 -0.068360038 -0.038667839
3920.000000 6.364717484 -0.648128569 12.096453667 0.082040608 -0.993530154 -0.068382993 -0.038614664
3921.000000 6.370384216 -0.643472552 12.094362259 0.081650853 -0.993170321 -0.069938622 -0.045325499
3922.000000 6.371626854 -0.643145263 12.092821121 0.081513003 -0.993191898 -0.069997251 -0.045010909
3923.000000 6.378217697 -0.640981197 12.079767227 0.082279146 -0.992555499 -0.071777910 -0.053960290
3924.000000 6.379087448 -0.640174747 12.077715874 0.081778392 -0.992614806 -0.071708560 -0.053722706
3925.000000 6.384770393 -0.638522625 12.066111565 0.084498279 -0.991725028 -0.073764771 -0.062453389
3926.000000 6.386989594 -0.636977255 12.062207222 0.083811954 -0.991812110 -0.073573127 -0.062219884
3927.000000 6.395115852 -0.636232972 12.048550606 0.087292425 -0.990840197 -0.075124688 -0.070513576
3928.000000 6.397952080 -0.634541512 12.043922424 0.086459257 -0.990943074 -0.075096421 -0.070123054
3929.000000 6.403125763 -0.631854355 12.035810471 0.086970940 -0.990615606 -0.076408833 -0.072653040
3930.000000 6.402877808 -0.628036022 12.033037186 0.081547067 -0.990124404 -0.079494029 -0.081759177
3931.000000 6.408025742 -0.626418889 12.025732040 0.081336692 -0.990180850 -0.079425015 -0.081350118
3932.000000 6.418344498 -0.628379047 12.012269974 0.083511598 -0.989341915 -0.080609426 -0.087923609
3933.000000 6.423376083 -0.626355529 12.005407333 0.083268695 -0.989422560 -0.080474183 -0.087368898
3934.000000 6.424641609 -0.624601543 12.003355026 0.080524370 -0.989377737 -0.077510394 -0.092949681
3935.000000 6.430173874 -0.622419000 11.996474266 0.080070786 -0.989478171 -0.077303700 -0.092443116
3936.000000 6.428131104 -0.620697379 11.995997429 0.078956604 -0.988690495 -0.077324025 -0.101380065
3937.000000 6.429208755 -0.620040953 11.994603157 0.078524657 -0.988753200 -0.077303194 -0.101120025
3938.000000 6.432869911 -0.619983494 11.989385605 0.080390491 -0.988110960 -0.078468047 -0.104961827
3939.000000 6.442065239 -0.620329499 11.978580475 0.082985356 -0.987642050 -0.077555232 -0.107989885
3940.000000 6.442486763 -0.619827986 11.977825165 0.082669295 -0.987692416 -0.077500194 -0.107811168
3941.000000 6.448040009 -0.617770493 11.971787453 0.080090702 -0.987769961 -0.076654971 -0.109636359
3942.000000 6.448831558 -0.617394626 11.970783234 0.079925455 -0.987804055 -0.076598115 -0.109489150
3943.000000 6.450330734 -0.615764260 11.969011307 0.077666618 -0.987422943 -0.077858634 -0.113586158
3944.000000 6.450938225 -0.615332603 11.968123436 0.077354424 -0.987470686 -0.077796429 -0.113427140
3945.000000 6.454477310 -0.615151227 11.964360237 0.079251319 -0.987021208 -0.079896845 -0.114563815
3946.000000 6.459654808 -0.611910820 11.958069801 0.078027643 -0.986754596 -0.079540312 -0.117900632
3947.000000 6.460315704 -0.611440122 11.956969261 0.077769034 -0.986800492 -0.079433903 -0.117758386
3948.000000 6.461224556 -0.609973252 11.956680298 0.074334830 -0.986256897 -0.079858303 -0.124073863
3949.000000 6.461837769 -0.609779894 11.955589294 0.074406460 -0.986271977 -0.079807468 -0.123943895
3950.000000 6.463656425 -0.607383549 11.953737259 0.071591027 -0.985059083 -0.081570901 -0.133714527
3951.000000 6.465645790 -0.606721640 11.950820923 0.071206629 -0.985129416 -0.081452698 -0.133473709
3952.000000 6.466302872 -0.604955435 11.952147484 0.068067439 -0.983741164 -0.083000131 -0.143983155
3953.000000 6.468319893 -0.603789806 11.948799133 0.067766175 -0.983820617 -0.082879007 -0.143651873
3954.000000 6.471013069 -0.602732539 11.946386337 0.066536754 -0.982982755 -0.084455304 -0.148946792
3955.000000 6.473111153 -0.600638270 11.943496704 0.064796060 -0.982225537 -0.084998094 -0.154304489
3956.000000 6.476830482 -0.598468423 11.937409401 0.063677169 -0.981307626 -0.085528500 -0.160204574
3957.000000 6.483313560 -0.596438885 11.928542137 0.062565766 -0.979590297 -0.085014820 -0.171058089
3958.000000 6.484034538 -0.595054924 11.927766800 0.061049130 -0.979788125 -0.084803969 -0.170577407
3959.000000 6.487161636 -0.594053209 11.920429230 0.059787758 -0.977889359 -0.084022224 -0.181928977
3960.000000 6.488611221 -0.592240095 11.918581963 0.058455247 -0.978098214 -0.083576217 -0.181444004
3961.000000 6.491403580 -0.591289699 11.912731171 0.058371406 -0.977125227 -0.083258279 -0.186781213
3962.000000 6.493331909 -0.589990854 11.903743744 0.057512555 -0.974782705 -0.082728505 -0.199115559
3963.000000 6.495043755 -0.588316798 11.901906967 0.056313481 -0.975007176 -0.082361676 -0.198510572
3964.000000 6.496867180 -0.588320971 11.892354965 0.054107934 -0.971961439 -0.082719371 -0.213356152
3965.000000 6.499246597 -0.586019635 11.889867783 0.052351169 -0.972248971 -0.082189590 -0.212688044
3966.000000 6.498372078 -0.586254776 11.880672455 0.054342058 -0.968455613 -0.083787687 -0.228298828
3967.000000 6.500451088 -0.583591223 11.878540993 0.051865600 -0.968792677 -0.083171330 -0.227669373
3968.000000 6.502119064 -0.585066259 11.866533279 0.056776132 -0.965593934 -0.086293682 -0.238659441
3969.000000 6.504239082 -0.582560539 11.864658356 0.054549050 -0.965911567 -0.085655697 -0.238122672
3970.000000 6.504820824 -0.582105696 11.852307320 0.054767847 -0.963750005 -0.086756773 -0.246292129
3971.000000 6.505680084 -0.581948876 11.851774216 0.055046022 -0.963845611 -0.086668909 -0.245886490
3972.000000 6.505987167 -0.580747724 11.844854355 0.054527298 -0.962686360 -0.087824494 -0.250097483
3973.000000 6.506232262 -0.580956221 11.837845802 0.056216963 -0.961397409 -0.089079209 -0.254203945
3974.000000 6.506486893 -0.580449462 11.830556870 0.057687722 -0.960454822 -0.089639045 -0.257222831
3975.000000 6.506350517 -0.580979943 11.823176384 0.060418248 -0.959702671 -0.089890443 -0.259307116
3976.000000 6.508234024 -0.579075515 11.815300941 0.055836093 -0.959810674 -0.089637645 -0.260021031
3977.000000 6.505580902 -0.579559982 11.808742523 0.056542918 -0.959412336 -0.089367710 -0.261427581
3978.000000 6.502547264 -0.579838634 11.794698715 0.059752442 -0.959182382 -0.090044051 -0.261325359
3979.000000 6.502225876 -0.580233812 11.795084000 0.060114253 -0.959093869 -0.090106525 -0.261545688
3980.000000 6.498906136 -0.578178525 11.781505585 0.061032470 -0.959420383 -0.087906010 -0.260883361
3981.000000 6.497927666 -0.579580605 11.782272339 0.062426288 -0.959203005 -0.088325098 -0.261211425
3982.000000 6.494062424 -0.577551305 11.770378113 0.060943007 -0.959514976 -0.087282427 -0.260765880
3983.000000 6.493784904 -0.578323185 11.770768166 0.061786745 -0.959439397 -0.087509260 -0.260769427
3984.000000 6.489452362 -0.577818096 11.760536194 0.061324798 -0.959184885 -0.088869631 -0.261354119
3985.000000 6.489139557 -0.577986062 11.760781288 0.061619420 -0.959134519 -0.088750787 -0.261509866
3986.000000 6.487986565 -0.577606201 11.749631882 0.062711723 -0.959201336 -0.092736132 -0.259615541
3987.000000 6.487487793 -0.578360200 11.749977112 0.063605696 -0.959094346 -0.092849918 -0.259752423
3988.000000 6.487245560 -0.579778433 11.738729477 0.064711593 -0.960633993 -0.092504576 -0.253846079
3989.000000 6.485312462 -0.581931114 11.739561081 0.067232020 -0.960217237 -0.092875235 -0.254631072
3990.000000 6.483964920 -0.578528464 11.728406906 0.065185666 -0.962738991 -0.092007719 -0.245803073
3991.000000 6.482867241 -0.579669058 11.729388237 0.066235885 -0.962554932 -0.092168264 -0.246182546
3992.000000 6.485711098 -0.575610101 11.714788437 0.065324798 -0.965108097 -0.092425019 -0.236128613
3993.000000 6.484561920 -0.576310694 11.715746880 0.065768011 -0.964956343 -0.092543043 -0.236579314
3994.000000 6.484410286 -0.574600339 11.709328651 0.064112164 -0.966410279 -0.091337249 -0.231513113
3995.000000 6.482305527 -0.574579895 11.698266983 0.063343950 -0.968894422 -0.090616822 -0.221403986
3996.000000 6.481759071 -0.575099707 11.698789597 0.063732088 -0.968771219 -0.090773381 -0.221767560
3997.000000 6.482151031 -0.574314892 11.686060905 0.065212704 -0.971494913 -0.089898326 -0.209435552
3998.000000 6.481224060 -0.575378895 11.686854362 0.066217110 -0.971312344 -0.090151787 -0.209857941
3999.000000 6.481042862 -0.572288930 11.674968719 0.064525306 -0.974401832 -0.087025389 -0.196987927
4000.000000 6.480351448 -0.573513985 11.675506592 0.065860324 -0.974182069 -0.087231793 -0.197540700
4001.000000 6.481033325 -0.569225550 11.663278580 0.060908418 -0.976915121 -0.084632806 -0.186451882
4002.000000 6.480774879 -0.569252372 11.663633347 0.061193641 -0.976849258 -0.084572874 -0.186730787
4003.000000 6.479365349 -0.568491876 11.652925491 0.062827840 -0.978704333 -0.083534636 -0.176670626
4004.000000 6.478554726 -0.568274438 11.653957367 0.063013978 -0.978663921 -0.083371542 -0.176905259
4005.000000 6.477621078 -0.564361393 11.642660141 0.060705513 -0.980776489 -0.080980487 -0.166837007
4006.000000 6.477647781 -0.564832628 11.643360138 0.061215162 -0.980714381 -0.081019081 -0.166996926
4007.000000 6.479760170 -0.564496160 11.628757477 0.062819622 -0.982582510 -0.077830009 -0.156613827
4008.000000 6.474680901 -0.563330531 11.636243820 0.062501796 -0.982602239 -0.076942794 -0.157054782
4009.000000 6.475161552 -0.561361670 11.628939629 0.062396251 -0.983562529 -0.075475506 -0.151706874
4010.000000 6.476568222 -0.561048031 11.620519638 0.062582530 -0.984328806 -0.074211642 -0.147217304
4011.000000 6.480406761 -0.560307562 11.604024887 0.062747836 -0.985904038 -0.070915371 -0.137938380
4012.000000 6.478379250 -0.560047507 11.607624054 0.062516145 -0.985890925 -0.070811704 -0.138190523
4013.000000 6.481449127 -0.559965551 11.591827393 0.066990115 -0.987049997 -0.069542959 -0.128095284
4014.000000 6.479777336 -0.559780717 11.594448090 0.066987485 -0.987029314 -0.069461487 -0.128300160
4015.000000 6.484552383 -0.559238136 11.575500488 0.069811210 -0.988667905 -0.067175113 -0.114672497
4016.000000 6.482423782 -0.559548855 11.579329491 0.070202522 -0.988625407 -0.067132153 -0.114824779
4017.000000 6.482812881 -0.558470249 11.572206497 0.068982780 -0.989640296 -0.065713279 -0.107402667
4018.000000 6.485448837 -0.557870567 11.555299759 0.069854207 -0.991545618 -0.061969634 -0.090097494
4019.000000 6.482800484 -0.558514774 11.560239792 0.070286214 -0.991493523 -0.061954767 -0.090344854
4020.000000 6.486966133 -0.556449234 11.540040970 0.069928735 -0.992965162 -0.060931727 -0.073603809
4021.000000 6.486106873 -0.556714237 11.542785645 0.070164762 -0.992942929 -0.060905937 -0.073700532
4022.000000 6.481516838 -0.554039240 11.537846565 0.072959960 -0.994242191 -0.056573704 -0.054394752
4023.000000 6.480535507 -0.554233313 11.539973259 0.073334731 -0.994215965 -0.056485690 -0.054462414
4024.000000 6.480460167 -0.552259684 11.526012421 0.074345030 -0.994887769 -0.057810772 -0.036456719
4025.000000 6.480718613 -0.552721083 11.525691986 0.074944660 -0.994836271 -0.057974979 -0.036372729
4026.000000 6.478652477 -0.554111600 11.522241592 0.077355176 -0.994942784 -0.058108460 -0.026989827
4027.000000 6.477984428 -0.547662079 11.519115448 0.078988090 -0.995146811 -0.056506898 -0.015834030
4028.000000 6.473950863 -0.543658197 11.504157066 0.077935986 -0.995581985 -0.052188884 0.004359265
4029.000000 6.477394104 -0.546263337 11.502724648 0.078645974 -0.995511949 -0.052445751 0.004499498
4030.000000 6.470809460 -0.546662211 11.492954254 0.080179922 -0.995188653 -0.051258605 0.023310293
4031.000000 6.471072197 -0.548143983 11.495876312 0.080510832 -0.995153964 -0.051450152 0.023227099
4032.000000 6.466199398 -0.544422030 11.481590271 0.081426181 -0.994616568 -0.049412664 0.040818945
4033.000000 6.465017319 -0.544046760 11.487337112 0.081779018 -0.994595468 -0.049251523 0.040822290
4034.000000 6.460345268 -0.544368863 11.485780716 0.082775943 -0.994163692 -0.048913039 0.048931614
4035.000000 6.452202797 -0.543953240 11.475728989 0.083908513 -0.993146420 -0.050498098 0.063793100
4036.000000 6.445295334 -0.532426417 11.491397858 0.083682433 -0.993249595 -0.049524285 0.063244678
4037.000000 6.440772057 -0.530591369 11.480844498 0.085175097 -0.992052734 -0.048935156 0.078626357
4038.000000 6.440439224 -0.531264067 11.482984543 0.085438415 -0.992029369 -0.048999850 0.078594364
4039.000000 6.435637951 -0.527305126 11.477374077 0.086513057 -0.990898013 -0.046731059 0.091939352
4040.000000 6.436762810 -0.527691424 11.479865074 0.086348645 -0.990896821 -0.046722349 0.092111245
4041.000000 6.427628517 -0.528952897 11.466022491 0.087745085 -0.989733219 -0.045745045 0.103133149
4042.000000 6.427278042 -0.528251588 11.467403412 0.087912284 -0.989726663 -0.045603391 0.103115708
4043.000000 6.418254852 -0.528184533 11.452948570 0.088930182 -0.988676608 -0.043857899 0.112634465
4044.000000 6.417864799 -0.527788579 11.454148293 0.089259997 -0.988659561 -0.043709047 0.112581514
4045.000000 6.412123680 -0.528777122 11.443129539 0.088643171 -0.987879634 -0.042638011 0.120076492
4046.000000 6.410859108 -0.528415620 11.443323135 0.089065030 -0.987863362 -0.042545065 0.119930401
4047.000000 6.402595997 -0.528146446 11.428539276 0.089619458 -0.987140179 -0.042848181 0.125246361
4048.000000 6.402458668 -0.528252780 11.430171967 0.089754112 -0.987130761 -0.042823959 0.125233054
4049.000000 6.393126965 -0.526503265 11.416280746 0.092504673 -0.986404181 -0.040255398 0.129727840
4050.000000 6.391563892 -0.526378453 11.416149139 0.092626676 -0.986412585 -0.040172562 0.129602477
4051.000000 6.389064789 -0.528948724 11.408969879 0.092178755 -0.986136973 -0.040368784 0.131937131
4052.000000 6.380723953 -0.527411640 11.400233269 0.093005121 -0.985946953 -0.040739547 0.132661313
4053.000000 6.374638081 -0.526750505 11.388813019 0.093331143 -0.985413253 -0.039845515 0.136610329
4054.000000 6.372595787 -0.526468754 11.388567924 0.093637057 -0.985411584 -0.039819501 0.136420473
4055.000000 6.369224072 -0.527000844 11.382495880 0.093897857 -0.985044360 -0.040257007 0.138745025
4056.000000 6.362085342 -0.525886059 11.373166084 0.095075890 -0.984644473 -0.039889555 0.140871093
4057.000000 6.354497433 -0.530410290 11.358178139 0.091407441 -0.984530926 -0.037412141 0.144720003
4058.000000 6.353547573 -0.530571282 11.357464790 0.091359608 -0.984536290 -0.037413266 0.144713506
4059.000000 6.348019600 -0.536356449 11.345981598 0.088518701 -0.984663308 -0.039973684 0.144930065
4060.000000 6.346600533 -0.535827935 11.345476151 0.088837355 -0.984670818 -0.039814182 0.144728050
4061.000000 6.338790894 -0.540698528 11.331507683 0.088031664 -0.985260129 -0.041728128 0.140611842
4062.000000 6.339230061 -0.540191174 11.332423210 0.088250764 -0.985257268 -0.041649129 0.140517920
4063.000000 6.332237720 -0.538119376 11.320758820 0.091296621 -0.985935986 -0.042118926 0.133496374
4064.000000 6.332880974 -0.537599385 11.321422577 0.091603905 -0.985917926 -0.042096425 0.133426324
4065.000000 6.330397606 -0.538969696 11.313061714 0.090756364 -0.987038970 -0.043860301 0.124874480
4066.000000 6.332539558 -0.540096581 11.314583778 0.090134203 -0.987077475 -0.044030692 0.124960959
4067.000000 6.326128006 -0.537500679 11.302061081 0.092415512 -0.987975538 -0.047127064 0.114642456
4068.000000 6.331026554 -0.533959091 11.310135841 0.094756640 -0.987809062 -0.046572540 0.114391811
4069.000000 6.319215775 -0.528332770 11.295666695 0.099238679 -0.988496900 -0.052612927 0.101279095
4070.000000 6.320911407 -0.528047860 11.295170784 0.099158347 -0.988505900 -0.052610051 0.101271622
4071.000000 6.319149017 -0.523695409 11.286300659 0.100351535 -0.989161730 -0.054377321 0.092367806
4072.000000 6.319569588 -0.522741318 11.285372734 0.100265428 -0.989177823 -0.054306310 0.092330486
4073.000000 6.320010185 -0.521684885 11.277610779 0.096976511 -0.990053415 -0.054844186 0.085918598
4074.000000 6.319752693 -0.521199882 11.275583267 0.096808948 -0.990073740 -0.054832678 0.085880511
4075.000000 6.327129364 -0.522680163 11.273248672 0.091524199 -0.991176903 -0.054918680 0.078585133
4076.000000 6.325878620 -0.523181856 11.271380424 0.091405809 -0.991197348 -0.055043384 0.078378171
4077.000000 6.333432198 -0.512857914 11.257634163 0.090541795 -0.992047012 -0.060611419 0.063017324
4078.000000 6.334255695 -0.513927877 11.251275063 0.090456262 -0.992053807 -0.060773540 0.062877588
4079.000000 6.338524818 -0.512954295 11.246843338 0.093350396 -0.992297888 -0.062850431 0.051773276
4080.000000 6.337887764 -0.511524975 11.242390633 0.093141086 -0.992328346 -0.062830746 0.051590052
4081.000000 6.342405319 -0.508681476 11.240567207 0.094277099 -0.992372572 -0.063600771 0.047576308
4082.000000 6.344751835 -0.505101085 11.236562729 0.094109505 -0.992857099 -0.062922210 0.037669256
4083.000000 6.344606400 -0.504609227 11.233685493 0.093826771 -0.992886186 -0.062922418 0.037608087
4084.000000 6.347944736 -0.505903244 11.229400635 0.095317639 -0.992838085 -0.063448966 0.034078963
4085.000000 6.349353313 -0.503354490 11.220823288 0.095684610 -0.992870450 -0.064025402 0.030878758
4086.000000 6.354080677 -0.501199305 11.205767632 0.095529549 -0.992939115 -0.064586602 0.027833484
4087.000000 6.358626366 -0.498753726 11.197671890 0.098150425 -0.992774129 -0.064490460 0.024638113
4088.000000 6.358862400 -0.499019414 11.196805954 0.097980827 -0.992785275 -0.064555764 0.024693884
4089.000000 6.364667892 -0.496773779 11.179103851 0.097276501 -0.993039131 -0.062264271 0.023102304
4090.000000 6.364052296 -0.495462596 11.177477837 0.096677430 -0.993103743 -0.062187135 0.023048874
4091.000000 6.367694378 -0.495466113 11.173058510 0.097903579 -0.993125856 -0.060386177 0.021669747
4092.000000 6.371172905 -0.493331194 11.169221878 0.098583981 -0.993170857 -0.059524525 0.018703306
4093.000000 6.370857716 -0.493599951 11.167998314 0.098592296 -0.993168652 -0.059562147 0.018654205
4094.000000 6.375406742 -0.491884619 11.152881622 0.098613672 -0.993167877 -0.060563501 0.015000330
4095.000000 6.375749588 -0.491469502 11.150266647 0.098586589 -0.993169904 -0.060562409 0.015045377
4096.000000 6.383101940 -0.489096522 11.138398170 0.098721176 -0.993220985 -0.060251962 0.011662603
4097.000000 6.382811069 -0.486897826 11.134588242 0.098433986 -0.993254542 -0.060170684 0.011647711
4098.000000 6.391652107 -0.486536264 11.131225586 0.095098898 -0.993702888 -0.058679484 0.008221474
4099.000000 6.392445564 -0.486290574 11.126185417 0.094939232 -0.993715405 -0.058717947 0.008275535
4100.000000 6.398042202 -0.482515275 11.123083115 0.093518116 -0.993992150 -0.056812454 0.002528646
4101.000000 6.397726536 -0.482030630 11.121858597 0.093308799 -0.994014859 -0.056762170 0.002479227
4102.000000 6.404281139 -0.479597628 11.119996071 0.093241766 -0.994028509 -0.056568529 -0.003654171
4103.000000 6.405805111 -0.480645090 11.114408493 0.093593366 -0.993982971 -0.056791898 -0.003579420
4104.000000 6.414711475 -0.477186918 11.104415894 0.092628166 -0.994028986 -0.057029560 -0.008602698
4105.000000 6.414113045 -0.476803869 11.103727341 0.092472792 -0.994045198 -0.056996938 -0.008624602
4106.000000 6.420780659 -0.477550387 11.103079796 0.092180751 -0.993991077 -0.057914872 -0.011414688
4107.000000 6.420213223 -0.477655977 11.103404999 0.092088655 -0.994000793 -0.057888784 -0.011451116
4108.000000 6.426957130 -0.471902311 11.096889496 0.088128701 -0.994279563 -0.058103304 -0.016299196
4109.000000 6.427338123 -0.471588850 11.095556259 0.087992407 -0.994291246 -0.058117669 -0.016265756
4110.000000 6.430662632 -0.471943408 11.091183662 0.086947449 -0.994233668 -0.059432965 -0.020184698
4111.000000 6.432994843 -0.470377088 11.090095520 0.085172325 -0.994204402 -0.060787570 -0.024660269
4112.000000 6.436302662 -0.468440890 11.090576172 0.085999697 -0.993733644 -0.062814809 -0.033940233
4113.000000 6.437510490 -0.467857629 11.086735725 0.085987948 -0.993739128 -0.062774599 -0.033881716
4114.000000 6.445443153 -0.465966195 11.079636574 0.085424542 -0.993232965 -0.066075660 -0.042720664
4115.000000 6.444775581 -0.466535747 11.078362465 0.085529201 -0.993215919 -0.066150315 -0.042791314
4116.000000 6.444992065 -0.466638476 11.078915596 0.085629545 -0.992866039 -0.067952670 -0.047614191
4117.000000 6.448830605 -0.464381754 11.074563026 0.085809693 -0.992495954 -0.069767743 -0.052162986
4118.000000 6.449016571 -0.461881071 11.073924065 0.084718943 -0.992142320 -0.071600504 -0.057876006
4119.000000 6.449868202 -0.462444454 11.072217941 0.085704960 -0.991470039 -0.074311450 -0.064185075
4120.000000 6.452673912 -0.459140897 11.066306114 0.085941471 -0.990409315 -0.077040531 -0.075949199
4121.000000 6.457783699 -0.457784534 11.058402061 0.086050801 -0.990415812 -0.077129453 -0.075649269
4122.000000 6.456313133 -0.453323603 11.056889534 0.084137492 -0.989533961 -0.078180909 -0.087356426
4123.000000 6.457825661 -0.452439487 11.052087784 0.084159620 -0.989541113 -0.078170791 -0.087263681
4124.000000 6.462688446 -0.450571328 11.044354439 0.083054669 -0.988464892 -0.078894235 -0.099069595
4125.000000 6.462132454 -0.449944168 11.042707443 0.082774788 -0.988482356 -0.078838952 -0.099173322
4126.000000 6.463449478 -0.447503030 11.034650803 0.080562107 -0.987259924 -0.079360053 -0.111935787
4127.000000 6.464407921 -0.451390266 11.024083138 0.078616261 -0.987383068 -0.079520531 -0.112118788
4128.000000 6.464744568 -0.452410161 11.020009995 0.077724881 -0.986595094 -0.079937890 -0.119159020
4129.000000 6.467357635 -0.448374152 11.009355545 0.075151101 -0.986007690 -0.078905687 -0.126155183
4130.000000 6.463993073 -0.447894365 11.005336761 0.070836186 -0.984335721 -0.076143406 -0.142364576
4131.000000 6.463208199 -0.448189259 11.005475998 0.070909403 -0.984297693 -0.076243170 -0.142537132
4132.000000 6.462036133 -0.445477068 10.998397827 0.071123995 -0.981735408 -0.079375416 -0.157596111
4133.000000 6.461300850 -0.445063919 10.996665955 0.071027435 -0.981702745 -0.079381742 -0.157839805
4134.000000 6.464776993 -0.443622351 10.983092308 0.070715204 -0.979956388 -0.080235265 -0.168069080
4135.000000 6.465104103 -0.444790184 10.980770111 0.071227357 -0.979881704 -0.080603056 -0.168112382
4136.000000 6.465774536 -0.441125333 10.968624115 0.069008216 -0.978251457 -0.080304004 -0.178362742
4137.000000 6.464715004 -0.441306949 10.968358040 0.068875201 -0.978249311 -0.080304667 -0.178425759
4138.000000 6.463470459 -0.440683484 10.956565857 0.069886215 -0.976056874 -0.079756595 -0.189915374
4139.000000 6.463650703 -0.439606309 10.954926491 0.069739088 -0.976085663 -0.079682671 -0.189852402
4140.000000 6.467492104 -0.453847319 10.885134697 0.075968891 -0.974456966 -0.081349105 -0.195050687
4141.000000 6.468147278 -0.451742291 10.879939079 0.074958570 -0.973648787 -0.080732092 -0.199678615
4142.000000 6.465289116 -0.451801419 10.878482819 0.073058605 -0.972680748 -0.080527112 -0.205109984
4143.000000 6.462117195 -0.451213360 10.870617867 0.072714031 -0.970253170 -0.085509628 -0.214498803
4144.000000 6.459369659 -0.436039925 10.940711021 0.069894619 -0.970697641 -0.083528310 -0.214205459
4145.000000 6.464213371 -0.431079835 10.926560402 0.067542367 -0.968997002 -0.084800608 -0.222017229
4146.000000 6.462913513 -0.431058288 10.926771164 0.067567319 -0.968987346 -0.084792085 -0.222055361
4147.000000 6.462866783 -0.429035932 10.919704437 0.068866752 -0.967149794 -0.086878903 -0.228759363
4148.000000 6.461903572 -0.429266274 10.919451714 0.068915837 -0.967134714 -0.086886473 -0.228805333
4149.000000 6.463501930 -0.427756310 10.914463043 0.068554223 -0.966246903 -0.088031307 -0.232201904
4150.000000 6.465250015 -0.427669585 10.905778885 0.068901725 -0.963993669 -0.092713736 -0.239526421
4151.000000 6.465803146 -0.427696526 10.903767586 0.069306202 -0.963975310 -0.092805065 -0.239448369
4152.000000 6.468604088 -0.427852303 10.892758369 0.066885844 -0.963478744 -0.094566636 -0.241437688
4153.000000 6.468380928 -0.428258955 10.892718315 0.067159034 -0.963452697 -0.094646722 -0.241434604
4154.000000 6.468697548 -0.429564744 10.884916306 0.067658134 -0.963371158 -0.096455604 -0.240903988
4155.000000 6.468729973 -0.429294765 10.884418488 0.067728952 -0.963357270 -0.096483022 -0.240928650
4156.000000 6.472397804 -0.424407125 10.870996475 0.067780674 -0.963654339 -0.097898975 -0.239148363
4157.000000 6.465740204 -0.426304638 10.876461029 0.067223206 -0.963555455 -0.097751528 -0.239763498
4158.000000 6.469887733 -0.425414264 10.859050751 0.072044343 -0.964591861 -0.099404506 -0.233432949
4159.000000 6.471688271 -0.424946427 10.857482910 0.072046973 -0.964593112 -0.099440873 -0.233411595
4160.000000 6.473865509 -0.420842141 10.842052460 0.072796971 -0.967129946 -0.097402610 -0.223322570
4161.000000 6.478796959 -0.419625521 10.838792801 0.073175199 -0.967188954 -0.097470894 -0.222913414
4162.000000 6.481056213 -0.415492028 10.823034286 0.074813932 -0.969480217 -0.095740758 -0.212943003
4163.000000 6.480706215 -0.415378869 10.823440552 0.074735790 -0.969461918 -0.095736034 -0.213055864
4164.000000 6.480350494 -0.414516777 10.806100845 0.080626138 -0.971559346 -0.096845835 -0.200481415
4165.000000 6.480529785 -0.414508402 10.806713104 0.080506198 -0.971567512 -0.096805878 -0.200509280
4166.000000 6.485137939 -0.409191668 10.783533096 0.080180414 -0.975383997 -0.090723634 -0.184299782
4167.000000 6.484728813 -0.408923805 10.785533905 0.079686813 -0.975428939 -0.090612255 -0.184330747
4168.000000 6.482864380 -0.408679187 10.778512001 0.080094330 -0.976905763 -0.088016555 -0.177463293
4169.000000 6.481852531 -0.407202959 10.771029472 0.080935188 -0.978286684 -0.086912997 -0.169855580
4170.000000 6.477498055 -0.405100673 10.757583618 0.082584903 -0.980761230 -0.086393870 -0.154347837
4171.000000 6.475028038 -0.407739699 10.762133598 0.082632050 -0.980693936 -0.086622603 -0.154622018
4172.000000 6.478507042 -0.404028893 10.749709129 0.081932373 -0.981980026 -0.086369909 -0.146773994
4173.000000 6.479646683 -0.402557582 10.741130829 0.081775583 -0.983166754 -0.085284621 -0.139364302
4174.000000 6.477084160 -0.402304798 10.735122681 0.083035573 -0.984145224 -0.084603414 -0.131930470
4175.000000 6.477908134 -0.402742118 10.728546143 0.084911704 -0.985133231 -0.084380940 -0.123217456
4176.000000 6.478169441 -0.401129663 10.722033501 0.083989859 -0.986266494 -0.084090978 -0.114686154
4177.000000 6.476026535 -0.399916410 10.708366394 0.081201017 -0.988319874 -0.082068630 -0.099473819
4178.000000 6.472685814 -0.406120300 10.705854416 0.078461982 -0.988489330 -0.082369737 -0.099738568
4179.000000 6.477306366 -0.396711469 10.694076538 0.078273140 -0.990150571 -0.081144035 -0.083011240
4180.000000 6.476488113 -0.397251308 10.695463181 0.078283831 -0.990133762 -0.081270836 -0.083077736
4181.000000 6.477015495 -0.395031571 10.679935455 0.079257563 -0.991578758 -0.075997449 -0.068660930
4182.000000 6.476492882 -0.395218909 10.683797836 0.079024099 -0.991605401 -0.075936601 -0.068611957
4183.000000 6.474544525 -0.396010756 10.679243088 0.084993780 -0.992196321 -0.074613869 -0.052491311
4184.000000 6.473749161 -0.396432132 10.684372902 0.085223481 -0.992179453 -0.074598968 -0.052458327
4185.000000 6.472140789 -0.389587760 10.661600113 0.083494522 -0.993177354 -0.072077729 -0.037846602
4186.000000 6.470816135 -0.391196966 10.667879105 0.083515547 -0.993169129 -0.072098739 -0.037974235
4187.000000 6.466850758 -0.390896887 10.657224655 0.082408428 -0.993701577 -0.070573859 -0.028025245
4188.000000 6.466742039 -0.391462624 10.663239479 0.082759000 -0.993673563 -0.070547536 -0.028052660
4189.000000 6.462052345 -0.392903745 10.650133133 0.085233629 -0.993492782 -0.072858103 -0.019977169
4190.000000 6.461331844 -0.394343495 10.653352737 0.085898466 -0.993422866 -0.072976388 -0.020173091
4191.000000 6.461114883 -0.391129643 10.645881653 0.086498685 -0.993426859 -0.073284715 -0.015827965
4192.000000 6.461617947 -0.390655577 10.638104439 0.086443558 -0.993496180 -0.073254794 -0.011250257
4193.000000 6.458699226 -0.390269399 10.632250786 0.086485490 -0.993598580 -0.072394975 -0.006422801
4194.000000 6.457740784 -0.388196141 10.624618530 0.085890733 -0.993757069 -0.071194738 -0.000964595
4195.000000 6.456130981 -0.387314618 10.618360519 0.085257113 -0.993850589 -0.070544280 0.003982006
4196.000000 6.452615261 -0.385753065 10.612851143 0.083703555 -0.993984997 -0.070139855 0.008247012
4197.000000 6.449573040 -0.383988142 10.604207993 0.082560487 -0.994095862 -0.069419958 0.011750258
4198.000000 6.446582794 -0.382039845 10.599755287 0.083734974 -0.994012773 -0.068647213 0.014652365
4199.000000 6.441068649 -0.379298270 10.579669952 0.084824800 -0.993829370 -0.068621054 0.019977957
4200.000000 6.441697121 -0.379288107 10.581835747 0.084960647 -0.993820012 -0.068580352 0.020007633
4201.000000 6.433159828 -0.379409492 10.568367958 0.084330313 -0.994018018 -0.065671347 0.022448933
4202.000000 6.433348179 -0.378783882 10.570430756 0.084102176 -0.994042456 -0.065589525 0.022459809
4203.000000 6.431628227 -0.376821309 10.558646202 0.084640622 -0.994065106 -0.063952267 0.024096321
4204.000000 6.423542500 -0.375970900 10.534509659 0.086686432 -0.994052649 -0.059821483 0.027680807
4205.000000 6.423861504 -0.376669198 10.536238670 0.086520448 -0.994063258 -0.059852216 0.027753158
4206.000000 6.418120384 -0.375457555 10.514724731 0.085817546 -0.994208515 -0.057162363 0.030288389
4207.000000 6.418180943 -0.375424981 10.515806198 0.085684374 -0.994218290 -0.057159904 0.030349243
4208.000000 6.410395145 -0.377497524 10.493817329 0.086772352 -0.994245648 -0.053656995 0.032667000
4209.000000 6.410435677 -0.377061903 10.494893074 0.086455077 -0.994275033 -0.053607244 0.032696724
4210.000000 6.409520149 -0.375084937 10.483078003 0.085673235 -0.994444489 -0.049985528 0.035237152
4211.000000 6.405660629 -0.378003836 10.477243423 0.085922480 -0.994462907 -0.046945587 0.038170043
4212.000000 6.395907402 -0.378473908 10.462895393 0.083919242 -0.994531155 -0.044773102 0.043136731
4213.000000 6.395797253 -0.379294336 10.465435028 0.084165134 -0.994507313 -0.044808578 0.043170858
4214.000000 6.388267517 -0.377197623 10.448921204 0.082809888 -0.994596183 -0.041910850 0.046523839
4215.000000 6.388586044 -0.377665818 10.450929642 0.082723923 -0.994601190 -0.041934416 0.046549279
4216.000000 6.384028435 -0.379441112 10.447523117 0.082682729 -0.994504452 -0.041347433 0.049141951
4217.000000 6.381679535 -0.378980547 10.440827370 0.083236642 -0.994303644 -0.040820401 0.052590277
4218.000000 6.374012947 -0.376777321 10.430867195 0.083462700 -0.993723154 -0.042432427 0.061219171
4219.000000 6.373784065 -0.376529038 10.434347153 0.083648525 -0.993711352 -0.042384975 0.061190400
4220.000000 6.369731903 -0.375369996 10.421878815 0.081063278 -0.993457556 -0.041717231 0.068778738
4221.000000 6.368400574 -0.374906301 10.425178528 0.081240565 -0.993455887 -0.041615199 0.068656117
4222.000000 6.362337589 -0.376558185 10.418452263 0.081076592 -0.992866635 -0.042796265 0.076229677
4223.000000 6.361041069 -0.377239853 10.421129227 0.081578635 -0.992835104 -0.042840589 0.076080047
4224.000000 6.358526230 -0.375584066 10.411572456 0.082850747 -0.992070317 -0.044530481 0.083362244
4225.000000 6.357946396 -0.374870628 10.414203644 0.083403535 -0.992037833 -0.044381972 0.083277188
4226.000000 6.354299545 -0.369412869 10.405868530 0.086249560 -0.990990222 -0.046939451 0.091083474
4227.000000 6.354381084 -0.367482871 10.410837173 0.086608209 -0.990966201 -0.046671927 0.091142006
4228.000000 6.348418713 -0.364213765 10.402895927 0.088702448 -0.990409315 -0.046294954 0.095279090
4229.000000 6.347568512 -0.364147097 10.398949623 0.089032665 -0.989899278 -0.046025269 0.100270763
4230.000000 6.345951080 -0.361507654 10.392202377 0.090318717 -0.989349782 -0.045453131 0.104707167
4231.000000 6.355594635 -0.382544816 10.391434669 0.090510719 -0.988242865 -0.048404440 0.113317922
4232.000000 6.354287624 -0.380283147 10.398118973 0.091055840 -0.988223314 -0.048073839 0.113192357
4233.000000 6.348688602 -0.373288393 10.371958733 0.093831100 -0.987286866 -0.047302805 0.119259782
4234.000000 6.348159313 -0.372537613 10.376846313 0.094022714 -0.987279832 -0.047157086 0.119224757
4235.000000 6.345087051 -0.376690179 10.367023468 0.096976131 -0.986279786 -0.048693571 0.124405861
4236.000000 6.345790863 -0.369580865 10.345898628 0.101782918 -0.984998047 -0.048631243 0.130591422
4237.000000 6.344709396 -0.369204521 10.348436356 0.102107607 -0.984975219 -0.048529994 0.130547941
4238.000000 6.344799042 -0.367762953 10.331576347 0.099985346 -0.984744191 -0.047952678 0.134098783
4239.000000 6.344685078 -0.367286831 10.331753731 0.100377671 -0.984711230 -0.047873948 0.134075165
4240.000000 6.349393845 -0.369557381 10.329413414 0.100644156 -0.984415412 -0.050005350 0.135264829
4241.000000 6.349142075 -0.369209468 10.329987526 0.100961939 -0.984395444 -0.049948152 0.135194153
4242.000000 6.340720654 -0.356855333 10.288888931 0.105437368 -0.983978510 -0.052747335 0.133742318
4243.000000 6.340852261 -0.356124580 10.287281036 0.105658837 -0.983962357 -0.052693244 0.133707896
4244.000000 6.342700481 -0.354686409 10.266941071 0.100244962 -0.985041559 -0.052788552 0.129836634
4245.000000 6.343742847 -0.356079549 10.264368057 0.099761307 -0.985067308 -0.053029101 0.129915431
4246.000000 6.345771313 -0.349436074 10.260813713 0.098307736 -0.986600041 -0.050478984 0.120033197
4247.000000 6.347373962 -0.349297047 10.259092331 0.097879075 -0.986624777 -0.050575811 0.120139562
4248.000000 6.354859352 -0.346711040 10.240355492 0.099905483 -0.987286866 -0.051060118 0.112589225
4249.000000 6.355739594 -0.347499222 10.234993935 0.099643461 -0.987298548 -0.051245447 0.112635478
4250.000000 6.364068031 -0.348298013 10.232356071 0.100751974 -0.988349974 -0.049393289 0.102828726
4251.000000 6.368227005 -0.344913423 10.242618561 0.099054083 -0.988477767 -0.049382292 0.103254057
4252.000000 6.380925655 -0.345069736 10.249032021 0.097547591 -0.989367783 -0.051849864 0.094591320
4253.000000 6.382689476 -0.345581740 10.244332314 0.097177081 -0.989386916 -0.052024063 0.094676726
4254.000000 6.386719227 -0.341911316 10.236943245 0.093550809 -0.990689814 -0.054262146 0.082689703
4255.000000 6.386960506 -0.339126378 10.233201981 0.093174905 -0.990740895 -0.054059774 0.082635179
4256.000000 6.395279884 -0.336664945 10.219341278 0.090223014 -0.991940737 -0.056291703 0.068881482
4257.000000 6.396041870 -0.338020891 10.214644432 0.090158887 -0.991938889 -0.056538239 0.068790600
4258.000000 6.404265404 -0.332244068 10.218317986 0.090255909 -0.992730677 -0.058293667 0.054235898
4259.000000 6.404902935 -0.331272990 10.213533401 0.090411551 -0.992719293 -0.058286685 0.054193366
4260.000000 6.409221172 -0.330615014 10.205791473 0.089677863 -0.993102551 -0.058959194 0.047213629
4261.000000 6.413932323 -0.333519101 10.204048157 0.089281045 -0.993428588 -0.059321970 0.040117919
4262.000000 6.420722008 -0.333457589 10.204854965 0.085316114 -0.994192660 -0.060313214 0.025779549
4263.000000 6.420090675 -0.333914667 10.199302673 0.085133187 -0.994205713 -0.060449220 0.025558595
4264.000000 6.426048279 -0.328006983 10.200324059 0.081600398 -0.994667053 -0.062227271 0.010326734
4265.000000 6.425986290 -0.328726023 10.192202568 0.081991337 -0.994617999 -0.062543325 0.010045853
4266.000000 6.434430599 -0.320834607 10.192626953 0.078166306 -0.994942009 -0.062596612 -0.007885744
4267.000000 6.434344769 -0.318664163 10.185441017 0.077927150 -0.994967639 -0.062454417 -0.008137116
4268.000000 6.441326141 -0.316521704 10.180616379 0.075460993 -0.994871795 -0.061642550 -0.027127786
4269.000000 6.440600395 -0.316566765 10.175326347 0.075009987 -0.994891107 -0.061778121 -0.027364030
4270.000000 6.442997932 -0.314322352 10.168521881 0.073382065 -0.994718850 -0.061394162 -0.037152026
4271.000000 6.447093964 -0.311425358 10.160495758 0.071710229 -0.994486928 -0.060381498 -0.046983946
4272.000000 6.454444885 -0.312107414 10.152383804 0.070305474 -0.993576944 -0.058545340 -0.066592731
4273.000000 6.454246521 -0.310879201 10.146389008 0.070214897 -0.993579388 -0.058366127 -0.066808142
4274.000000 6.444092751 -0.321548283 10.151020050 0.072228082 -0.991920292 -0.057988696 -0.086686388
4275.000000 6.442471504 -0.319411695 10.146165848 0.071706489 -0.991952062 -0.057646595 -0.086983599
4276.000000 6.450045586 -0.320085615 10.128583908 0.071902305 -0.990547478 -0.054444440 -0.103351973
4277.000000 6.449161530 -0.319875151 10.125416756 0.071455635 -0.990578055 -0.054325934 -0.103431650
4278.000000 6.451170921 -0.320255220 10.116666794 0.070080332 -0.989084601 -0.053390574 -0.118109897
4279.000000 6.450946808 -0.319362313 10.112135887 0.070121303 -0.989072919 -0.053279962 -0.118233286
4280.000000 6.452237129 -0.319290310 10.104362488 0.069074333 -0.988201022 -0.052282024 -0.126309916
4281.000000 6.452507973 -0.319359779 10.098537445 0.067072034 -0.986218393 -0.050706528 -0.142490491
4282.000000 6.451910973 -0.317855954 10.094006538 0.066830568 -0.986222804 -0.050495114 -0.142648578
4283.000000 6.464970589 -0.311901808 10.076431274 0.064466529 -0.984636307 -0.044686403 -0.156008080
4284.000000 6.465256691 -0.311075926 10.075145721 0.064085975 -0.984681070 -0.044521462 -0.155929580
4285.000000 6.463430405 -0.313800275 10.067826271 0.064889088 -0.983126581 -0.043184370 -0.165489227
4286.000000 6.463306427 -0.313117683 10.065711021 0.064874940 -0.983138382 -0.043045409 -0.165460795
4287.000000 6.462135315 -0.311401248 10.056371689 0.063667260 -0.981288135 -0.040252235 -0.177200243
4288.000000 6.462381363 -0.310940027 10.053165436 0.063550033 -0.981310844 -0.040155195 -0.177138448
4289.000000 6.461587906 -0.314218640 10.046274185 0.064693660 -0.979289889 -0.038255967 -0.187996298
4290.000000 6.461277962 -0.313151836 10.043315887 0.064263262 -0.979341805 -0.038028546 -0.187919408
4291.000000 6.462088585 -0.308243632 10.030241966 0.061400887 -0.977524996 -0.033904146 -0.198809728
4292.000000 6.461367607 -0.308419168 10.030364037 0.061470155 -0.977509975 -0.033922598 -0.198859274
4293.000000 6.461957932 -0.307338536 10.025072098 0.060490735 -0.976122916 -0.035301004 -0.205618098
4294.000000 6.460911751 -0.308010936 10.024842262 0.060939599 -0.976068079 -0.035458494 -0.205718532
4295.000000 6.465517998 -0.308121026 10.011751175 0.061217360 -0.975750566 -0.036328424 -0.206986740
4296.000000 6.466203690 -0.309502244 10.007257462 0.062538803 -0.975665390 -0.037026081 -0.206869468
4297.000000 6.467106819 -0.309583127 10.002089500 0.061863661 -0.975871205 -0.037985656 -0.205925807
4298.000000 6.467185974 -0.308939397 9.998202324 0.060352758 -0.976183951 -0.038881470 -0.204721302
4299.000000 6.460790634 -0.306121469 9.993263245 0.058814030 -0.976376355 -0.040038571 -0.204027265
4300.000000 6.459987640 -0.307168543 9.995123863 0.058872387 -0.976353288 -0.040164430 -0.204095960
4301.000000 6.462342262 -0.304131925 9.978816032 0.060562816 -0.976282597 -0.042781137 -0.203406587
4302.000000 6.463894844 -0.302930951 9.976094246 0.060497817 -0.976319075 -0.042572640 -0.203294575
4303.000000 6.463222504 -0.302709877 9.960031509 0.064004302 -0.976647317 -0.045761194 -0.199923605
4304.000000 6.463250160 -0.302737176 9.962759018 0.063874029 -0.976643503 -0.045747768 -0.199986771
4305.000000 6.469274521 -0.294410765 9.942995071 0.065519340 -0.978438675 -0.046928491 -0.190164790
4306.000000 6.470314026 -0.294898868 9.944110870 0.065372773 -0.978460312 -0.047036752 -0.190077260
4307.000000 6.470572472 -0.292991996 9.934371948 0.065587454 -0.979716420 -0.046634953 -0.183518842
4308.000000 6.471145630 -0.289155602 9.910770416 0.065153196 -0.982602417 -0.044482101 -0.168133527
4309.000000 6.473253250 -0.287654281 9.911451340 0.064981952 -0.982645750 -0.044305183 -0.167993471
4310.000000 6.471082687 -0.286656141 9.890663147 0.067302428 -0.985339105 -0.042621415 -0.150866613
4311.000000 6.462868690 -0.287271380 9.901863098 0.068442091 -0.985156417 -0.042585663 -0.151555032
4312.000000 6.460045815 -0.283016682 9.875013351 0.072709396 -0.987519503 -0.039917409 -0.133885354
4313.000000 6.459458351 -0.284364164 9.881754875 0.072857119 -0.987493396 -0.040200941 -0.133912683
4314.000000 6.458387375 -0.283274710 9.853349686 0.079062410 -0.989622295 -0.037451021 -0.113992430
4315.000000 6.463892937 -0.283458173 9.855384827 0.077106640 -0.989844024 -0.037373371 -0.113431394
4316.000000 6.463680267 -0.282434821 9.844511032 0.079835460 -0.990964413 -0.034940790 -0.101955399
4317.000000 6.453989029 -0.284969926 9.830162048 0.083481267 -0.992745638 -0.030543061 -0.080957569
4318.000000 6.443142891 -0.279978693 9.856528282 0.086266659 -0.992449999 -0.029764643 -0.081946284
4319.000000 6.437752724 -0.276022732 9.836980820 0.089446761 -0.993597925 -0.028755477 -0.062734060
4320.000000 6.436731339 -0.277607560 9.841568947 0.090085864 -0.993533790 -0.029115375 -0.062669881
4321.000000 6.435080528 -0.275328696 9.835569382 0.089942083 -0.994035900 -0.027875563 -0.055009935
4322.000000 6.433391571 -0.276667178 9.828067780 0.091305397 -0.994333088 -0.027418720 -0.047045410
4323.000000 6.438475609 -0.273746073 9.801805496 0.093778700 -0.994947970 -0.024941042 -0.025732893
4324.000000 6.435016155 -0.275359750 9.808181763 0.094770826 -0.994839311 -0.025233844 -0.026010074
4325.000000 6.431651115 -0.271619797 9.803939819 0.095085889 -0.995094180 -0.022452591 -0.015562199
4326.000000 6.426774502 -0.260406375 9.801293373 0.095574357 -0.995249331 -0.017794719 -0.005260432
4327.000000 6.423947811 -0.260249317 9.790720940 0.095956683 -0.995264053 -0.014612391 0.005315960
4328.000000 6.428145409 -0.267363012 9.782344818 0.094841786 -0.995074570 -0.012124162 0.026164684
4329.000000 6.423289299 -0.266242206 9.785503387 0.097055517 -0.994875252 -0.011965708 0.025695238
4330.000000 6.431251049 -0.264693081 9.772801399 0.098193184 -0.993903279 -0.010563565 0.049017932
4331.000000 6.429470062 -0.260693550 9.782383919 0.099627480 -0.993769586 -0.010159349 0.048920397
4332.000000 6.427102566 -0.264990032 9.764142990 0.098324642 -0.992406905 -0.009798218 0.073245026
4333.000000 6.424371719 -0.261972427 9.771509171 0.099289954 -0.992328882 -0.009418036 0.073049493
4334.000000 6.416584015 -0.268417656 9.751853943 0.095775127 -0.991350532 -0.008230396 0.089351259
4335.000000 6.408466339 -0.268976331 9.754139900 0.097220331 -0.991294205 -0.008333453 0.088400476
4336.000000 6.406769276 -0.277765095 9.748589516 0.099716045 -0.989652395 -0.012492690 0.102414779
4337.000000 6.403781891 -0.274220645 9.755970955 0.100827716 -0.989577353 -0.011917751 0.102119796
4338.000000 6.395738125 -0.269829184 9.732337952 0.102524169 -0.988074958 -0.015251833 0.113859862
4339.000000 6.393284321 -0.266993999 9.738089561 0.103622325 -0.988001347 -0.014821374 0.113561392
4340.000000 6.393441677 -0.266076267 9.727948189 0.102351040 -0.986610115 -0.014820728 0.126115873
4341.000000 6.389884472 -0.263583362 9.735663414 0.103820823 -0.986503899 -0.014412562 0.125792190
4342.000000 6.382747650 -0.262572229 9.714186668 0.103082299 -0.984925032 -0.015867196 0.138003528
4343.000000 6.382535458 -0.260525644 9.718822479 0.103731863 -0.984867334 -0.015562280 0.137963384
4344.000000 6.368601799 -0.258554697 9.704693794 0.105028711 -0.983318746 -0.013752114 0.147865459
4345.000000 6.364201069 -0.259091496 9.702802658 0.104831688 -0.983341575 -0.014397912 0.147791684
4346.000000 6.358420372 -0.254336327 9.699444771 0.105498791 -0.982520103 -0.013208861 0.152806789
4347.000000 6.347267151 -0.254839540 9.671135902 0.104953296 -0.981082857 -0.010708971 0.162316620
4348.000000 6.344835281 -0.252113223 9.678840637 0.106087819 -0.981003881 -0.010260030 0.162085265
4349.000000 6.339580059 -0.256998986 9.664663315 0.103029400 -0.979968786 -0.009377323 0.170171186
4350.000000 6.336770058 -0.253339887 9.666848183 0.103426635 -0.979969084 -0.008835012 0.169957444
4351.000000 6.331413746 -0.258927763 9.652785301 0.098391414 -0.979568601 -0.011922826 0.174992755
4352.000000 6.330173492 -0.257217079 9.656137466 0.098971814 -0.979540527 -0.011627649 0.174842209
4353.000000 6.324854374 -0.257103056 9.650566101 0.098873161 -0.979315400 -0.013369877 0.176030666
4354.000000 6.320055008 -0.257221907 9.644427299 0.100260332 -0.978742242 -0.015049799 0.178283751
4355.000000 6.333766937 -0.265556574 9.608165741 0.097519204 -0.978064418 -0.018595917 0.183123484
4356.000000 6.322271824 -0.265487462 9.581290245 0.095148586 -0.977871954 -0.018840384 0.185359821
4357.000000 6.321174145 -0.265660942 9.580900192 0.095396399 -0.977866054 -0.018832356 0.185264260
4358.000000 6.318381310 -0.265902042 9.574931145 0.094217233 -0.977891445 -0.018903797 0.185726166
4359.000000 6.309791565 -0.270131558 9.555994987 0.092329934 -0.978482068 -0.020356288 0.183395252
4360.000000 6.305913925 -0.271535844 9.541984558 0.092706151 -0.979512453 -0.022995861 0.177290931
4361.000000 6.306618690 -0.271074533 9.542155266 0.092749313 -0.979517698 -0.022955546 0.177244902
4362.000000 6.303481102 -0.271108508 9.531213760 0.095638290 -0.980902016 -0.024477743 0.167586967
4363.000000 6.304954529 -0.271804154 9.529830933 0.095385037 -0.980916679 -0.024643237 0.167621478
4364.000000 6.306386948 -0.271210045 9.523699760 0.096136630 -0.982556105 -0.027364083 0.156819925
4365.000000 6.305973053 -0.271100163 9.523499489 0.096189640 -0.982583940 -0.027293244 0.156625450
4366.000000 6.307346821 -0.268332154 9.520874023 0.096434340 -0.984535158 -0.030088490 0.143128157
4367.000000 6.309734821 -0.268550128 9.520416260 0.096442439 -0.984533846 -0.030164588 0.143116012
4368.000000 6.302446842 -0.255237460 9.526699066 0.099018253 -0.986391604 -0.032591961 0.127140835
4369.000000 6.303623199 -0.256931454 9.524169922 0.098743059 -0.986428559 -0.032848068 0.127002671
4370.000000 6.310146332 -0.255082875 9.521216393 0.097206950 -0.988299549 -0.036861252 0.111606777
4371.000000 6.312125683 -0.254076451 9.521220207 0.097264037 -0.988305271 -0.036763456 0.111539036
4372.000000 6.315167427 -0.249916896 9.512213707 0.096927449 -0.989876449 -0.041368194 0.095070601
4373.000000 6.316298485 -0.249737531 9.504725456 0.096458271 -0.989923656 -0.041531559 0.094985351
4374.000000 6.324593544 -0.246474892 9.502484322 0.096351601 -0.990976870 -0.044683389 0.081759527
4375.000000 6.325122833 -0.246501774 9.496692657 0.096571684 -0.990962148 -0.044798650 0.081615575
4376.000000 6.327935219 -0.242661059 9.487354279 0.094973244 -0.991584599 -0.045631651 0.075218894
4377.000000 6.333229542 -0.238166049 9.480427742 0.090228841 -0.992952347 -0.045061041 0.062240917
4378.000000 6.334153175 -0.237993687 9.478260040 0.090159610 -0.992957473 -0.045082640 0.062244531
4379.000000 6.343187332 -0.238138214 9.475947380 0.087814331 -0.993795156 -0.047105666 0.049405243
4380.000000 6.343262196 -0.235982582 9.466928482 0.088030152 -0.993788838 -0.046956714 0.049290314
4381.000000 6.345472813 -0.234278023 9.459820747 0.088390939 -0.994069338 -0.047128104 0.042334490
4382.000000 6.355390072 -0.226480708 9.458721161 0.091353215 -0.994247437 -0.046804700 0.030595690
4383.000000 6.356297016 -0.226968706 9.453350067 0.091077827 -0.994266748 -0.046907689 0.030630769
4384.000000 6.367271423 -0.226154059 9.447997093 0.090206794 -0.994506717 -0.048966806 0.020529626
4385.000000 6.366923332 -0.224203527 9.444614410 0.090464331 -0.994494259 -0.048775870 0.020450933
4386.000000 6.365343094 -0.203487962 9.430018425 0.089230314 -0.994903803 -0.046218906 0.008261574
4387.000000 6.367166996 -0.205178156 9.425060272 0.088511094 -0.994961739 -0.046333048 0.008379237
4388.000000 6.373222351 -0.204743192 9.421752930 0.088649012 -0.995006621 -0.045713667 0.003675409
4389.000000 6.381088734 -0.204956800 9.412878990 0.089525238 -0.994908214 -0.045568805 -0.008143932
4390.000000 6.382262230 -0.205186427 9.408583641 0.089164250 -0.994937241 -0.045655921 -0.008081180
4391.000000 6.391402245 -0.199763358 9.402316093 0.089826383 -0.994794905 -0.043568421 -0.020397892
4392.000000 6.393188477 -0.199834853 9.397524834 0.089157484 -0.994856358 -0.043633055 -0.020200212
4393.000000 6.397155285 -0.196322411 9.393013954 0.089662455 -0.994737029 -0.042121243 -0.026168806
4394.000000 6.407704353 -0.194445193 9.378714561 0.088499874 -0.994685113 -0.037009630 -0.037412666
4395.000000 6.408840656 -0.195317805 9.373888016 0.087916300 -0.994736314 -0.037139453 -0.037297487
4396.000000 6.415167332 -0.195857048 9.374475479 0.087121606 -0.994656682 -0.034731351 -0.043148484
4397.000000 6.424398422 -0.196405768 9.376471519 0.086360700 -0.994504333 -0.034690533 -0.047955032
4398.000000 6.433882713 -0.189960718 9.362967491 0.084691256 -0.994242072 -0.029837644 -0.058480654
4399.000000 6.433550835 -0.194327891 9.367267609 0.081663772 -0.994501173 -0.030150753 -0.058218658
4400.000000 6.448163986 -0.192704380 9.367628098 0.080090262 -0.994129956 -0.026336526 -0.067805283
4401.000000 6.449015617 -0.194054604 9.364191055 0.079541124 -0.994178176 -0.026466984 -0.067694888
4402.000000 6.459957123 -0.191166580 9.363954544 0.079855748 -0.993558288 -0.024631351 -0.076540016
4403.000000 6.460586548 -0.193285227 9.359641075 0.079117358 -0.993617475 -0.024874402 -0.076459751
4404.000000 6.465012550 -0.191123366 9.357754707 0.078171693 -0.993372083 -0.024227947 -0.080710731
4405.000000 6.475203514 -0.192183793 9.355363846 0.073313326 -0.993023336 -0.024577703 -0.089027464
4406.000000 6.475298882 -0.193121195 9.351835251 0.073398322 -0.993015110 -0.024709512 -0.089012675
4407.000000 6.475719452 -0.192804754 9.346365929 0.072311200 -0.992495537 -0.024958795 -0.095398739
4408.000000 6.479308128 -0.195144117 9.343954086 0.072155952 -0.991884708 -0.025955910 -0.101412833
4409.000000 6.488224030 -0.184011042 9.347743988 0.071754381 -0.990813375 -0.025640022 -0.111726217
4410.000000 6.487410545 -0.186043978 9.340255737 0.071771190 -0.990802348 -0.025845148 -0.111766584
4411.000000 6.497948647 -0.206761479 9.349776268 0.067515075 -0.989963472 -0.026873935 -0.121210217
4412.000000 6.498661995 -0.206548810 9.349130630 0.067301147 -0.989987671 -0.026828244 -0.121141732
4413.000000 6.502668381 -0.203456521 9.343463898 0.068031996 -0.988719881 -0.030914687 -0.129803672
4414.000000 6.502979279 -0.203799427 9.342538834 0.068253644 -0.988705814 -0.030995319 -0.129774809
4415.000000 6.508172035 -0.199433446 9.335855484 0.065826096 -0.987411559 -0.033152334 -0.139951304
4416.000000 6.509873390 -0.199272275 9.333604813 0.065532848 -0.987440050 -0.033144031 -0.139890030
4417.000000 6.512722015 -0.195319295 9.328212738 0.063808441 -0.985872746 -0.035354409 -0.150776342
4418.000000 6.512990952 -0.195187151 9.327719688 0.063726053 -0.985885203 -0.035317615 -0.150738597
4419.000000 6.517457962 -0.190642297 9.318328857 0.065583929 -0.984100103 -0.035631482 -0.161171600
4420.000000 6.519032478 -0.190231442 9.316242218 0.065153547 -0.984169602 -0.035511021 -0.160948053
4421.000000 6.504033089 -0.161725461 9.316483498 0.066321813 -0.982163250 -0.032053556 -0.173000976
4422.000000 6.504586220 -0.161349177 9.315607071 0.066015564 -0.982201934 -0.031989008 -0.172910437
4423.000000 6.505454063 -0.159741819 9.304734230 0.065600969 -0.980151176 -0.030591505 -0.184565544
4424.000000 6.505039215 -0.159433961 9.304893494 0.065500632 -0.980158746 -0.030496242 -0.184576631
4425.000000 6.504175186 -0.158572614 9.299580574 0.065438226 -0.978870392 -0.031143259 -0.191208869
4426.000000 6.512806892 -0.161665201 9.301640511 0.068068445 -0.975996554 -0.033064146 -0.204216093
4427.000000 6.516406059 -0.161039531 9.298456192 0.067204922 -0.976153970 -0.032811839 -0.203790084
4428.000000 6.514268875 -0.160609484 9.294218063 0.069105610 -0.974596322 -0.034793720 -0.210180685
4429.000000 6.520009041 -0.159416497 9.283838272 0.069509879 -0.973434389 -0.036700711 -0.215051174
4430.000000 6.522414207 -0.158644140 9.275503159 0.069826484 -0.972347319 -0.038261540 -0.219547406
4431.000000 6.523628235 -0.159378469 9.268281937 0.069941796 -0.971338212 -0.040176969 -0.223598242
4432.000000 6.524825096 -0.158856392 9.260386467 0.068797581 -0.970578015 -0.040438704 -0.227178290
4433.000000 6.539737701 -0.158921659 9.234402657 0.064655475 -0.969346941 -0.039289419 -0.233757496
4434.000000 6.541605949 -0.159078002 9.232991219 0.064613447 -0.969428837 -0.039296430 -0.233427957
4435.000000 6.542767525 -0.158619404 9.225010872 0.065364279 -0.968574941 -0.039898954 -0.236639664
4436.000000 6.542831421 -0.158794165 9.211526871 0.067330681 -0.967763424 -0.041121539 -0.239185289
4437.000000 6.544753075 -0.159773409 9.209940910 0.068128146 -0.967706501 -0.041380439 -0.239145443
4438.000000 6.542242050 -0.158587217 9.197318077 0.067838088 -0.968118846 -0.042048018 -0.237436444
4439.000000 6.540374756 -0.158885717 9.198596954 0.068278842 -0.968040287 -0.042125661 -0.237616241
4440.000000 6.541053772 -0.159013569 9.190299988 0.068983637 -0.968515992 -0.041762121 -0.235529333
4441.000000 6.519989967 -0.132027507 9.150846481 0.071394950 -0.969837725 -0.039053425 -0.229765952
4442.000000 6.521780968 -0.131399393 9.149805069 0.070602842 -0.969942629 -0.038875308 -0.229598269
4443.000000 6.516695976 -0.155586302 9.177395821 0.073442876 -0.972424209 -0.038476612 -0.217983767
4444.000000 6.517754555 -0.155037463 9.175990105 0.073201038 -0.972472072 -0.038375251 -0.217869386
4445.000000 6.525695801 -0.140057743 9.169950485 0.067542642 -0.976080179 -0.036491200 -0.203405723
4446.000000 6.509420395 -0.136768222 9.167682648 0.068799488 -0.975702584 -0.036282461 -0.204828560
4447.000000 6.512138367 -0.165896475 9.110535622 0.073078297 -0.978183806 -0.037611589 -0.190791488
4448.000000 6.513542175 -0.166126907 9.114009857 0.072605558 -0.978264630 -0.037664194 -0.190547079
4449.000000 6.491625786 -0.137837946 9.145284653 0.075119585 -0.980714560 -0.034901269 -0.177025363
4450.000000 6.511959076 -0.157831430 9.096482277 0.074627072 -0.980895102 -0.036072962 -0.175995409
4451.000000 6.507061005 -0.153593600 9.087856293 0.072603896 -0.983677566 -0.034543246 -0.160978064
4452.000000 6.508461952 -0.150866926 9.099226952 0.071901456 -0.983796060 -0.034089100 -0.160665825
4453.000000 6.488754272 -0.137918055 9.128789902 0.076175019 -0.984450996 -0.034066543 -0.154574215
4454.000000 6.500007629 -0.149398983 9.071743011 0.074603088 -0.986874819 -0.034053158 -0.139114946
4455.000000 6.485655785 -0.122253478 9.108989716 0.077352196 -0.986606300 -0.032592140 -0.139865533
4456.000000 6.489284515 -0.122660816 9.071032524 0.079670481 -0.988676131 -0.033621699 -0.122644901
4457.000000 6.490167618 -0.120940566 9.077206612 0.079732381 -0.988692820 -0.033488303 -0.122506313
4458.000000 6.487212181 -0.118837416 9.072597504 0.080230787 -0.989657342 -0.033576012 -0.114079073
4459.000000 6.483908653 -0.116310239 9.069288254 0.080935054 -0.990456939 -0.033112753 -0.106528103
4460.000000 6.481328011 -0.115828216 9.072805405 0.080266640 -0.991380870 -0.032143299 -0.098428532
4461.000000 6.476760864 -0.111336768 9.048587799 0.080958977 -0.992844462 -0.031280506 -0.082018614
4462.000000 6.467023849 -0.109482348 9.052865982 0.082355000 -0.992667079 -0.030846301 -0.082935311
4463.000000 6.464145660 -0.106550753 9.036790848 0.087887987 -0.993573189 -0.028879151 -0.065223344
4464.000000 6.462902069 -0.103258193 9.044002533 0.088307694 -0.993548036 -0.028467860 -0.065220334
4465.000000 6.461185932 -0.102015555 9.018844604 0.092411727 -0.994252920 -0.029444408 -0.045323730
4466.000000 6.460021496 -0.099045396 9.029575348 0.093612447 -0.994148731 -0.029092800 -0.045371886
4467.000000 6.458775997 -0.095183074 9.014110565 0.094000123 -0.994622707 -0.026443018 -0.034502693
4468.000000 6.459141254 -0.096783102 8.991781235 0.091542915 -0.995521069 -0.020306937 -0.012057383
4469.000000 6.466729641 -0.097123742 9.005058289 0.091704376 -0.995508015 -0.020804234 -0.011013654
4470.000000 6.465570450 -0.099475265 8.997929573 0.090996996 -0.995664358 -0.019278267 -0.000623431
4471.000000 6.463058472 -0.099959254 8.988025665 0.090979539 -0.995643079 -0.018286781 0.009124281
4472.000000 6.463624001 -0.098787665 8.984867096 0.091904223 -0.995429635 -0.017912211 0.018780589
4473.000000 6.461847782 -0.100205123 8.967202187 0.092332788 -0.994897604 -0.018753704 0.036080331
4474.000000 6.461909294 -0.099436820 8.970972061 0.092629530 -0.994869292 -0.018754223 0.036101006
4475.000000 6.456742764 -0.094269812 8.953307152 0.095132366 -0.993964434 -0.017866815 0.051627502
4476.000000 6.456192970 -0.093902111 8.956415176 0.095209241 -0.993959248 -0.017844809 0.051593002
4477.000000 6.454041958 -0.087814391 8.941602707 0.097392187 -0.992709219 -0.014336494 0.069553435
4478.000000 6.454965591 -0.086670637 8.946990967 0.097684391 -0.992671847 -0.014141714 0.069717199
4479.000000 6.452547073 -0.087774515 8.940695763 0.098428279 -0.991888821 -0.011927478 0.079538122
4480.000000 6.451106071 -0.091105461 8.935595512 0.098006234 -0.991206646 -0.010751991 0.088253282
4481.000000 6.449171066 -0.093435049 8.926192284 0.099526167 -0.989633739 -0.010263355 0.103025772
4482.000000 6.448427200 -0.092988253 8.928737640 0.099710345 -0.989627659 -0.010209665 0.102911726
4483.000000 6.450325012 -0.100173354 8.920901299 0.099479832 -0.988338947 -0.013019546 0.114544563
4484.000000 6.448693275 -0.099455237 8.922162056 0.100176007 -0.988301992 -0.012870279 0.114273578
4485.000000 6.446378708 -0.095216691 8.911784172 0.103593156 -0.986764669 -0.014429763 0.123918556
4486.000000 6.446838379 -0.095782518 8.914517403 0.103532478 -0.986763775 -0.014486944 0.123969719
4487.000000 6.443255901 -0.094914496 8.901288033 0.103091456 -0.985443711 -0.016081441 0.134217113
4488.000000 6.443213463 -0.094634682 8.903980255 0.103228264 -0.985432625 -0.016059831 0.134196386
4489.000000 6.443677425 -0.097692192 8.897723198 0.101630703 -0.984361887 -0.017883312 0.142769620
4490.000000 6.443122864 -0.097248375 8.898365021 0.101818323 -0.984353721 -0.017784227 0.142704383
4491.000000 6.441008091 -0.097315162 8.889592171 0.102006055 -0.983472586 -0.018772690 0.148405269
4492.000000 6.440703392 -0.096467197 8.890931129 0.102320053 -0.983451962 -0.018668933 0.148338839
4493.000000 6.440258026 -0.101160690 8.880666733 0.100437053 -0.983167708 -0.021460323 0.151106536
4494.000000 6.438823700 -0.100999087 8.879195213 0.100700662 -0.983172894 -0.021377767 0.150908962
4495.000000 6.432273865 -0.103681296 8.859799385 0.099203847 -0.983840227 -0.023154469 0.147244379
4496.000000 6.432277679 -0.102808401 8.860332489 0.099568851 -0.983826041 -0.023043020 0.147110611
4497.000000 6.435173988 -0.108562186 8.849947929 0.097311623 -0.985178113 -0.025422070 0.138954282
4498.000000 6.435739517 -0.109476253 8.848018646 0.096962489 -0.985211730 -0.025599442 0.138927341
4499.000000 6.435984612 -0.109148443 8.840785027 0.096813530 -0.986066759 -0.026005179 0.132752806
4500.000000 6.440526962 -0.112141743 8.831356049 0.095419861 -0.988106489 -0.027523698 0.117401339
4501.000000 6.442323208 -0.110686511 8.833367348 0.095934853 -0.988075733 -0.027439771 0.117260538
4502.000000 6.436463833 -0.101150572 8.853487968 0.095245272 -0.990142107 -0.025596753 0.099457294
4503.000000 6.436695099 -0.102322131 8.849065781 0.094656654 -0.990202963 -0.025725489 0.099380396
4504.000000 6.443457603 -0.103824824 8.847895622 0.090605259 -0.991367936 -0.025646541 0.091228642
4505.000000 6.443032265 -0.100176215 8.834386826 0.090943448 -0.992753029 -0.028733458 0.073110245
4506.000000 6.444833755 -0.100463748 8.833321571 0.090689451 -0.992773950 -0.028714921 0.073149480
4507.000000 6.449354649 -0.096744567 8.825712204 0.087506972 -0.994189143 -0.029518560 0.055309713
4508.000000 6.451332092 -0.100421935 8.822785378 0.086124122 -0.994291842 -0.029964222 0.055394318
4509.000000 6.454183102 -0.099622667 8.816524506 0.084690422 -0.994856954 -0.030510010 0.046436850
4510.000000 6.453232765 -0.095217377 8.806364059 0.083899893 -0.995317280 -0.030300997 0.037233196
4511.000000 6.459634304 -0.096896946 8.797666550 0.078858241 -0.996277094 -0.029531986 0.018470453
4512.000000 6.460930824 -0.098124385 8.794348717 0.077787094 -0.996356308 -0.029611444 0.018613730
4513.000000 6.465320587 -0.096879661 8.782937050 0.077007405 -0.996600449 -0.029243149 -0.001530335
4514.000000 6.465808868 -0.097470075 8.781348228 0.076612599 -0.996629357 -0.029287677 -0.001656229
4515.000000 6.464469910 -0.095666647 8.772468567 0.077243350 -0.996488214 -0.029990377 -0.012057816
4516.000000 6.446956158 -0.098538220 8.692783356 0.080114648 -0.996009231 -0.031468615 -0.023601212
4517.000000 6.454041004 -0.092100084 8.686222076 0.081906088 -0.995314240 -0.031858433 -0.040326234
4518.000000 6.453049660 -0.092173696 8.683131218 0.082040571 -0.995297074 -0.031838950 -0.040490050
4519.000000 6.485715866 -0.086196005 8.709924698 0.084349528 -0.994533896 -0.030460386 -0.053475846
4520.000000 6.486555099 -0.086877167 8.708786964 0.084057115 -0.994558394 -0.030558992 -0.053424906
4521.000000 6.471095085 -0.089879870 8.677518845 0.083892502 -0.993571222 -0.030136310 -0.069786571
4522.000000 6.486453056 -0.079701483 8.697068214 0.085330091 -0.993520260 -0.029219259 -0.069156021
4523.000000 6.484753609 -0.086927950 8.702255249 0.084721953 -0.992346287 -0.030762833 -0.084408037
4524.000000 6.483747482 -0.090038717 8.696226120 0.084243104 -0.992355824 -0.031107271 -0.084648825
4525.000000 6.491470337 -0.086192071 8.725463867 0.082269616 -0.991813242 -0.032484800 -0.092103034
4526.000000 6.480686188 -0.091259718 8.665708542 0.079525687 -0.991047978 -0.035659220 -0.101133779
4527.000000 6.504453659 -0.080026507 8.734249115 0.083099209 -0.988911986 -0.041569687 -0.115843333
4528.000000 6.510763168 -0.071718752 8.688999176 0.082958125 -0.989000440 -0.041618042 -0.115169607
4529.000000 6.491434097 -0.076158106 8.665073395 0.078276552 -0.987372696 -0.047098901 -0.129420266
4530.000000 6.515916824 -0.063484967 8.679948807 0.079807036 -0.987465262 -0.046503425 -0.127987042
4531.000000 6.518670082 -0.060247779 8.684743881 0.078318782 -0.986931264 -0.048158154 -0.132339522
4532.000000 6.512146950 -0.083282828 8.687473297 0.075090185 -0.986358345 -0.052113798 -0.136904672
4533.000000 6.517720222 -0.071934700 8.687987328 0.071280919 -0.984702528 -0.055861734 -0.148860976
4534.000000 6.515641212 -0.072116613 8.679941177 0.072077483 -0.984589279 -0.056073815 -0.149145976
4535.000000 6.522212982 -0.046901047 8.742187500 0.079364598 -0.983351648 -0.058003150 -0.152828336
4536.000000 6.521704674 -0.047271132 8.738813400 0.079669714 -0.983308733 -0.058113500 -0.152903676
4537.000000 6.528076172 -0.041544735 8.739830017 0.079809286 -0.982242048 -0.061133347 -0.158410460
4538.000000 6.528796196 -0.043573141 8.728539467 0.079886839 -0.982213974 -0.061406720 -0.158439890
4539.000000 6.534572601 -0.038793027 8.720952988 0.080209911 -0.981953204 -0.061991911 -0.159659967
4540.000000 6.543547630 -0.032891154 8.706614494 0.082766064 -0.981904507 -0.060744561 -0.159133241
4541.000000 6.544369698 -0.032772183 8.705923080 0.082500868 -0.981955826 -0.060673129 -0.158981875
4542.000000 6.546204567 -0.033501446 8.702673912 0.084035613 -0.981747866 -0.061007213 -0.159333915
4543.000000 6.550875664 -0.029887915 8.691268921 0.083633825 -0.981794477 -0.060217209 -0.159558699
4544.000000 6.559182167 -0.028133214 8.671064377 0.091483265 -0.981595099 -0.056327980 -0.157889530
4545.000000 6.559008598 -0.028502643 8.673420906 0.090644524 -0.981696010 -0.056204990 -0.157789424
4546.000000 6.561413765 -0.021906316 8.665325165 0.092614122 -0.981856465 -0.055135831 -0.156014815
4547.000000 6.561710358 -0.010344803 8.581361771 0.091281809 -0.982276917 -0.053781793 -0.154619634
4548.000000 6.567131042 -0.012508869 8.573707581 0.088990554 -0.982918620 -0.052391529 -0.152337968
4549.000000 6.567098618 -0.012425780 8.575731277 0.089039482 -0.982916236 -0.052332774 -0.152344644
4550.000000 6.571243286 -0.002486348 8.558845520 0.087377526 -0.984079301 -0.047602031 -0.147265568
4551.000000 6.574157715 -0.003659844 8.561981201 0.086266980 -0.984230220 -0.047505822 -0.146942869
4552.000000 6.578971863 -0.010860741 8.545400620 0.082682796 -0.985682011 -0.044279721 -0.140121102
4553.000000 6.579379082 -0.009686410 8.555089951 0.082369678 -0.985730290 -0.044048786 -0.140038565
4554.000000 6.578043938 -0.013405621 8.551713943 0.082414955 -0.986131549 -0.044071939 -0.137150064
4555.000000 6.576654434 -0.008789003 8.550770760 0.082706407 -0.986552715 -0.043993924 -0.133933023
4556.000000 6.580843925 -0.013388515 8.531202316 0.082898945 -0.987577021 -0.046627447 -0.125081420
4557.000000 6.576424599 -0.007013202 8.560739517 0.083690517 -0.987477064 -0.045975141 -0.125584170
4558.000000 6.580806732 0.000576138 8.519060135 0.080137774 -0.989389777 -0.044891875 -0.112563752
4559.000000 6.574392319 0.004611790 8.538784981 0.081770606 -0.989192426 -0.044612411 -0.113233335
4560.000000 6.569153786 0.032875240 8.503892899 0.078993119 -0.991007626 -0.041828271 -0.099570706
4561.000000 6.568778992 0.033322752 8.509149551 0.079186790 -0.990995944 -0.041708138 -0.099584356
4562.000000 6.564638138 0.034374833 8.497193336 0.081232138 -0.992197692 -0.040910900 -0.085272729
4563.000000 6.559907913 0.038352430 8.519834518 0.082226023 -0.992102623 -0.040499251 -0.085622147
4564.000000 6.561591148 0.036773920 8.503337860 0.083297268 -0.992715776 -0.040640227 -0.076976381
4565.000000 6.556788445 0.038352251 8.477684021 0.081607081 -0.994113624 -0.039435342 -0.059357192
4566.000000 6.553543091 0.041053772 8.505178452 0.082916446 -0.993999839 -0.039100610 -0.059669241
4567.000000 6.553171635 0.038748622 8.484245300 0.082646109 -0.994884014 -0.039376710 -0.042719059
4568.000000 6.551327229 0.041564286 8.494489670 0.083459325 -0.994817972 -0.039214112 -0.042825446
4569.000000 6.543510437 0.044607162 8.469999313 0.084088609 -0.995313287 -0.038807474 -0.027829763
4570.000000 6.544130802 0.045684516 8.478406906 0.083927155 -0.995334506 -0.038699336 -0.027710035
4571.000000 6.540688515 0.043723792 8.462439537 0.084254459 -0.995643377 -0.037584122 -0.013527413
4572.000000 6.539299488 0.044202834 8.469484329 0.083984241 -0.995669246 -0.037503630 -0.013525855
4573.000000 6.533031464 0.044381291 8.460407257 0.083728842 -0.995873153 -0.034968652 -0.001847123
4574.000000 6.533458710 0.043995649 8.463543892 0.083449155 -0.995895684 -0.034997646 -0.001804051
4575.000000 6.526844501 0.047502100 8.449858665 0.085592009 -0.995659530 -0.034697030 0.011501021
4576.000000 6.525099754 0.048087806 8.458523750 0.085988030 -0.995627761 -0.034669608 0.011376018
4577.000000 6.516853333 0.044803947 8.444295883 0.085458003 -0.995484352 -0.035330344 0.021438394
4578.000000 6.517158031 0.046642810 8.448780060 0.085845783 -0.995459199 -0.035135020 0.021380285
4579.000000 6.519683838 0.010161519 8.446122169 0.087286949 -0.994991660 -0.036197245 0.032594714
4580.000000 6.509762287 0.049517512 8.431033134 0.088321030 -0.995009303 -0.033800229 0.031833522
4581.000000 6.501101494 0.055529475 8.411595345 0.092996009 -0.994154572 -0.030866235 0.045340434
4582.000000 6.503973961 0.053810418 8.418824196 0.092006207 -0.994231164 -0.030966071 0.045612171
4583.000000 6.498841286 0.059106082 8.399974823 0.090686522 -0.994092524 -0.027819227 0.052745778
4584.000000 6.494169235 0.008710116 8.401557922 0.084977686 -0.993822455 -0.025571069 0.066648267
4585.000000 6.493243694 0.057079881 8.404151917 0.087007739 -0.993729591 -0.023011101 0.066344991
4586.000000 6.487471104 0.055537134 8.395844460 0.086681753 -0.993295312 -0.022411641 0.073133051
4587.000000 6.496988297 -0.001887053 8.366213799 0.088270314 -0.991156518 -0.022834271 0.096414238
4588.000000 6.498014450 -0.001922190 8.369084358 0.088212557 -0.991157711 -0.022874678 0.096445374
4589.000000 6.497430801 -0.001620322 8.369924545 0.088357054 -0.991155624 -0.022835709 0.096343882
4590.000000 6.490068913 -0.001909018 8.356561661 0.091274060 -0.989540339 -0.023763860 0.109152585
4591.000000 6.487079620 -0.001873702 8.355175972 0.091561422 -0.989537954 -0.023723818 0.108942129
4592.000000 6.479286194 -0.000044674 8.337832451 0.092593469 -0.987458706 -0.024248742 0.125554249
4593.000000 6.476906776 -0.000289708 8.337274551 0.092900507 -0.987448990 -0.024256052 0.125402033
4594.000000 6.470931053 0.000065655 8.334561348 0.093744710 -0.987470508 -0.024292054 0.124594741
4595.000000 6.457575321 0.002879411 8.317856789 0.095177539 -0.985961378 -0.021236366 0.135537639
4596.000000 6.456664085 0.002097040 8.317611694 0.094975553 -0.985982955 -0.021393782 0.135497838
4597.000000 6.454056263 0.000039726 8.311542511 0.096185081 -0.983992696 -0.020345105 0.148636907
4598.000000 6.450841904 0.001311660 8.310083389 0.096978396 -0.983957946 -0.020123145 0.148381278
4599.000000 6.447682381 -0.000742346 8.305941582 0.096980639 -0.983119488 -0.020047069 0.153847128
4600.000000 6.438319206 -0.001191735 8.294203758 0.099788643 -0.981320024 -0.018771665 0.163404197
4601.000000 6.436779022 -0.001097232 8.293606758 0.099939242 -0.981328607 -0.018763309 0.163261533
4602.000000 6.427930355 -0.004573345 8.283547401 0.099941142 -0.980080068 -0.018503794 0.170623839
4603.000000 6.425932884 -0.004231095 8.282895088 0.100282967 -0.980076790 -0.018401407 0.170453280
4604.000000 6.417658806 -0.007373899 8.273031235 0.100126676 -0.979774475 -0.016979054 0.172419384
4605.000000 6.417393684 -0.007866681 8.273387909 0.099997252 -0.979779422 -0.017009443 0.172463551
4606.000000 6.415999413 -0.014535904 8.265703201 0.099266827 -0.980025530 -0.016950618 0.171490058
4607.000000 6.415759563 -0.014139384 8.265049934 0.099253491 -0.980041325 -0.016929144 0.171409458
4608.000000 6.418955803 -0.019827321 8.261221886 0.097193398 -0.981248796 -0.021535087 0.165047333
4609.000000 6.418874741 -0.020037621 8.260153770 0.097577617 -0.981239319 -0.021484431 0.164883167
4610.000000 6.422506332 -0.020303845 8.253209114 0.098035015 -0.982469678 -0.027813869 0.156105667
4611.000000 6.422141075 -0.018567681 8.253152847 0.099079475 -0.982411683 -0.027547453 0.155858174
4612.000000 6.424655437 -0.018529847 8.250353813 0.098513231 -0.983301818 -0.030221604 0.149997994
4613.000000 6.425527573 -0.016911447 8.244741440 0.098099306 -0.984273076 -0.031936988 0.143398374
4614.000000 6.428924561 -0.016967244 8.239962578 0.097034231 -0.985261917 -0.033452582 0.136836782
4615.000000 6.431810379 -0.015583456 8.229107857 0.095222004 -0.987286210 -0.034988362 0.122370936
4616.000000 6.432250977 -0.017146870 8.227169037 0.094653495 -0.987342656 -0.035221085 0.122289449
4617.000000 6.438089371 -0.016669333 8.221825600 0.093000315 -0.988403082 -0.035685565 0.114616401
4618.000000 6.445169449 -0.012143195 8.213694572 0.093574986 -0.990236163 -0.035522223 0.097027116
4619.000000 6.445395470 -0.010341153 8.213115692 0.094598792 -0.990160346 -0.035390187 0.096856467
4620.000000 6.442754269 -0.004660606 8.226852417 0.094662823 -0.991525590 -0.037472550 0.080695644
4621.000000 6.441502571 -0.004433244 8.225512505 0.094874270 -0.991523921 -0.037484504 0.080461875
4622.000000 6.442425728 -0.005100816 8.217681885 0.093000010 -0.992403626 -0.038035203 0.070989542
4623.000000 6.446329117 -0.000205219 8.210534096 0.092629619 -0.993162036 -0.036059547 0.061226498
4624.000000 6.461643696 0.003824919 8.207874298 0.092314303 -0.993950129 -0.037339322 0.046335898
4625.000000 6.459360600 0.004694879 8.203202248 0.092348792 -0.993959129 -0.037291922 0.046111479
4626.000000 6.470889568 0.002526939 8.199815750 0.090825550 -0.994492233 -0.043643802 0.028830169
4627.000000 6.467135429 0.000475466 8.188760757 0.090411581 -0.994537234 -0.043817677 0.028311618
4628.000000 6.465034962 0.017964482 8.223379135 0.095000744 -0.994021297 -0.053558171 0.005299400
4629.000000 6.460479736 0.019799769 8.218539238 0.095627561 -0.993974328 -0.053377304 0.004622823
4630.000000 6.465644836 0.037927121 8.194546700 0.100785695 -0.993512273 -0.052258387 -0.006684356
4631.000000 6.464085102 0.038183123 8.191890717 0.100466616 -0.993543565 -0.052261826 -0.006817394
4632.000000 6.480103016 0.037772596 8.184860229 0.098114096 -0.993822992 -0.049167000 -0.016498473
4633.000000 6.480823994 0.036565185 8.177252769 0.097663976 -0.993857443 -0.049391530 -0.016420674
4634.000000 6.484368801 0.034411907 8.173654556 0.095794454 -0.993894696 -0.049990781 -0.022311011
4635.000000 6.501044750 0.039172590 8.158464432 0.094727494 -0.993664205 -0.049311403 -0.035023112
4636.000000 6.500503540 0.040743470 8.152663231 0.094404012 -0.993694663 -0.049273714 -0.035085104
4637.000000 6.504809380 0.044438779 8.147785187 0.091780268 -0.993794620 -0.047920238 -0.040649790
4638.000000 6.515025139 0.049204767 8.151078224 0.087735683 -0.993772388 -0.046226885 -0.050812930
4639.000000 6.516269684 0.046347857 8.141778946 0.087056793 -0.993822277 -0.046522029 -0.050736569
4640.000000 6.533572197 0.054889381 8.132863045 0.085745752 -0.993563473 -0.045796342 -0.058155723
4641.000000 6.531968117 0.055634141 8.129186630 0.085511513 -0.993576527 -0.045793857 -0.058279008
4642.000000 6.534600258 0.048579931 8.135944366 0.081455305 -0.993223310 -0.044279002 -0.070085682
4643.000000 6.532376289 0.046360195 8.126037598 0.081607819 -0.993180454 -0.044547305 -0.070344806
4644.000000 6.550318718 0.052018642 8.111946106 0.082168587 -0.992714822 -0.045990620 -0.075170808
4645.000000 6.555690765 0.060834169 8.105203629 0.082029663 -0.992380500 -0.044979557 -0.080180995
4646.000000 6.562498093 0.062490404 8.113180161 0.082911581 -0.991550684 -0.042727515 -0.090152107
4647.000000 6.560648918 0.062133193 8.108602524 0.082731120 -0.991547465 -0.042780727 -0.090327434
4648.000000 6.568654060 0.062079191 8.110415459 0.079601325 -0.990741491 -0.043180458 -0.101145439
4649.000000 6.569158554 0.061838806 8.108513832 0.079422332 -0.990750909 -0.043222677 -0.101176433
4650.000000 6.571998596 0.062296867 8.099185944 0.077255309 -0.990310431 -0.043122239 -0.107038863
4651.000000 6.583168983 0.051484644 8.138198853 0.076341614 -0.989763677 -0.043554913 -0.112440124
4652.000000 6.589115143 0.053367376 8.142215729 0.074720129 -0.988286912 -0.045789748 -0.124936514
4653.000000 6.586543083 0.052987754 8.133020401 0.074886240 -0.988227725 -0.045876887 -0.125273213
4654.000000 6.592369080 0.053420305 8.135908127 0.074261889 -0.987474561 -0.046748459 -0.131125331
4655.000000 6.598093033 0.055497766 8.137516975 0.071885981 -0.985873759 -0.050243381 -0.142691985
4656.000000 6.597945213 0.053840160 8.127797127 0.072025627 -0.985834837 -0.050472498 -0.142810047
4657.000000 6.602122307 0.057117522 8.126920700 0.070925593 -0.985180080 -0.051533144 -0.147424936
4658.000000 6.611181259 0.059636891 8.125228882 0.067274719 -0.984253883 -0.053187698 -0.154562384
4659.000000 6.609751701 0.059725821 8.120706558 0.067497313 -0.984212279 -0.053189162 -0.154729754
4660.000000 6.613124847 0.059700519 8.117120743 0.065490186 -0.983916938 -0.053350437 -0.157392219
4661.000000 6.616275787 0.062762588 8.118543625 0.063574493 -0.983437955 -0.055108495 -0.160534114
4662.000000 6.615759850 0.061789989 8.113539696 0.063604310 -0.983421028 -0.055222854 -0.160586715
4663.000000 6.608727455 0.074453235 8.048434258 0.060490750 -0.983119845 -0.054046109 -0.163997903
4664.000000 6.607943535 0.072557122 8.045959473 0.060445234 -0.983094573 -0.054300543 -0.164082229
4665.000000 6.606911659 0.077706218 8.045268059 0.061049145 -0.982772171 -0.053721901 -0.165969416
4666.000000 6.610660553 0.079452902 8.027842522 0.064735726 -0.982227325 -0.053925060 -0.167722777
4667.000000 6.610427856 0.078845680 8.027982712 0.064863302 -0.982217014 -0.053990152 -0.167713001
4668.000000 6.611181259 0.080162585 8.021895409 0.066932134 -0.982158661 -0.053277541 -0.167469800
4669.000000 6.611166000 0.080884993 8.011579514 0.067439355 -0.982324660 -0.052163143 -0.166641220
4670.000000 6.609575272 0.077291727 8.006210327 0.068403937 -0.982390761 -0.052375026 -0.165789962
4671.000000 6.610488892 0.081610262 7.976805687 0.067934044 -0.983422995 -0.048289888 -0.161035553
4672.000000 6.610980034 0.081899524 7.979400635 0.067299791 -0.983493328 -0.048126463 -0.160921112
4673.000000 6.610037804 0.081356585 7.974190712 0.067513868 -0.984130502 -0.046452228 -0.157388955
4674.000000 6.607728004 0.082774341 7.951722622 0.067323104 -0.985697985 -0.043488812 -0.148242384
4675.000000 6.609090805 0.084808588 7.958393097 0.066817030 -0.985761940 -0.043177914 -0.148136988
4676.000000 6.604555130 0.080501437 7.960968494 0.067184322 -0.986138523 -0.043165538 -0.145443559
4677.000000 6.603543282 0.078463614 7.956544399 0.069212660 -0.986412525 -0.044531826 -0.142186478
4678.000000 6.606609344 0.079714000 7.960579872 0.074200362 -0.987698019 -0.043231394 -0.130682692
4679.000000 6.609245300 0.080598116 7.968173981 0.073602960 -0.987790346 -0.043075502 -0.130374059
4680.000000 6.601103783 0.075537980 7.945647717 0.079316191 -0.989286602 -0.042172488 -0.115076058
4681.000000 6.603041649 0.076630652 7.954396248 0.078683369 -0.989379823 -0.041966945 -0.114784010
4682.000000 6.594962120 0.078612208 7.931000233 0.079207435 -0.991035819 -0.040496204 -0.099671230
4683.000000 6.596256256 0.079545915 7.939740658 0.079109222 -0.991067529 -0.040445287 -0.099454619
4684.000000 6.585731506 0.075620115 7.919633865 0.082280502 -0.992275596 -0.042705100 -0.082433790
4685.000000 6.588674545 0.076278090 7.931108952 0.082477205 -0.992293537 -0.042645257 -0.082051821
4686.000000 6.570174217 0.103643715 7.878745556 0.084632173 -0.993528843 -0.040516805 -0.064001523
4687.000000 6.571581841 0.105236113 7.891804695 0.084710702 -0.993541598 -0.040327381 -0.063819766
4688.000000 6.561856747 0.099813223 7.869486809 0.084537335 -0.994465530 -0.041941859 -0.046181329
4689.000000 6.563137054 0.100194752 7.878702641 0.084431536 -0.994488835 -0.041849196 -0.045955274
4690.000000 6.560054302 0.107492775 7.866933346 0.082634740 -0.995062888 -0.040693641 -0.036951885
4691.000000 6.551041126 0.104455650 7.842847824 0.084066041 -0.995629907 -0.036831371 -0.017250452
4692.000000 6.553778172 0.104384571 7.856090546 0.082951099 -0.995735943 -0.036648650 -0.016909940
4693.000000 6.545018673 0.107902080 7.832899094 0.085177772 -0.995836139 -0.032362394 0.002800515
4694.000000 6.546974182 0.109765410 7.844598770 0.085239112 -0.995840847 -0.032022636 0.003147668
4695.000000 6.539849281 0.109576881 7.842355728 0.086841159 -0.995708764 -0.029391913 0.012600556
4696.000000 6.528015614 0.104925871 7.824962616 0.088486984 -0.995226800 -0.026316339 0.031640451
4697.000000 6.530244827 0.090468407 7.865127563 0.088735677 -0.995176673 -0.027138423 0.031826835
4698.000000 6.520157337 0.091590703 7.844914436 0.092147917 -0.994065702 -0.024835216 0.052205622
4699.000000 6.524382114 0.093483865 7.852704048 0.091483429 -0.994092703 -0.024735728 0.052902319
4700.000000 6.517287254 0.094408035 7.849086761 0.093360670 -0.993425012 -0.022851108 0.062196802
4701.000000 6.511799335 0.093756378 7.844619751 0.094838835 -0.992669642 -0.020929156 0.071934968
4702.000000 6.509467125 0.093675256 7.839661598 0.095802173 -0.991850436 -0.019342311 0.081734762
4703.000000 6.503529549 0.093274593 7.841350555 0.096798562 -0.990994692 -0.018398741 0.090669811
4704.000000 6.495404243 0.093689770 7.839088440 0.094438240 -0.989702463 -0.019653589 0.105755359
4705.000000 6.496307373 0.088716120 7.834969521 0.095140181 -0.989612043 -0.020192444 0.105871327
4706.000000 6.507544994 0.095891595 7.783249855 0.093945980 -0.986035585 -0.017506795 0.136387557
4707.000000 6.507799625 0.096217096 7.784193039 0.094110332 -0.986005545 -0.017414149 0.136503369
4708.000000 6.509288788 0.095405817 7.783892632 0.093690909 -0.986035287 -0.017620988 0.136550441
4709.000000 6.505254745 0.090706706 7.776000023 0.093531974 -0.984123826 -0.019385030 0.149587423
4710.000000 6.506374359 0.091570526 7.776632309 0.093759857 -0.984077930 -0.019252120 0.149763688
4711.000000 6.504087448 0.088021368 7.769194603 0.092486061 -0.982618690 -0.024577545 0.159068570
4712.000000 6.504564285 0.089575723 7.770215034 0.092989795 -0.982577085 -0.024370436 0.159064114
4713.000000 6.496263504 0.093399078 7.755485535 0.092382208 -0.981407225 -0.028206965 0.165860996
4714.000000 6.498620987 0.094111234 7.757043839 0.092377000 -0.981357515 -0.027930688 0.166204497
4715.000000 6.494368553 0.093126312 7.744268417 0.090420343 -0.980452061 -0.027892366 0.172510833
4716.000000 6.494013786 0.092838086 7.744186401 0.090382256 -0.980461717 -0.028017601 0.172455803
4717.000000 6.495285511 0.087752759 7.732428551 0.088622794 -0.980208039 -0.028509617 0.174715623
4718.000000 6.492050648 0.089577198 7.731036186 0.089335300 -0.980214000 -0.028058231 0.174391925
4719.000000 6.501115322 0.082834527 7.720285416 0.086149119 -0.980806291 -0.031742070 0.172016889
4720.000000 6.501529694 0.083069973 7.720692635 0.086339407 -0.980805397 -0.031642273 0.171944857
4721.000000 6.493819237 0.086192593 7.711434364 0.089119323 -0.981222630 -0.032353714 0.167967975
4722.000000 6.496388912 0.088583566 7.698665619 0.089182161 -0.982586324 -0.032762095 0.159679130
4723.000000 6.493071556 0.090291217 7.694833755 0.089445055 -0.982612848 -0.032512657 0.159419730
4724.000000 6.492335796 0.092191361 7.690277100 0.089710690 -0.983375072 -0.032037452 0.154593527
4725.000000 6.496025085 0.092463359 7.679237366 0.090815954 -0.984701097 -0.032407772 0.145141587
4726.000000 6.496571541 0.092420459 7.680153847 0.090799585 -0.984702885 -0.032438695 0.145132810
4727.000000 6.492041111 0.090762682 7.719637871 0.092800058 -0.986132979 -0.033889931 0.133346736
4728.000000 6.491296291 0.091322422 7.719192505 0.092949152 -0.986140966 -0.033759017 0.133217454
4729.000000 6.497641563 0.093447849 7.709460258 0.092922352 -0.987602949 -0.033758085 0.121927500
4730.000000 6.500111580 0.092958346 7.711338997 0.092434250 -0.987632215 -0.033801954 0.122049190
4731.000000 6.510077953 0.098789170 7.706166267 0.095365524 -0.988543570 -0.032586101 0.112362072
4732.000000 6.511743546 0.098553225 7.705439568 0.094566807 -0.988592327 -0.032710623 0.112571813
4733.000000 6.517921448 0.100233957 7.695554733 0.095747709 -0.989265025 -0.033796702 0.105094999
4734.000000 6.518137932 0.100195721 7.695199966 0.095622733 -0.989273727 -0.033827018 0.105117634
4735.000000 6.519692421 0.099949077 7.681342125 0.092510223 -0.990760446 -0.033472963 0.093355387
4736.000000 6.520267487 0.098895296 7.681033134 0.092095248 -0.990798593 -0.033615656 0.093309797
4737.000000 6.523389816 0.083173931 7.691877365 0.091354556 -0.992106199 -0.037096247 0.077483177
4738.000000 6.521485329 0.082676366 7.687893867 0.091290161 -0.992134809 -0.037092205 0.077193625
4739.000000 6.528079033 0.086387217 7.685008049 0.090731353 -0.992758512 -0.037693530 0.069119841
4740.000000 6.539136410 0.087182701 7.686774254 0.089888997 -0.993699789 -0.040181383 0.053537548
4741.000000 6.537189960 0.087076813 7.679619789 0.090892158 -0.993633807 -0.040138304 0.053098649
4742.000000 6.552268028 0.093863636 7.676924706 0.085712016 -0.994750738 -0.039895274 0.039151721
4743.000000 6.550191402 0.093875706 7.669961929 0.086133949 -0.994732261 -0.039762981 0.038828027
4744.000000 6.553878307 0.090937942 7.670560837 0.086111180 -0.994940996 -0.041151866 0.031367049
4745.000000 6.560269833 0.092242151 7.671316147 0.084511682 -0.995176554 -0.043587193 0.024118463
4746.000000 6.570535183 0.097693875 7.673805237 0.082017191 -0.995474637 -0.047054350 0.009454007
4747.000000 6.571604729 0.097116441 7.659440994 0.082291156 -0.995451868 -0.047054451 0.009471430
4748.000000 6.585518837 0.104419246 7.651142120 0.079536468 -0.995790541 -0.045547839 -0.000848560
4749.000000 6.584687710 0.104256704 7.645846844 0.079412401 -0.995798886 -0.045579944 -0.000946366
4750.000000 6.585070610 0.103691965 7.649168968 0.076705217 -0.996051192 -0.044113547 -0.007229484
4751.000000 6.589632988 0.100141212 7.656447887 0.075216778 -0.995865524 -0.046817157 -0.020062856
4752.000000 6.588432312 0.099267781 7.649241924 0.075606085 -0.995826900 -0.046923976 -0.020266285
4753.000000 6.591776848 0.102635920 7.649586678 0.075471006 -0.995568275 -0.049210165 -0.026951592
4754.000000 6.600775242 0.107935458 7.646289349 0.074101329 -0.995185077 -0.048881140 -0.041548416
4755.000000 6.597612858 0.107237548 7.639813900 0.074710861 -0.995115280 -0.048995659 -0.041993085
4756.000000 6.603923798 0.106517434 7.643631935 0.074901454 -0.994347990 -0.051934950 -0.054448742
4757.000000 6.602493286 0.106489539 7.635605812 0.075362734 -0.994293511 -0.052024271 -0.054720812
4758.000000 6.607573509 0.106040001 7.631907940 0.073532291 -0.993693411 -0.054259796 -0.064980157
4759.000000 6.606670380 0.106098235 7.624330521 0.073925488 -0.993651032 -0.054293294 -0.065154120
4760.000000 6.609504700 0.108663946 7.628693581 0.071858287 -0.992712736 -0.058772348 -0.076835804
4761.000000 6.608070374 0.109806448 7.623366833 0.071978837 -0.992696881 -0.058638308 -0.077029265
4762.000000 6.638548851 0.127711385 7.627553940 0.070735730 -0.991893649 -0.062623575 -0.084981069
4763.000000 6.638768196 0.128530145 7.622360706 0.070644759 -0.991900027 -0.062519230 -0.085058793
4764.000000 6.642631531 0.135699451 7.606895447 0.067634553 -0.991508365 -0.061921485 -0.092208460
4765.000000 6.642998695 0.137731045 7.603983879 0.067462802 -0.991530359 -0.061738856 -0.092220694
4766.000000 6.641575813 0.137176201 7.598993301 0.065607682 -0.991099000 -0.058602143 -0.099920981
4767.000000 6.641988754 0.137439802 7.597569466 0.065170288 -0.991135299 -0.058523603 -0.099893197
4768.000000 6.642875671 0.138380289 7.588515282 0.064517997 -0.990869403 -0.058316242 -0.103026763
4769.000000 6.642340660 0.140495121 7.580973625 0.062966369 -0.990663767 -0.056443568 -0.106933288
4770.000000 6.635957718 0.139892682 7.583213806 0.059302330 -0.989671290 -0.054076273 -0.118784338
4771.000000 6.635265350 0.140963525 7.577373505 0.059109062 -0.989677966 -0.053929225 -0.118892595
4772.000000 6.632814407 0.142440528 7.578142166 0.057554279 -0.988932788 -0.052768692 -0.126154438
4773.000000 6.631868362 0.139355168 7.574805737 0.058568656 -0.987889767 -0.053830307 -0.133213505
4774.000000 6.617830276 0.163536280 7.555282593 0.062677525 -0.986401916 -0.058151837 -0.140361205
4775.000000 6.617212296 0.163451970 7.552837372 0.063005269 -0.986370146 -0.058212657 -0.140412569
4776.000000 6.617777824 0.165058360 7.531469345 0.058442336 -0.986866713 -0.054944757 -0.140213534
4777.000000 6.617853165 0.164353788 7.533266068 0.058420718 -0.986865938 -0.055074457 -0.140176982
4778.000000 6.613679886 0.163573831 7.532949448 0.057325594 -0.986775756 -0.055604354 -0.141051725
4779.000000 6.611019135 0.166365191 7.511384964 0.059253976 -0.986299098 -0.058060825 -0.142590746
4780.000000 6.611520767 0.166824415 7.510279655 0.059283823 -0.986312866 -0.057978984 -0.142516211
4781.000000 6.612103462 0.166443169 7.510400772 0.059303377 -0.986316144 -0.058034122 -0.142462909
4782.000000 6.613862991 0.172536343 7.482398033 0.063684233 -0.986559272 -0.058514263 -0.138641104
4783.000000 6.614196777 0.172083855 7.484642982 0.063608557 -0.986564875 -0.058578435 -0.138608828
4784.000000 6.611301422 0.174919903 7.465450287 0.062986352 -0.987548470 -0.056121498 -0.132782400
4785.000000 6.611969948 0.174043089 7.467514992 0.062797040 -0.987565398 -0.056185011 -0.132719338
4786.000000 6.608040810 0.176042765 7.452774048 0.062916197 -0.988614857 -0.052249294 -0.126302496
4787.000000 6.607654572 0.175009489 7.453674316 0.062620819 -0.988632917 -0.052327771 -0.126275167
4788.000000 6.604213715 0.178609967 7.436051369 0.060635872 -0.989798129 -0.050556514 -0.118605077
4789.000000 6.604735374 0.177961454 7.438801765 0.060378935 -0.989818275 -0.050612558 -0.118543841
4790.000000 6.602629662 0.182034701 7.420351982 0.061689362 -0.990736663 -0.047104783 -0.111429282
4791.000000 6.602975845 0.181807637 7.423399925 0.061715078 -0.990733683 -0.047155537 -0.111419976
4792.000000 6.596672058 0.180027157 7.417203426 0.068133496 -0.991203964 -0.046285804 -0.103587396
4793.000000 6.598636627 0.179872870 7.418381214 0.067862883 -0.991236389 -0.046330497 -0.103434369
4794.000000 6.608047485 0.181133091 7.404567719 0.068669483 -0.991788030 -0.049059395 -0.096095540
4795.000000 6.608547211 0.180781186 7.406762123 0.068714984 -0.991779864 -0.049140636 -0.096105203
4796.000000 6.608810425 0.182865694 7.392308712 0.068125091 -0.992212296 -0.052480042 -0.090108827
4797.000000 6.610193253 0.183345079 7.392218113 0.068314701 -0.992213428 -0.052404914 -0.089996912
4798.000000 6.615125656 0.187934220 7.365949631 0.067150749 -0.993235707 -0.048510175 -0.081365943
4799.000000 6.613423347 0.188188881 7.373304367 0.067007616 -0.993230343 -0.048469901 -0.081573047
4800.000000 6.609184265 0.182791084 7.367036343 0.071632415 -0.993968904 -0.047270630 -0.068265744
4801.000000 6.609006882 0.182350427 7.372364044 0.071840800 -0.993950784 -0.047348589 -0.068256274
4802.000000 6.611525536 0.189343929 7.346329212 0.070107684 -0.995029807 -0.044980511 -0.054566473
4803.000000 6.609637260 0.188179225 7.353827000 0.069651827 -0.995042562 -0.045076780 -0.054836538
4804.000000 6.607179642 0.189151883 7.351796627 0.069941901 -0.995467186 -0.042882711 -0.048107825
4805.000000 6.606518269 0.189953372 7.330996037 0.066763505 -0.996346295 -0.041597035 -0.033264153
4806.000000 6.605342865 0.189305663 7.340369701 0.066688120 -0.996347129 -0.041618321 -0.033362001
4807.000000 6.601499557 0.198064625 7.350932121 0.069393627 -0.996736169 -0.036992639 -0.018251486
4808.000000 6.601486683 0.197547674 7.356425285 0.069352768 -0.996734917 -0.037132140 -0.018193394
4809.000000 6.600252628 0.200423017 7.336153030 0.070439480 -0.996947587 -0.033571146 -0.002619103
4810.000000 6.600273132 0.200046912 7.341192722 0.070237435 -0.996959567 -0.033650465 -0.002455396
4811.000000 6.597665787 0.202570170 7.328567982 0.073787957 -0.996688366 -0.031203045 0.013930518
4812.000000 6.597604752 0.201732218 7.334592342 0.073913626 -0.996671855 -0.031386212 0.014037885
4813.000000 6.595952511 0.205418736 7.327659130 0.072789043 -0.996680021 -0.030208772 0.020451004
4814.000000 6.595475674 0.208597392 7.320106983 0.071933508 -0.996679425 -0.027868370 0.026059316
4815.000000 6.594851017 0.208838522 7.303966522 0.076885648 -0.996022463 -0.026735744 0.036236566
4816.000000 6.593324661 0.208851188 7.311338425 0.077077441 -0.996020138 -0.026704928 0.035913546
4817.000000 6.594227314 0.210767448 7.291396141 0.081944145 -0.995137393 -0.025536144 0.048317403
4818.000000 6.593408585 0.210027903 7.293732643 0.082039848 -0.995131135 -0.025657611 0.048220284
4819.000000 6.597781181 0.214505076 7.270232201 0.082549222 -0.994383991 -0.023850689 0.061784603
4820.000000 6.596461296 0.214018762 7.272615433 0.082741722 -0.994366944 -0.023892600 0.061785739
4821.000000 6.580277920 0.218589127 7.219054222 0.081438616 -0.993624151 -0.020408167 0.075248882
4822.000000 6.578616142 0.218790978 7.223240852 0.081824638 -0.993600905 -0.020452626 0.075124510
4823.000000 6.579695702 0.220731825 7.217024803 0.082378685 -0.992946625 -0.019023029 0.083119489
4824.000000 6.578112125 0.224485189 7.209705353 0.084210396 -0.992104769 -0.017258810 0.091317967
4825.000000 6.576978683 0.223051220 7.204491615 0.085396029 -0.991234422 -0.016476264 0.099450782
4826.000000 6.576650143 0.220821738 7.199695587 0.084989652 -0.990509570 -0.016903700 0.106685743
4827.000000 6.577571869 0.219343573 7.182143211 0.086044379 -0.988834441 -0.018004626 0.120327398
4828.000000 6.575822830 0.222041249 7.187832832 0.086759299 -0.988801599 -0.017690051 0.120130323
4829.000000 6.571309090 0.226473719 7.168435097 0.087339707 -0.987489641 -0.016432915 0.130253345
4830.000000 6.570827484 0.227954388 7.172776222 0.087780215 -0.987469256 -0.016252024 0.130135179
4831.000000 6.573247910 0.228121608 7.156801224 0.090736330 -0.985826135 -0.014387260 0.140380755
4832.000000 6.571718216 0.229693562 7.160828590 0.091265023 -0.985807836 -0.014151411 0.140191004
4833.000000 6.570376873 0.224348068 7.153669357 0.092034034 -0.985227168 -0.015004739 0.143638477
4834.000000 6.566578865 0.224538833 7.145121574 0.093439080 -0.984859526 -0.015126805 0.145231321
4835.000000 6.580327988 0.213523328 7.174818039 0.092424758 -0.984520316 -0.016849115 0.147964507
4836.000000 6.582492828 0.211668625 7.180809975 0.093784444 -0.984074771 -0.019060051 0.149793327
4837.000000 6.575626373 0.216815546 7.165473938 0.095962346 -0.983513534 -0.022084586 0.151672944
4838.000000 6.575982094 0.219508603 7.170424461 0.096352994 -0.983498037 -0.021746974 0.151574627
4839.000000 6.575977325 0.213851377 7.158384323 0.092226848 -0.984123588 -0.022340944 0.149986595
4840.000000 6.577515602 0.213810280 7.158276558 0.091851689 -0.984133065 -0.022384938 0.150147513
4841.000000 6.579039574 0.209264666 7.154190063 0.090260848 -0.984992266 -0.024862463 0.145000264
4842.000000 6.578886986 0.210469052 7.151816368 0.090329491 -0.985002995 -0.024775429 0.144899771
4843.000000 6.576899529 0.212117970 7.156142235 0.088668719 -0.986302257 -0.028872499 0.136059463
4844.000000 6.572738647 0.209914446 7.141423225 0.089455597 -0.986323833 -0.029071452 0.135343820
4845.000000 6.576574326 0.204959184 7.146237373 0.085370526 -0.988297164 -0.033720605 0.121833764
4846.000000 6.579091072 0.202472314 7.141291618 0.084833711 -0.988318622 -0.034047566 0.121944353
4847.000000 6.581645966 0.205848217 7.142344475 0.084579185 -0.989876211 -0.039147962 0.107046060
4848.000000 6.585537434 0.202692777 7.136821747 0.083783910 -0.989902496 -0.039583180 0.107268870
4849.000000 6.579950809 0.214254126 7.133884430 0.084479563 -0.991472125 -0.039640039 0.090966918
4850.000000 6.583878040 0.212133586 7.131327629 0.083389863 -0.991521001 -0.039981000 0.091289274
4851.000000 6.589499474 0.211426347 7.133783340 0.083890997 -0.992459476 -0.043674883 0.077968180
4852.000000 6.591128826 0.212026805 7.127567291 0.083621219 -0.992475271 -0.043677192 0.078056291
4853.000000 6.583993435 0.227143407 7.108105659 0.085354201 -0.993159354 -0.044502243 0.066096500
4854.000000 6.586747646 0.225514472 7.103408813 0.084689096 -0.993193150 -0.044716269 0.066299960
4855.000000 6.590283871 0.222316310 7.097365379 0.083241783 -0.993651271 -0.045328535 0.060608383
4856.000000 6.589016914 0.221559107 7.088951111 0.082810491 -0.994062781 -0.046084557 0.053458903
4857.000000 6.585422516 0.242868066 7.104094505 0.085527569 -0.994647682 -0.044300150 0.037397400
4858.000000 6.589834213 0.231319919 7.086557388 0.084176674 -0.994692564 -0.045575950 0.037733894
4859.000000 6.585988998 0.245319530 7.065589428 0.082597516 -0.995608032 -0.043042403 0.009468235
4860.000000 6.585340500 0.246145681 7.060985565 0.082433000 -0.995630741 -0.042922184 0.009054976
4861.000000 6.587529659 0.245498449 7.053283215 0.081226267 -0.995841146 -0.041244857 0.001256781
4862.000000 6.590596199 0.243457735 7.044255733 0.082372196 -0.995766342 -0.040510580 -0.004811777
4863.000000 6.588543415 0.243574113 7.039286613 0.082215242 -0.995636463 -0.041252468 -0.015716627
4864.000000 6.590695858 0.243990272 7.033880711 0.081920192 -0.995668292 -0.041155312 -0.015489994
4865.000000 6.588992596 0.245943934 7.031199455 0.080286980 -0.995619416 -0.041792654 -0.023440035
4866.000000 6.587224483 0.245466352 7.029947281 0.080048516 -0.994856954 -0.044854280 -0.042895384
4867.000000 6.590512276 0.246160567 7.019356251 0.080661714 -0.994800210 -0.045062657 -0.042843528
4868.000000 6.591769218 0.246811360 7.016760349 0.083165303 -0.993471861 -0.049301412 -0.060552504
4869.000000 6.591998100 0.246102184 7.010458946 0.083646543 -0.993406177 -0.049471825 -0.060827583
4870.000000 6.591684341 0.246490180 7.005219460 0.086893722 -0.991908908 -0.052216094 -0.076418541
4871.000000 6.593210220 0.246685892 7.000987530 0.086680643 -0.991930306 -0.052174076 -0.076411016
4872.000000 6.594742775 0.248282701 6.992103100 0.088000000 -0.990447640 -0.056823473 -0.089668974
4873.000000 6.596487999 0.248286039 6.987812996 0.087508664 -0.990505874 -0.056838747 -0.089497797
4874.000000 6.599163055 0.248390377 6.974184990 0.088304535 -0.989468396 -0.057973780 -0.098963156
4875.000000 6.600638390 0.249386221 6.971516132 0.087795615 -0.989547849 -0.057788670 -0.098729625
4876.000000 6.615973473 0.252703011 6.996421814 0.084590346 -0.989445865 -0.056636862 -0.103119992
4877.000000 6.616571426 0.252817720 6.994719028 0.084378004 -0.989470363 -0.056612082 -0.103072807
4878.000000 6.615495682 0.252386063 6.991108894 0.082183547 -0.989364326 -0.056421064 -0.105928563
4879.000000 6.611026764 0.253847718 6.991043091 0.079900071 -0.989112496 -0.056391120 -0.109966293
4880.000000 6.607680321 0.255015671 6.984974861 0.078981794 -0.988002062 -0.057377130 -0.119673699
4881.000000 6.609045982 0.255644798 6.981762409 0.078442886 -0.988068283 -0.057238206 -0.119547434
4882.000000 6.607166290 0.260352135 6.972943306 0.076772250 -0.986665964 -0.058268499 -0.131153464
4883.000000 6.610119820 0.261854231 6.967878819 0.074787349 -0.986892521 -0.057788473 -0.130807638
4884.000000 6.601988792 0.248191595 6.938106537 0.074223921 -0.985924840 -0.058494546 -0.137917995
4885.000000 6.617742538 0.245856404 6.948202133 0.073376268 -0.984568059 -0.057642009 -0.148051187
4886.000000 6.618373871 0.246118575 6.946951389 0.073394455 -0.984598637 -0.057574667 -0.147864535
4887.000000 6.607287407 0.247202933 6.931403637 0.072331764 -0.982317448 -0.061712246 -0.161283121
4888.000000 6.620388985 0.249969363 6.936427116 0.071812660 -0.982583821 -0.061496709 -0.159969151
4889.000000 6.609958649 0.247079790 6.918856144 0.071369506 -0.980132043 -0.064637929 -0.173405617
4890.000000 6.610202789 0.248106629 6.915827751 0.071107872 -0.980155408 -0.064523414 -0.173423827
4891.000000 6.606232643 0.267528951 6.899174690 0.076977931 -0.978716910 -0.061943013 -0.179863065
4892.000000 6.606432915 0.268031657 6.898061752 0.076605298 -0.978772461 -0.061828829 -0.179758921
4893.000000 6.616086006 0.277579427 6.912826538 0.078809462 -0.978825271 -0.059624493 -0.179263011
4894.000000 6.616163254 0.277647734 6.912713528 0.078617983 -0.978845775 -0.059651110 -0.179225862
4895.000000 6.615765572 0.268841445 6.906040668 0.079006381 -0.979187846 -0.060203105 -0.176988155
4896.000000 6.616070747 0.268898666 6.906873703 0.078682885 -0.979221880 -0.060147788 -0.176962748
4897.000000 6.625808716 0.270245492 6.878001690 0.080845080 -0.979608297 -0.062917329 -0.172838420
4898.000000 6.589086533 0.251020133 6.874098778 0.083301000 -0.978733182 -0.064386398 -0.176059306
4899.000000 6.621552467 0.283770263 6.865337849 0.083753452 -0.980789661 -0.061614871 -0.165047497
4900.000000 6.621391296 0.283833265 6.866086960 0.083387382 -0.980799794 -0.061652340 -0.165158585
4901.000000 6.625909805 0.294013321 6.843791008 0.082047291 -0.982696891 -0.056950983 -0.155985996
4902.000000 6.627036095 0.294979155 6.843233585 0.081689417 -0.982739031 -0.056722730 -0.155991793
4903.000000 6.627056122 0.295772910 6.842410088 0.085363783 -0.984007120 -0.054685079 -0.146467403
4904.000000 6.626972198 0.295939326 6.843212128 0.085174754 -0.984022081 -0.054650012 -0.146489441
4905.000000 6.627638817 0.292132676 6.809984207 0.088462740 -0.985339761 -0.052824862 -0.135975853
4906.000000 6.602729797 0.274717629 6.804775238 0.090168186 -0.984748006 -0.054311361 -0.138533086
4907.000000 6.623231888 0.297631979 6.817051888 0.087020963 -0.986328423 -0.050091628 -0.130669385
4908.000000 6.622946739 0.298516572 6.811340332 0.086175635 -0.987198889 -0.048577055 -0.125109598
4909.000000 6.634809494 0.296205521 6.806406021 0.088011123 -0.988362610 -0.048645247 -0.114136107
4910.000000 6.621903419 0.300880432 6.800004959 0.087734982 -0.988303661 -0.047997795 -0.115128823
4911.000000 6.662695885 0.323071003 6.813167095 0.092130288 -0.989224017 -0.048658375 -0.102860570
4912.000000 6.662094116 0.322707713 6.814439774 0.092250586 -0.989194930 -0.048738454 -0.102994002
4913.000000 6.665952682 0.325210333 6.805090904 0.092187658 -0.989598930 -0.050410248 -0.098256513
4914.000000 6.670280457 0.328747094 6.793123722 0.089992173 -0.990200937 -0.050901685 -0.093875624
4915.000000 6.636599541 0.305956841 6.757746220 0.087940015 -0.990680277 -0.052281365 -0.089921378
4916.000000 6.599601746 0.283181131 6.722290039 0.088636860 -0.990209222 -0.054249790 -0.093200460
4917.000000 6.637609482 0.296642065 6.750890732 0.085529737 -0.991097927 -0.053163998 -0.087081239
4918.000000 6.644077301 0.309289038 6.739119053 0.085377596 -0.991719067 -0.050065286 -0.081838153
4919.000000 6.643663406 0.309287488 6.739931583 0.085342117 -0.991719782 -0.049995322 -0.081909314
4920.000000 6.644003868 0.308974981 6.736780643 0.086482607 -0.991899312 -0.049978204 -0.078477740
4921.000000 6.651397705 0.312168092 6.720889568 0.084234893 -0.992679298 -0.049484517 -0.071018621
4922.000000 6.650747299 0.311892480 6.721446991 0.084247611 -0.992673576 -0.049472962 -0.071091637
4923.000000 6.643286705 0.313166678 6.707871437 0.082424834 -0.993105352 -0.047052827 -0.068803564
4924.000000 6.642974854 0.312238604 6.704694748 0.080896273 -0.993570089 -0.045217842 -0.065035768
4925.000000 6.645948410 0.319703341 6.702511311 0.082664661 -0.994230092 -0.042361632 -0.053652227
4926.000000 6.644998550 0.319338739 6.703988075 0.082606979 -0.994228005 -0.042396747 -0.053752534
4927.000000 6.679434299 0.342799366 6.732596397 0.084998250 -0.995159984 -0.038958773 -0.030236823
4928.000000 6.677543640 0.348512411 6.737654686 0.085613459 -0.995131016 -0.038311712 -0.030280827
4929.000000 6.675966263 0.348148674 6.739511967 0.085831478 -0.995106161 -0.038316298 -0.030473528
4930.000000 6.673444748 0.348585188 6.737514973 0.085405581 -0.995292485 -0.039357699 -0.023448074
4931.000000 6.672740936 0.352115244 6.722609520 0.084208436 -0.995648682 -0.038642608 -0.009971311
4932.000000 6.638830662 0.328141063 6.678951740 0.083351724 -0.995583355 -0.041150972 -0.013149535
4933.000000 6.644694805 0.337578624 6.682973385 0.083558358 -0.995709002 -0.039702632 0.002318057
4934.000000 6.645954609 0.339570552 6.690381050 0.083844125 -0.995693982 -0.039464742 0.002490377
4935.000000 6.645978451 0.341271818 6.686826229 0.084285907 -0.995612502 -0.039325535 0.010256406
4936.000000 6.638956070 0.339995414 6.671117783 0.081879608 -0.995598435 -0.038832884 0.023909012
4937.000000 6.637003422 0.339089245 6.673922062 0.081743844 -0.995612860 -0.038869016 0.023711430
4938.000000 6.628528118 0.339224309 6.654963017 0.080640219 -0.995421886 -0.037662882 0.034842480
4939.000000 6.623658657 0.329383492 6.651647091 0.081391312 -0.995348275 -0.038494587 0.034285381
4940.000000 6.623776436 0.326693505 6.649837971 0.080230750 -0.995271266 -0.038653754 0.038783617
4941.000000 6.616228104 0.324955732 6.633700848 0.081555471 -0.994911730 -0.039805189 0.043761589
4942.000000 6.615879536 0.325006604 6.636075020 0.081602901 -0.994909465 -0.039802376 0.043726210
4943.000000 6.614988327 0.328839570 6.633627892 0.083337143 -0.994666576 -0.039349683 0.046313792
4944.000000 6.609470844 0.331912339 6.624017715 0.085759312 -0.994392872 -0.038488027 0.048445415
4945.000000 6.606412888 0.334187329 6.615107536 0.088081606 -0.994072378 -0.037234057 0.051725280
4946.000000 6.604218006 0.336562514 6.612382412 0.089601681 -0.993734777 -0.036504261 0.055947687
4947.000000 6.602823734 0.338033557 6.606216431 0.089361407 -0.993517399 -0.035827089 0.060449250
4948.000000 6.594273090 0.340931356 6.581625938 0.088964887 -0.993218243 -0.031319235 0.067984894
4949.000000 6.593114853 0.339409083 6.583283424 0.088495545 -0.993257046 -0.031455684 0.067967825
4950.000000 6.588748932 0.336982727 6.567059517 0.091778927 -0.992419839 -0.029589830 0.076184258
4951.000000 6.586620331 0.337641001 6.568489075 0.091928884 -0.992426634 -0.029487798 0.075954556
4952.000000 6.575422287 0.340160608 6.542647362 0.092203267 -0.992021918 -0.026755078 0.081702530
4953.000000 6.574384689 0.339835733 6.543402672 0.092178673 -0.992029548 -0.026775781 0.081631541
4954.000000 6.570145607 0.337170392 6.528573036 0.092542171 -0.991544008 -0.022353211 0.088186331
4955.000000 6.569008827 0.337074012 6.529490471 0.092658706 -0.991542339 -0.022342008 0.088085368
4956.000000 6.562356472 0.335543901 6.512737274 0.094806589 -0.990885496 -0.019212231 0.093747698
4957.000000 6.561494827 0.335014790 6.513697624 0.094705887 -0.990898430 -0.019224411 0.093709491
4958.000000 6.557389259 0.335771292 6.511448860 0.096482091 -0.990418017 -0.018551694 0.097053379
4959.000000 6.548297405 0.337120384 6.487263680 0.095759325 -0.989779651 -0.017550454 0.104204208
4960.000000 6.548745155 0.329006523 6.479829788 0.089492284 -0.989747405 -0.018210923 0.109816492
4961.000000 6.547473907 0.329592735 6.480944633 0.089769505 -0.989737272 -0.018090723 0.109701283
4962.000000 6.544354916 0.328074604 6.466439247 0.089580320 -0.989243269 -0.024224820 0.113077007
4963.000000 6.542830467 0.328336596 6.466334343 0.089794576 -0.989251137 -0.024167046 0.112850346
4964.000000 6.541744232 0.326633573 6.462164879 0.091658093 -0.988592803 -0.027082449 0.116402999
4965.000000 6.541726589 0.328230232 6.464187622 0.091893926 -0.988578618 -0.026876966 0.116385281
4966.000000 6.536487579 0.331978649 6.454633713 0.093925044 -0.987960398 -0.028135065 0.119669728
4967.000000 6.535384178 0.331988215 6.454926491 0.094129749 -0.987957954 -0.028071769 0.119543798
4968.000000 6.530728340 0.335944593 6.450047493 0.095951036 -0.987571239 -0.027284391 0.121458061
4969.000000 6.529748917 0.334018379 6.446682930 0.096391939 -0.987254918 -0.027326375 0.123651505
4970.000000 6.529706478 0.331748188 6.447394371 0.096064210 -0.987090290 -0.028340837 0.124985524
4971.000000 6.523912430 0.323335409 6.435468674 0.094675332 -0.987316132 -0.033301547 0.123022184
4972.000000 6.525696754 0.323394775 6.436853409 0.094756201 -0.987298071 -0.033322655 0.123098828
4973.000000 6.524796486 0.313883096 6.431694031 0.092366517 -0.988211751 -0.040860418 0.115050383
4974.000000 6.527177334 0.315369159 6.431674004 0.092763819 -0.988174975 -0.040750779 0.115084484
4975.000000 6.521156311 0.318376869 6.420829773 0.091626793 -0.989402056 -0.045587659 0.103004940
4976.000000 6.515938759 0.319415480 6.405140877 0.091476738 -0.989485085 -0.045634210 0.102317378
4977.000000 6.515626907 0.321376354 6.399323463 0.089063227 -0.990444720 -0.045203760 0.095098235
4978.000000 6.520018101 0.324191600 6.400627136 0.088393033 -0.991144598 -0.044773482 0.088399068
4979.000000 6.534629822 0.322552621 6.417678833 0.088496692 -0.991413891 -0.046344005 0.084374726
4980.000000 6.527552605 0.325757563 6.392204285 0.086701475 -0.992338836 -0.049126249 0.073028170
4981.000000 6.528726578 0.327450395 6.388644218 0.086963423 -0.992319167 -0.049059656 0.073029250
4982.000000 6.544498920 0.324184924 6.409313679 0.086790875 -0.992926419 -0.053701881 0.060668997
4983.000000 6.547668934 0.325388432 6.409221172 0.087008297 -0.992899597 -0.053732812 0.060769126
4984.000000 6.546784401 0.327482343 6.397528172 0.087736785 -0.993464172 -0.056549165 0.046189502
4985.000000 6.549156666 0.327790141 6.394423008 0.087780893 -0.993447304 -0.056730438 0.046245482
4986.000000 6.553567886 0.333937198 6.387738705 0.089203775 -0.993811309 -0.056679953 0.034193873
4987.000000 6.555948257 0.333393961 6.385927200 0.088725559 -0.993841946 -0.056771304 0.034394693
4988.000000 6.560073376 0.334480107 6.379303932 0.086834565 -0.994523048 -0.053832743 0.022039674
4989.000000 6.564118385 0.333553135 6.377992153 0.086198114 -0.994561911 -0.054000311 0.022373857
4990.000000 6.571528912 0.322528124 6.378689766 0.083041474 -0.994923949 -0.056457669 0.006556394
4991.000000 6.573992252 0.322596878 6.375980854 0.082770295 -0.994941413 -0.056541130 0.006620766
4992.000000 6.577768326 0.329221934 6.366389751 0.084155269 -0.994617283 -0.059234425 -0.012072331
4993.000000 6.580468178 0.325847805 6.364616871 0.083134443 -0.994681239 -0.059608713 -0.012030126
4994.000000 6.590317726 0.338601530 6.364673615 0.085165463 -0.994410515 -0.057536583 -0.024168188
4995.000000 6.590720654 0.337417364 6.359954357 0.085003145 -0.994411707 -0.057752885 -0.024175223
4996.000000 6.593421459 0.346485972 6.329029083 0.084806792 -0.994220495 -0.056484088 -0.033809245
4997.000000 6.593468666 0.347001433 6.323966503 0.084582746 -0.994240761 -0.056445599 -0.033839017
4998.000000 6.601053715 0.350237399 6.318067074 0.089332022 -0.993380427 -0.057703670 -0.043422300
4999.000000 6.602428436 0.351247460 6.316724300 0.088283598 -0.993505061 -0.057309601 -0.043236602
5000.000000 6.606395245 0.353421926 6.309218407 0.090677537 -0.993047357 -0.058413215 -0.047142886
5001.000000 6.613259792 0.358003229 6.307915211 0.091400713 -0.992818475 -0.058753509 -0.050054543
5002.000000 6.611168385 0.364246309 6.299559593 0.092652962 -0.992581725 -0.058265314 -0.052935265
5003.000000 6.613355637 0.366992116 6.294972897 0.093714938 -0.992406845 -0.057516657 -0.055118475
5004.000000 6.618174553 0.364475697 6.290431976 0.092346951 -0.992406607 -0.057562944 -0.057338551
5005.000000 6.628602982 0.372487009 6.277401924 0.091807663 -0.992296100 -0.055624355 -0.061853595
5006.000000 6.628116608 0.372315884 6.275926590 0.091854252 -0.992288530 -0.055660654 -0.061872166
5007.000000 6.633420944 0.375924349 6.274505138 0.090472378 -0.992345333 -0.053089101 -0.065170214
5008.000000 6.632854462 0.375599176 6.272574425 0.090414897 -0.992342174 -0.053183489 -0.065221049
5009.000000 6.647235870 0.375581533 6.263675690 0.090545438 -0.992196083 -0.051516153 -0.068516821
5010.000000 6.646941185 0.375470191 6.263037682 0.090581283 -0.992193162 -0.051489621 -0.068532400
5011.000000 6.647035599 0.375633568 6.261821270 0.090600699 -0.992194057 -0.051467042 -0.068510041
5012.000000 6.658018112 0.370192170 6.265020370 0.090311773 -0.991969109 -0.054585081 -0.069724731
5013.000000 6.657281876 0.369623631 6.264941692 0.090552203 -0.991930544 -0.054718405 -0.069857322
5014.000000 6.661693573 0.368033081 6.262939453 0.086482838 -0.991721988 -0.059776746 -0.073722050
5015.000000 6.662160873 0.367577434 6.260868073 0.086809978 -0.991688550 -0.059838653 -0.073737629
5016.000000 6.655831337 0.370827734 6.253051758 0.082500286 -0.991624415 -0.061546650 -0.078017771
5017.000000 6.664299011 0.377691627 6.247965813 0.083749950 -0.991017580 -0.061718825 -0.084029205
5018.000000 6.664793968 0.377884567 6.246595383 0.083812475 -0.991017520 -0.061718207 -0.083968207
5019.000000 6.666571617 0.386784822 6.242352486 0.087080866 -0.990385354 -0.063799024 -0.086507075
5020.000000 6.666510582 0.386221111 6.241825581 0.087386802 -0.990348041 -0.063936867 -0.086524002
5021.000000 6.669697762 0.391026437 6.237178802 0.084906861 -0.990058362 -0.065363824 -0.091120534
5022.000000 6.670234680 0.391065001 6.235917568 0.085151829 -0.990037382 -0.065429725 -0.091072753
5023.000000 6.675491333 0.391885251 6.228163719 0.085742287 -0.989606380 -0.067404769 -0.093724087
5024.000000 6.675469398 0.391574204 6.227209091 0.086055078 -0.989571750 -0.067474909 -0.093752272
5025.000000 6.678033829 0.392336011 6.213953972 0.084750704 -0.989310443 -0.068700030 -0.096760340
5026.000000 6.678335190 0.392409444 6.212871552 0.084816568 -0.989305496 -0.068691932 -0.096759208
5027.000000 6.678001404 0.390294939 6.210549355 0.085801169 -0.988802195 -0.070752591 -0.099511608
5028.000000 6.677827835 0.390003860 6.210235119 0.085978508 -0.988782227 -0.070814274 -0.099512875
5029.000000 6.681030273 0.399880916 6.199564934 0.088249564 -0.988319278 -0.071741119 -0.101441167
5030.000000 6.681023598 0.400087893 6.199316502 0.088197157 -0.988329589 -0.071689323 -0.101423047
5031.000000 6.679150581 0.402679354 6.186110973 0.091028497 -0.987992764 -0.072434448 -0.101672977
5032.000000 6.681314468 0.407817304 6.184947014 0.090864174 -0.988074005 -0.071997151 -0.101340845
5033.000000 6.679081917 0.409334242 6.180579185 0.091557287 -0.988127112 -0.071176469 -0.100776725
5034.000000 6.682028770 0.409335494 6.170823574 0.090873078 -0.988354504 -0.070568286 -0.099587657
5035.000000 6.676193237 0.417495161 6.170958519 0.090681605 -0.988535881 -0.069742016 -0.098537982
5036.000000 6.678653717 0.410414934 6.148970604 0.088087708 -0.988988519 -0.069512039 -0.096490532
5037.000000 6.678440094 0.409880579 6.149410725 0.087977648 -0.988994896 -0.069520175 -0.096519358
5038.000000 6.677718163 0.409455925 6.147273540 0.088639647 -0.988994122 -0.069427252 -0.095987029
5039.000000 6.676304817 0.408523977 6.143523216 0.090486437 -0.988853872 -0.070671380 -0.094793811
5040.000000 6.678109169 0.421265453 6.119241714 0.089672871 -0.989440858 -0.068268687 -0.091131978
5041.000000 6.678353310 0.421334416 6.120597839 0.089536607 -0.989450037 -0.068293162 -0.091148503
5042.000000 6.676380157 0.417033315 6.089496613 0.089738324 -0.990387678 -0.065263659 -0.082583383
5043.000000 6.675803185 0.416932285 6.093322277 0.089608684 -0.990386426 -0.065265663 -0.082737811
5044.000000 6.674244881 0.417317867 6.096904755 0.089517519 -0.990385473 -0.065161534 -0.082929619
5045.000000 6.672670364 0.414507866 6.092655182 0.089364395 -0.990745306 -0.064704679 -0.079064593
5046.000000 6.671761513 0.412652135 6.089469433 0.088229537 -0.991029441 -0.065534554 -0.076036260
5047.000000 6.666500092 0.418641716 6.066786766 0.088020884 -0.991286099 -0.066486835 -0.071998142
5048.000000 6.665404320 0.418601036 6.068864346 0.088120192 -0.991266131 -0.066496342 -0.072142765
5049.000000 6.663671494 0.423393637 6.051380634 0.093740381 -0.991073072 -0.068748064 -0.065273702
5050.000000 6.662238121 0.422816902 6.053374290 0.093877196 -0.991039038 -0.068850525 -0.065485895
5051.000000 6.654767513 0.438110530 6.020134926 0.093328692 -0.992068172 -0.062379755 -0.056561973
5052.000000 6.654279232 0.438025773 6.022379875 0.092945896 -0.992108822 -0.062326264 -0.056539763
5053.000000 6.654356956 0.435542643 6.023100853 0.092603527 -0.992586732 -0.058871713 -0.052253429
5054.000000 6.649237156 0.435234100 6.018424988 0.094196603 -0.992751122 -0.057192124 -0.047971565
5055.000000 6.648276806 0.434188664 6.005083084 0.096579015 -0.992961943 -0.056805626 -0.038368937
5056.000000 6.648227215 0.434012413 6.006189346 0.096640661 -0.992954731 -0.056834307 -0.038357936
5057.000000 6.646017075 0.432735741 5.995837688 0.093833111 -0.993514895 -0.055985339 -0.031451594
5058.000000 6.649219513 0.431628376 5.992802143 0.092988059 -0.993596911 -0.056109235 -0.031146569
5059.000000 6.642194748 0.437708437 5.985066891 0.093027383 -0.993748367 -0.056989040 -0.023716111
5060.000000 6.642010212 0.437577128 5.985647678 0.093354814 -0.993715048 -0.057008669 -0.023776518
5061.000000 6.638645172 0.441224277 5.972755432 0.090513259 -0.994233668 -0.055050913 -0.016618920
5062.000000 6.638851166 0.440484941 5.966667175 0.090002120 -0.994278729 -0.055111516 -0.016497251
5063.000000 6.636283398 0.442299217 5.964765072 0.091376647 -0.994344532 -0.053540044 -0.007918855
5064.000000 6.634520531 0.442373335 5.965013027 0.091676570 -0.994315267 -0.053542670 -0.008106630
5065.000000 6.632316113 0.443876982 5.952213287 0.091259517 -0.994386792 -0.053528603 0.001114381
5066.000000 6.632225037 0.444231391 5.953381062 0.091376536 -0.994378567 -0.053482115 0.001120808
5067.000000 6.637074947 0.441695631 5.942518234 0.091192745 -0.994276166 -0.054435451 0.011643284
5068.000000 6.638781071 0.441003472 5.946877956 0.091005541 -0.994295835 -0.054312535 0.012002033
5069.000000 6.628216743 0.445454180 5.928050041 0.092671134 -0.993927062 -0.055645712 0.020609502
5070.000000 6.627450466 0.445872456 5.930334091 0.092944093 -0.993908823 -0.055559166 0.020493288
5071.000000 6.628031254 0.444992870 5.920604706 0.093445234 -0.993562639 -0.056117106 0.030857285
5072.000000 6.628877640 0.445070982 5.924515724 0.093614906 -0.993548930 -0.056059234 0.030889407
5073.000000 6.622180462 0.449896991 5.901793003 0.093380801 -0.993307471 -0.055996962 0.038531691
5074.000000 6.622083187 0.449758798 5.903630733 0.093323939 -0.993311822 -0.056009505 0.038538989
5075.000000 6.615764141 0.454174548 5.883988857 0.094903789 -0.992950499 -0.053843748 0.046297692
5076.000000 6.615283012 0.453999639 5.885192394 0.094897576 -0.992952585 -0.053860281 0.046247177
5077.000000 6.614832401 0.458159238 5.870863914 0.095883869 -0.992578387 -0.050719369 0.054973260
5078.000000 6.613267899 0.457285345 5.870971203 0.095717750 -0.992599845 -0.050776288 0.054822244
5079.000000 6.618468761 0.456242085 5.859566212 0.092327245 -0.992520094 -0.049410716 0.062754534
5080.000000 6.617393494 0.455850184 5.860135555 0.092194952 -0.992537737 -0.049435675 0.062650271
5081.000000 6.614589691 0.459498167 5.839498997 0.091333739 -0.992020428 -0.049924020 0.071143463
5082.000000 6.614779949 0.459551424 5.841752529 0.091429129 -0.992013037 -0.049912300 0.071131885
5083.000000 6.612119198 0.464040816 5.822574139 0.092510372 -0.991334736 -0.047744125 0.080110848
5084.000000 6.610916615 0.464053601 5.823565960 0.092679128 -0.991331160 -0.047678083 0.079999901
5085.000000 6.609094620 0.466040939 5.803779602 0.094657816 -0.990409553 -0.047053959 0.088964574
5086.000000 6.606984615 0.465931416 5.804293633 0.094794095 -0.990420461 -0.047042839 0.088703640
5087.000000 6.607908249 0.464742959 5.787958145 0.095025770 -0.989608824 -0.045589890 0.097806849
5088.000000 6.605901241 0.464677423 5.787569046 0.095243655 -0.989613831 -0.045581758 0.097547390
5089.000000 6.606966019 0.463215768 5.772576332 0.093346715 -0.988894284 -0.045844954 0.106173307
5090.000000 6.606760025 0.463949740 5.774126053 0.093592487 -0.988879681 -0.045706093 0.106152818
5091.000000 6.600028038 0.467376351 5.753865242 0.092978917 -0.988294840 -0.044729739 0.112372421
5092.000000 6.598284721 0.467684865 5.752921104 0.093107507 -0.988303185 -0.044668075 0.112217173
5093.000000 6.601357460 0.465694636 5.747613907 0.092361107 -0.987910926 -0.044357900 0.116334856
5094.000000 6.597418308 0.463953376 5.737412453 0.092103936 -0.987689435 -0.043989442 0.118538253
5095.000000 6.597075462 0.463078856 5.730752945 0.092114925 -0.987489998 -0.043325573 0.120421328
5096.000000 6.594635963 0.463592201 5.725531578 0.094019234 -0.987191081 -0.042466361 0.121699557
5097.000000 6.599698067 0.459023595 5.718993187 0.095908761 -0.986783922 -0.044541311 0.122780740
5098.000000 6.600843430 0.459465057 5.720071793 0.095989279 -0.986769497 -0.044490162 0.122852504
5099.000000 6.596347809 0.457889646 5.706924438 0.096923515 -0.986882091 -0.046452712 0.120464794
5100.000000 6.596386909 0.456789374 5.705571175 0.096679583 -0.986901045 -0.046597157 0.120450072
5101.000000 6.598488808 0.454240978 5.697301865 0.095482618 -0.987400353 -0.049798176 0.115947343
5102.000000 6.600081921 0.455387086 5.698299408 0.095707588 -0.987375855 -0.049673948 0.116023906
5103.000000 6.598366737 0.456396341 5.686923981 0.095655836 -0.987966418 -0.053052884 0.109352216
5104.000000 6.601198196 0.457230777 5.688208580 0.095613599 -0.987951159 -0.052961830 0.109570742
5105.000000 6.603369713 0.456532717 5.680008888 0.096149258 -0.988438010 -0.057571925 0.102133185
5106.000000 6.604113579 0.458002567 5.679813862 0.096238695 -0.988434136 -0.057427868 0.102167517
5107.000000 6.599470615 0.456671059 5.664975643 0.094349347 -0.989423215 -0.059527539 0.092716612
5108.000000 6.600789070 0.457071453 5.664998531 0.094346747 -0.989416957 -0.059497662 0.092805952
5109.000000 6.605127335 0.459002733 5.665192127 0.092927620 -0.989963591 -0.059823290 0.088078015
5110.000000 6.606439590 0.461956024 5.660408020 0.091975994 -0.990385115 -0.060790978 0.083559498
5111.000000 6.603588104 0.465162814 5.640714645 0.091441095 -0.991260886 -0.064313844 0.070030145
5112.000000 6.606779575 0.466074944 5.641328335 0.091525048 -0.991240740 -0.064255506 0.070258573
5113.000000 6.609399796 0.468843699 5.635945320 0.091330990 -0.991556883 -0.064695105 0.065483734
5114.000000 6.603335381 0.467600554 5.621848583 0.091074184 -0.991924226 -0.065347210 0.059343781
5115.000000 6.592928410 0.471046150 5.600201130 0.089982636 -0.993029535 -0.065376796 0.039004155
5116.000000 6.596137047 0.469956398 5.599513531 0.089173242 -0.993081689 -0.065535381 0.039269354
5117.000000 6.596013069 0.470148861 5.597954750 0.089237995 -0.993078589 -0.065531455 0.039206520
5118.000000 6.591806889 0.470308065 5.585787773 0.087562725 -0.993549287 -0.065025300 0.031053571
5119.000000 6.597793579 0.471740901 5.585628033 0.084234022 -0.994189918 -0.065127492 0.015796911
5120.000000 6.599845886 0.471812665 5.582779884 0.083925143 -0.994215727 -0.065083273 0.015997050
5121.000000 6.594888210 0.476795614 5.567920208 0.085091777 -0.994102120 -0.067208089 0.001858638
5122.000000 6.597749710 0.476820886 5.566611290 0.085016146 -0.994103789 -0.067272797 0.002105238
5123.000000 6.600262165 0.475489497 5.557915688 0.085243829 -0.993971109 -0.068824641 -0.004263877
5124.000000 6.593088627 0.486093044 5.539391518 0.085078381 -0.993979275 -0.066701762 -0.017826056
5125.000000 6.592781544 0.484962046 5.525814056 0.084633924 -0.993993580 -0.067023993 -0.017939286
5126.000000 6.593914509 0.486592531 5.520510197 0.084363408 -0.993803859 -0.065881081 -0.029943319
5127.000000 6.594548702 0.485766262 5.516363621 0.083989337 -0.993827581 -0.066020787 -0.029896531
5128.000000 6.589694500 0.487866938 5.516290665 0.086997889 -0.993138313 -0.067695446 -0.039052013
5129.000000 6.592767239 0.487457007 5.509003639 0.086446635 -0.993193090 -0.067766272 -0.038758948
5130.000000 6.590584755 0.492818415 5.499132156 0.086334780 -0.992882967 -0.066129476 -0.048545275
5131.000000 6.590953827 0.491990536 5.494004726 0.086142957 -0.992891550 -0.066249952 -0.048546534
5132.000000 6.580257893 0.509258509 5.492266178 0.092055880 -0.992311299 -0.060886789 -0.056007884
5133.000000 6.583305359 0.505752623 5.483717918 0.090839610 -0.992417455 -0.061308999 -0.055649977
5134.000000 6.583943367 0.497053474 5.471874237 0.091617152 -0.992291749 -0.060423296 -0.057554390
5135.000000 6.587270260 0.495381057 5.481733322 0.093000665 -0.991783500 -0.061241921 -0.062975004
5136.000000 6.587800026 0.495542228 5.480297089 0.092918880 -0.991791785 -0.061226841 -0.062979594
5137.000000 6.585176945 0.495531231 5.469349384 0.091853164 -0.991577685 -0.061916415 -0.067105941
5138.000000 6.587173939 0.497877657 5.461634636 0.090665884 -0.991466820 -0.061200142 -0.070907041
5139.000000 6.587074280 0.498754889 5.465386391 0.089898586 -0.991317153 -0.060549874 -0.074446917
5140.000000 6.587710381 0.501142979 5.457124710 0.088013664 -0.991120338 -0.060170479 -0.079458110
5141.000000 6.587963104 0.499617904 5.454826832 0.087785520 -0.991134882 -0.060322326 -0.079414017
5142.000000 6.588884354 0.502127409 5.455551147 0.089495406 -0.990790427 -0.060662687 -0.081517123
5143.000000 6.595610619 0.503655314 5.458337784 0.088682272 -0.990676880 -0.061958976 -0.082801200
5144.000000 6.592642784 0.509785712 5.445658684 0.087596990 -0.990267575 -0.064246729 -0.087001540
5145.000000 6.593087196 0.509528518 5.445066929 0.087733231 -0.990253270 -0.064290650 -0.086994946
5146.000000 6.597129822 0.519594908 5.448845863 0.088352166 -0.990214944 -0.063867696 -0.087116584
5147.000000 6.597806931 0.523796678 5.441956043 0.088605963 -0.990274310 -0.064261191 -0.085885771
5148.000000 6.598059654 0.519252956 5.428913116 0.085967891 -0.990693986 -0.066658765 -0.081802525
5149.000000 6.598677635 0.521093190 5.432779789 0.086235560 -0.990690053 -0.066451646 -0.081736647
5150.000000 6.588489532 0.532804966 5.403684616 0.084149614 -0.991317153 -0.063417628 -0.078659549
5151.000000 6.586421013 0.533509672 5.404404163 0.084241457 -0.991303325 -0.063331328 -0.078805350
5152.000000 6.597055435 0.524182737 5.409097672 0.082294114 -0.991665304 -0.063501805 -0.076126322
5153.000000 6.591358185 0.532202125 5.396684647 0.085105546 -0.991599917 -0.063127466 -0.074172810
5154.000000 6.592677116 0.541495740 5.386061668 0.091716923 -0.991617680 -0.061364934 -0.067206450
5155.000000 6.592255116 0.542811275 5.391632080 0.091949418 -0.991606176 -0.061197739 -0.067211762
5156.000000 6.579803467 0.557134986 5.353399277 0.098380081 -0.991657495 -0.059542682 -0.058235969
5157.000000 6.576975822 0.560734093 5.359967232 0.098880082 -0.991620958 -0.059105240 -0.058457941
5158.000000 6.589853287 0.547482491 5.352290630 0.097446062 -0.992552221 -0.059182849 -0.042916089
5159.000000 6.587221622 0.546554029 5.356495857 0.097871855 -0.992503643 -0.059164640 -0.043095637
5160.000000 6.579485893 0.557010293 5.346944332 0.098758169 -0.992696702 -0.059091359 -0.036170814
5161.000000 6.578695297 0.558454216 5.313334465 0.097095050 -0.993538260 -0.055247672 -0.020048616
5162.000000 6.573939800 0.561276078 5.318505287 0.097918555 -0.993470907 -0.054866344 -0.020427566
5163.000000 6.578929424 0.546920896 5.290887833 0.098866485 -0.993610084 -0.054402586 -0.002200691
5164.000000 6.578998566 0.549188435 5.299659729 0.099543482 -0.993560731 -0.054080307 -0.001904027
5165.000000 6.567570686 0.550088823 5.270516872 0.099994346 -0.993557811 -0.051931690 0.012132850
5166.000000 6.562412262 0.551593840 5.274018288 0.100818925 -0.993494928 -0.051631529 0.011728804
5167.000000 6.561308861 0.565367043 5.255198002 0.099747561 -0.993600965 -0.043963809 0.029577831
5168.000000 6.560498714 0.562669992 5.263849735 0.100044966 -0.993550777 -0.044152688 0.029975887
5169.000000 6.561429501 0.555935204 5.239533901 0.093288153 -0.993675828 -0.038876757 0.048932426
5170.000000 6.558186054 0.556493104 5.243946075 0.093614317 -0.993664920 -0.038703732 0.048666682
5171.000000 6.563408852 0.552778661 5.234908104 0.088421151 -0.993375659 -0.033829845 0.065131381
5172.000000 6.558442116 0.551898003 5.233990192 0.088703550 -0.993377209 -0.033840433 0.064717330
5173.000000 6.553118706 0.544127464 5.225620270 0.086835563 -0.993133426 -0.034323674 0.070480719
5174.000000 6.557962418 0.556213140 5.215905666 0.093818843 -0.991198003 -0.033399973 0.087230116
5175.000000 6.556146622 0.558124244 5.220513344 0.094336487 -0.991164327 -0.033049569 0.087187998
5176.000000 6.551431656 0.558098793 5.203632355 0.098688379 -0.989017427 -0.034860227 0.104354486
5177.000000 6.551627159 0.558983982 5.205900192 0.099012040 -0.988980770 -0.034742195 0.104435571
5178.000000 6.549257755 0.558154643 5.193973064 0.099180847 -0.987193882 -0.035655670 0.119750358
5179.000000 6.544593811 0.557946861 5.192064285 0.099727519 -0.987189114 -0.035574924 0.119359098
5180.000000 6.543663025 0.556398571 5.186222076 0.098603599 -0.986518681 -0.035500251 0.125690281
5181.000000 6.547723770 0.559140921 5.186542511 0.099384569 -0.985476136 -0.037001275 0.132628798
5182.000000 6.534416199 0.559079409 5.168373108 0.099865779 -0.983747125 -0.039932758 0.143784031
5183.000000 6.530154705 0.559008718 5.166598320 0.100342244 -0.983769953 -0.039820686 0.143326312
5184.000000 6.529331207 0.558235466 5.162516594 0.098216042 -0.983270049 -0.040139325 0.148062542
5185.000000 6.529803276 0.561251104 5.152612686 0.096889459 -0.981958210 -0.041691847 0.156947210
5186.000000 6.526838303 0.561689377 5.151355743 0.097454421 -0.981959283 -0.041493796 0.156642660
5187.000000 6.523296356 0.564575791 5.138957024 0.097948298 -0.980456889 -0.042980261 0.165115565
5188.000000 6.517419338 0.563800335 5.135243416 0.098454803 -0.980507672 -0.043004014 0.164505512
5189.000000 6.509413719 0.563009977 5.118173599 0.095169961 -0.980275095 -0.042241540 0.167985469
5190.000000 6.507854462 0.562351465 5.117383003 0.095125057 -0.980300605 -0.042338472 0.167837650
5191.000000 6.508422852 0.565537572 5.112345695 0.094740354 -0.980110049 -0.041603267 0.169345438
5192.000000 6.504842758 0.568656564 5.103985786 0.096112773 -0.979713798 -0.041183744 0.170959666
5193.000000 6.499504089 0.569926560 5.086656570 0.094403595 -0.979350746 -0.040720500 0.174074903
5194.000000 6.496116161 0.569899499 5.084997177 0.094812483 -0.979380250 -0.040560640 0.173723251
5195.000000 6.493260384 0.562039018 5.067865372 0.085577592 -0.980161130 -0.039147612 0.174436688
5196.000000 6.493673325 0.560391545 5.067749023 0.084932297 -0.980204463 -0.039479159 0.174433872
5197.000000 6.483215332 0.551923037 5.047729492 0.074411891 -0.982879221 -0.042471740 0.163118184
5198.000000 6.487592697 0.551785588 5.050281525 0.073729068 -0.982851446 -0.042644955 0.163549572
5199.000000 6.479778767 0.557460904 5.031938553 0.077307820 -0.984472990 -0.043282095 0.151536241
5200.000000 6.484041214 0.557796240 5.033521652 0.076826014 -0.984441817 -0.043349907 0.151963651
5201.000000 6.476632118 0.560575604 5.013220310 0.076685317 -0.985741496 -0.044992667 0.142859042
5202.000000 6.476681709 0.559868515 5.013223171 0.076371267 -0.985761881 -0.045186084 0.142825752
5203.000000 6.464166641 0.552002192 4.990659237 0.070336767 -0.989687860 -0.039427940 0.118390106
5204.000000 6.466585159 0.547517300 4.989578724 0.068417825 -0.989788353 -0.040382039 0.118352607
5205.000000 6.468586922 0.545586765 4.985238075 0.067847110 -0.989794016 -0.040697079 0.118526250
5206.000000 6.464586258 0.544440448 4.969333172 0.071898460 -0.991329432 -0.046608679 0.099620983
5207.000000 6.475099564 0.540476441 4.965679169 0.070080146 -0.991319656 -0.047374282 0.100647189
5208.000000 6.459417343 0.565992773 4.948324680 0.074982978 -0.992941678 -0.043216366 0.081097163
5209.000000 6.474472046 0.561356127 4.941960812 0.072494835 -0.992944300 -0.043924376 0.082927287
5210.000000 6.470803261 0.561663330 4.949974060 0.073175654 -0.994427800 -0.040538736 0.064150624
5211.000000 6.476366043 0.550172091 4.934454441 0.071522653 -0.994456530 -0.042155601 0.064526826
5212.000000 6.480754852 0.551956117 4.938614368 0.072082855 -0.995260000 -0.045770675 0.046547409
5213.000000 6.485381126 0.547164202 4.930738449 0.070558906 -0.995316148 -0.046589430 0.046869740
5214.000000 6.482414246 0.549842477 4.919756413 0.071329668 -0.995649457 -0.048047788 0.035857696
5215.000000 6.489709377 0.550844252 4.921214581 0.070915528 -0.995889962 -0.053919069 0.016340973
5216.000000 6.492506504 0.553683937 4.913821220 0.073036596 -0.995745182 -0.053696688 0.016548155
5217.000000 6.488951206 0.573946357 4.910275459 0.074623562 -0.995705068 -0.054778300 -0.001472760
5218.000000 6.492037296 0.571647048 4.900358200 0.074159741 -0.995711565 -0.055289652 -0.001396206
5219.000000 6.501468182 0.573659480 4.894736767 0.074486293 -0.995527089 -0.056130115 -0.015070976
5220.000000 6.507472515 0.574160933 4.891837597 0.073949054 -0.995401859 -0.057102174 -0.021119168
5221.000000 6.512584686 0.588000417 4.888382912 0.076831624 -0.994868398 -0.058233999 -0.030702816
5222.000000 6.515227318 0.581123650 4.878483772 0.076217130 -0.994868636 -0.059131932 -0.030510478
5223.000000 6.516843319 0.580804348 4.876010895 0.074003361 -0.994608283 -0.060772888 -0.039807979
5224.000000 6.518573284 0.580113769 4.872435570 0.073639736 -0.994632006 -0.060906075 -0.039684732
5225.000000 6.524117470 0.588783205 4.866659164 0.072901860 -0.994128346 -0.063418746 -0.048705675
5226.000000 6.525240898 0.586666346 4.862764359 0.072661743 -0.994130731 -0.063702039 -0.048646554
5227.000000 6.535253048 0.595465362 4.849196434 0.074200548 -0.993681669 -0.063599944 -0.055191591
5228.000000 6.537166595 0.592562079 4.845805645 0.073596559 -0.993712604 -0.063986167 -0.054996833
5229.000000 6.534329414 0.597646713 4.831716537 0.075770527 -0.993419945 -0.063131735 -0.058224548
5230.000000 6.545935631 0.602912128 4.823554039 0.078187250 -0.993081868 -0.062784843 -0.061100591
5231.000000 6.547889709 0.602386296 4.823186874 0.077885114 -0.993113995 -0.062867098 -0.060879912
5232.000000 6.550498486 0.606031716 4.815800667 0.078247629 -0.993003249 -0.063362047 -0.061702419
5233.000000 6.554330349 0.611594558 4.795385361 0.073892348 -0.993274093 -0.062647954 -0.063417517
5234.000000 6.555648804 0.612356901 4.795548439 0.073661953 -0.993313015 -0.062504597 -0.063216835
5235.000000 6.559063435 0.608594179 4.774530411 0.068930633 -0.993472695 -0.060504284 -0.067822330
5236.000000 6.560045719 0.606849372 4.770553589 0.068411857 -0.993505776 -0.060696851 -0.067690887
5237.000000 6.565333366 0.604746461 4.768570423 0.068668321 -0.993194699 -0.062334202 -0.070452005
5238.000000 6.576856136 0.609369516 4.758124352 0.072487816 -0.992434382 -0.065657921 -0.074219912
5239.000000 6.578464031 0.610099792 4.756415367 0.072546586 -0.992448866 -0.065559611 -0.074055508
5240.000000 6.576878548 0.625016272 4.732753754 0.070758730 -0.992333889 -0.062500231 -0.079752669
5241.000000 6.577426910 0.624365926 4.730314732 0.070581943 -0.992344379 -0.062608533 -0.079693042
5242.000000 6.585588455 0.621888876 4.727506638 0.063939549 -0.992645025 -0.056076568 -0.086156793
5243.000000 6.586457253 0.617839217 4.721268177 0.063510522 -0.992661178 -0.056533691 -0.085989319
5244.000000 6.593963623 0.619979143 4.712893486 0.063238569 -0.992293477 -0.054331481 -0.091666579
5245.000000 6.594559669 0.620314777 4.711924553 0.063074812 -0.992317080 -0.054289497 -0.091548435
5246.000000 6.598260880 0.618434787 4.712462425 0.064135574 -0.992009878 -0.054388989 -0.094047457
5247.000000 6.606945992 0.622911751 4.703886986 0.065868460 -0.991545022 -0.055859808 -0.096848287
5248.000000 6.606561661 0.619768679 4.699472427 0.065542042 -0.991532624 -0.056248635 -0.096971437
5249.000000 6.611937523 0.624591410 4.690501213 0.065100566 -0.991187632 -0.058650862 -0.099343382
5250.000000 6.613196373 0.625137448 4.690418243 0.064989276 -0.991213143 -0.058564782 -0.099212714
5251.000000 6.616641998 0.631703615 4.682021618 0.065710738 -0.991088510 -0.058301304 -0.100133061
5252.000000 6.609361649 0.629125476 4.673504353 0.067555964 -0.990743697 -0.058584455 -0.102132782
5253.000000 6.621924400 0.635067821 4.662781239 0.069850326 -0.990565419 -0.059408523 -0.101842143
5254.000000 6.622615814 0.637323260 4.662303925 0.070107184 -0.990569353 -0.059195839 -0.101750799
5255.000000 6.621988297 0.636354446 4.661967278 0.069953881 -0.990565658 -0.059293181 -0.101836011
5256.000000 6.630550385 0.641199291 4.661813736 0.069359429 -0.990607738 -0.062015116 -0.100198515
5257.000000 6.630695343 0.641697645 4.661902428 0.069485404 -0.990604222 -0.061972421 -0.100172505
5258.000000 6.630487442 0.656799912 4.644605160 0.072205916 -0.990817785 -0.060313329 -0.097101822
5259.000000 6.629687309 0.655129135 4.643930912 0.071846433 -0.990831435 -0.060413241 -0.097167276
5260.000000 6.630040169 0.657974124 4.625942707 0.072380960 -0.991300166 -0.061020944 -0.091441266
5261.000000 6.630495071 0.659261823 4.628091335 0.072362803 -0.991315484 -0.060853817 -0.091400445
5262.000000 6.623098373 0.665140271 4.610758305 0.073330708 -0.991577983 -0.058452033 -0.089325935
5263.000000 6.623871326 0.663681209 4.596494675 0.075109199 -0.992087305 -0.055288740 -0.084051058
5264.000000 6.624071598 0.663186073 4.599239349 0.074735716 -0.992120564 -0.055277888 -0.083998360
5265.000000 6.620267391 0.662319064 4.584219933 0.074986033 -0.992248237 -0.054112941 -0.083020397
5266.000000 6.621853828 0.665523112 4.571878433 0.076157518 -0.992483199 -0.052165292 -0.080349304
5267.000000 6.622041225 0.664770126 4.571222782 0.075917616 -0.992504656 -0.052223511 -0.080272757
5268.000000 6.622871399 0.672840774 4.552998543 0.078203939 -0.992537677 -0.051903442 -0.077841312
5269.000000 6.622981548 0.671842515 4.553153992 0.078133479 -0.992541730 -0.051966280 -0.077817783
5270.000000 6.620397568 0.677370071 4.529493809 0.080814257 -0.992757499 -0.048564538 -0.074451931
5271.000000 6.620180607 0.677168906 4.531744957 0.080531850 -0.992782891 -0.048510864 -0.074455053
5272.000000 6.625299454 0.675170124 4.511325836 0.082470819 -0.993136048 -0.051350854 -0.065135062
5273.000000 6.628426552 0.680205464 4.520071030 0.083017334 -0.993146360 -0.050829194 -0.064691260
5274.000000 6.614645481 0.686633170 4.490699768 0.085117184 -0.993242741 -0.050289992 -0.060786400
5275.000000 6.618891239 0.682478070 4.481035709 0.084276840 -0.994002104 -0.047929008 -0.050597444
5276.000000 6.617574692 0.683292329 4.482383728 0.084425628 -0.993988514 -0.047788214 -0.050749306
5277.000000 6.618519783 0.684852242 4.464162827 0.084591843 -0.994439363 -0.048675265 -0.039564144
5278.000000 6.616786003 0.684512913 4.463288784 0.084644727 -0.994426847 -0.048686277 -0.039753284
5279.000000 6.615316391 0.685502827 4.442112923 0.082621060 -0.994922459 -0.048885826 -0.030220887
5280.000000 6.613502979 0.686985850 4.442588329 0.083140224 -0.994883537 -0.048719496 -0.030346401
5281.000000 6.609009743 0.689557433 4.421734810 0.089683250 -0.994395018 -0.052503433 -0.019465737
5282.000000 6.608344555 0.693014741 4.425894737 0.090294063 -0.994363427 -0.052021127 -0.019550700
5283.000000 6.601963997 0.702146113 4.406685352 0.092272215 -0.994504213 -0.048700877 -0.008682686
5284.000000 6.596275330 0.702147901 4.404974461 0.092980206 -0.994433641 -0.048669543 -0.009371310
5285.000000 6.601040363 0.695185483 4.390314579 0.085744329 -0.995092273 -0.049370434 0.001411212
5286.000000 6.598080635 0.695907891 4.391354561 0.086161397 -0.995066047 -0.049180761 0.001087346
5287.000000 6.593230724 0.703970671 4.366889000 0.084740154 -0.995040536 -0.051175602 0.009718492
5288.000000 6.590421200 0.705397367 4.367080688 0.085400194 -0.994995952 -0.051011182 0.009373127
5289.000000 6.596276760 0.710931361 4.355889797 0.087720022 -0.994655132 -0.049654573 0.022380734
5290.000000 6.596076965 0.712346435 4.359106541 0.088002831 -0.994641364 -0.049422868 0.022395363
5291.000000 6.601652145 0.718555212 4.337964058 0.087092876 -0.994312525 -0.047962967 0.038171284
5292.000000 6.595398426 0.719432354 4.338024139 0.087838992 -0.994286656 -0.047722172 0.037429087
5293.000000 6.600585938 0.715963423 4.323204041 0.085148193 -0.993878543 -0.048360828 0.051151823
5294.000000 6.592309475 0.716983557 4.319840908 0.086509205 -0.993821442 -0.048190519 0.050128732
5295.000000 6.590114594 0.728056550 4.296261311 0.091439284 -0.992822886 -0.045851685 0.061962385
5296.000000 6.584801197 0.728097796 4.293132782 0.092092961 -0.992800176 -0.045767456 0.061417017
5297.000000 6.596848488 0.730499029 4.283025265 0.093037874 -0.991791725 -0.042364854 0.076801151
5298.000000 6.593235970 0.733372390 4.284457207 0.093872093 -0.991759717 -0.041892081 0.076457813
5299.000000 6.594031811 0.740244210 4.261675358 0.094979711 -0.990626633 -0.040829375 0.089279473
5300.000000 6.588080406 0.741254866 4.259403229 0.095884182 -0.990609348 -0.040559337 0.088625289
5301.000000 6.603236675 0.754106224 4.251373768 0.099643677 -0.988626063 -0.031922482 0.108030871
5302.000000 6.597677708 0.756946683 4.254193783 0.100770995 -0.988583088 -0.031386793 0.107534677
5303.000000 6.608556747 0.744414210 4.241456985 0.098839290 -0.986319721 -0.032581877 0.127838328
5304.000000 6.609567642 0.744536757 4.248379230 0.098202914 -0.986359894 -0.032397665 0.128066078
5305.000000 6.606492519 0.738568544 4.228701115 0.097626202 -0.984879851 -0.035058402 0.138750732
5306.000000 6.601694107 0.735808134 4.222647190 0.097611174 -0.984959304 -0.035399906 0.138109118
5307.000000 6.600989342 0.741204679 4.209115028 0.102392428 -0.982982755 -0.037148856 0.147921532
5308.000000 6.598885059 0.743303180 4.212092400 0.102908678 -0.982986689 -0.036715291 0.147645339
5309.000000 6.602838516 0.745408297 4.199269295 0.103557043 -0.981400132 -0.034849286 0.157845974
5310.000000 6.595662117 0.739731908 4.189961910 0.103326179 -0.981540084 -0.035543721 0.156969860
5311.000000 6.596285820 0.743571639 4.187423706 0.103380866 -0.980797708 -0.033947423 0.161851615
5312.000000 6.596210957 0.737628937 4.173103809 0.102534018 -0.979789019 -0.031593837 0.168825716
5313.000000 6.594276905 0.737873077 4.172706604 0.102598362 -0.979824781 -0.031473871 0.168601498
5314.000000 6.599240303 0.726587236 4.166868687 0.102394171 -0.979400456 -0.031067539 0.171245694
5315.000000 6.599642754 0.724971652 4.167940617 0.102081284 -0.979421437 -0.031368125 0.171257243
5316.000000 6.599427223 0.712166667 4.159929752 0.102035373 -0.979971945 -0.036491007 0.167069227
5317.000000 6.601559639 0.713420272 4.161369324 0.101999424 -0.979941666 -0.036338989 0.167302161
5318.000000 6.593793392 0.706838012 4.140971661 0.102449238 -0.981178999 -0.043713696 0.157737553
5319.000000 6.600485325 0.709527969 4.146505833 0.102289975 -0.981086075 -0.043459173 0.158487275
5320.000000 6.589616776 0.715122521 4.127718449 0.104294516 -0.982456684 -0.048055876 0.146942958
5321.000000 6.595652580 0.714921653 4.130271435 0.103657492 -0.982410491 -0.048236959 0.147641733
5322.000000 6.593381882 0.711926103 4.114500046 0.099864855 -0.984362602 -0.051694542 0.135591283
5323.000000 6.598316193 0.713533044 4.117928028 0.099996708 -0.984286547 -0.051475197 0.136128813
5324.000000 6.596014023 0.714195848 4.105736256 0.096620791 -0.986365855 -0.053516526 0.121995471
5325.000000 6.602866173 0.715489626 4.108961105 0.096369296 -0.986305714 -0.053404991 0.122727692
5326.000000 6.601762772 0.714371979 4.096633434 0.094366513 -0.987351835 -0.054944281 0.114945933
5327.000000 6.593343258 0.714719534 4.075556755 0.094260484 -0.989171207 -0.056840748 0.097080007
5328.000000 6.616973400 0.718395591 4.097311497 0.092185974 -0.989104271 -0.056514315 0.099903397
5329.000000 6.597197056 0.719104886 4.060118675 0.094111189 -0.990690589 -0.055591993 0.081147261
5330.000000 6.607681751 0.723298132 4.068492889 0.093876712 -0.990648925 -0.055083003 0.082266964
5331.000000 6.605381012 0.717744350 4.056100368 0.088008769 -0.992600799 -0.055040643 0.062998429
5332.000000 6.620192528 0.720517159 4.065382004 0.086714886 -0.992619514 -0.054752577 0.064724192
5333.000000 6.609997272 0.729115665 4.041394711 0.086620763 -0.993706226 -0.055369336 0.044486798
5334.000000 6.617606640 0.731283426 4.044489384 0.086444348 -0.993696749 -0.055084042 0.045386303
5335.000000 6.618880749 0.733350039 4.032257557 0.086948149 -0.993926525 -0.058639705 0.033340052
5336.000000 6.620209694 0.734521568 4.030649662 0.087260678 -0.993906081 -0.058464821 0.033439215
5337.000000 6.613490105 0.741313934 4.014567852 0.087544627 -0.994130492 -0.057407316 0.027296297
5338.000000 6.612101078 0.744258523 3.999847412 0.086198278 -0.994716227 -0.052700475 0.018226389
5339.000000 6.613419056 0.743383884 3.998544216 0.085786246 -0.994743645 -0.052794598 0.018402318
5340.000000 6.612976074 0.741369665 3.988634586 0.081476115 -0.995323360 -0.051364023 0.007412205
5341.000000 6.616276741 0.740718365 3.988958836 0.081017293 -0.995352328 -0.051467158 0.007819742
5342.000000 6.602001190 0.734605849 3.962740183 0.077801064 -0.995492160 -0.053848922 -0.006540248
5343.000000 6.606305122 0.735463500 3.964857578 0.077613950 -0.995514452 -0.053765830 -0.006029665
5344.000000 6.599703789 0.736695230 3.948973656 0.080176651 -0.995154083 -0.052871473 -0.021090835
5345.000000 6.607950687 0.739077628 3.954181910 0.080025859 -0.995205462 -0.052523348 -0.020082550
5346.000000 6.602178574 0.745563745 3.943642378 0.083874434 -0.994723439 -0.052735966 -0.026633786
5347.000000 6.604496002 0.744938970 3.935498953 0.084222399 -0.994504094 -0.051186752 -0.035329573
5348.000000 6.606172562 0.744770288 3.934784174 0.083979636 -0.994531214 -0.051201768 -0.035120431
5349.000000 6.610886097 0.743057966 3.933991671 0.081278071 -0.994524300 -0.052394141 -0.039625123
5350.000000 6.613771439 0.744794607 3.932632446 0.079062171 -0.994419277 -0.053877942 -0.044460878
5351.000000 6.615470409 0.740240455 3.926311493 0.076038592 -0.994228601 -0.056516003 -0.050334841
5352.000000 6.614017963 0.742638886 3.918661594 0.075309478 -0.993810534 -0.058613971 -0.056864925
5353.000000 6.610812187 0.747209489 3.904390812 0.077231981 -0.992810488 -0.062400501 -0.066849969
5354.000000 6.612714291 0.750045598 3.908264875 0.078125112 -0.992764354 -0.062157851 -0.066722438
5355.000000 6.615068436 0.756445765 3.899037361 0.074009463 -0.992392123 -0.063192755 -0.075413771
5356.000000 6.617378235 0.756779909 3.899947643 0.073910981 -0.992422462 -0.063183263 -0.075118780
5357.000000 6.620058537 0.756276548 3.897075653 0.072211571 -0.992178261 -0.064572476 -0.078728966
5358.000000 6.612620831 0.758246303 3.874588966 0.071328342 -0.991316795 -0.067275673 -0.087620474
5359.000000 6.609815598 0.755570650 3.868136406 0.071380407 -0.991245806 -0.067682378 -0.088066660
5360.000000 6.614724159 0.762291372 3.864428043 0.072583683 -0.990194678 -0.070350781 -0.096420765
5361.000000 6.615156651 0.760615885 3.859526157 0.072300814 -0.990212083 -0.070484832 -0.096357152
5362.000000 6.620371819 0.771163583 3.856524229 0.074322507 -0.989825189 -0.070422754 -0.098808125
5363.000000 6.620462418 0.779827833 3.847040892 0.075261973 -0.989624143 -0.069146857 -0.100987412
5364.000000 6.625163555 0.788024306 3.838485241 0.077314973 -0.989254057 -0.067186318 -0.104330473
5365.000000 6.626408577 0.787662327 3.837029934 0.077256337 -0.989271343 -0.067243271 -0.104173258
5366.000000 6.635778904 0.792891741 3.818037987 0.080036022 -0.989111602 -0.065457284 -0.104727887
5367.000000 6.636381626 0.793726981 3.817571163 0.079821333 -0.989148438 -0.065380082 -0.104591668
5368.000000 6.634215355 0.791958988 3.807775736 0.082163818 -0.988473594 -0.066213377 -0.108558297
5369.000000 6.635333538 0.791433632 3.806146622 0.082140610 -0.988478959 -0.066280313 -0.108486265
5370.000000 6.641288757 0.795940399 3.778713226 0.086319685 -0.988149405 -0.065231025 -0.108879179
5371.000000 6.640292168 0.796264410 3.779366970 0.086181529 -0.988159597 -0.065160848 -0.108938329
5372.000000 6.640945435 0.793013036 3.768638134 0.086315364 -0.987853765 -0.066499509 -0.110781081
5373.000000 6.641757011 0.794273436 3.766379833 0.086479880 -0.987854123 -0.066398039 -0.110710435
5374.000000 6.645485878 0.799898565 3.756279469 0.089247979 -0.987647295 -0.067165077 -0.109893180
5375.000000 6.649453640 0.804946423 3.737159252 0.089489147 -0.987787426 -0.066787690 -0.108661033
5376.000000 6.649656296 0.805184782 3.736943722 0.089306265 -0.987811506 -0.066770189 -0.108603597
5377.000000 6.654753685 0.805727065 3.712030411 0.090037212 -0.987944186 -0.066911191 -0.106689103
5378.000000 6.656948090 0.806058645 3.713490725 0.090083234 -0.987972260 -0.066888921 -0.106403671
5379.000000 6.660787582 0.813076079 3.687315941 0.092709109 -0.988625407 -0.060591877 -0.101752259
5380.000000 6.658433437 0.815308154 3.691538334 0.092541710 -0.988642812 -0.060213834 -0.101959571
5381.000000 6.660324574 0.814545631 3.682699442 0.092405230 -0.989344001 -0.057253581 -0.096859984
5382.000000 6.663186073 0.815179527 3.686427593 0.091990076 -0.989430606 -0.057100493 -0.096459672
5383.000000 6.662893295 0.807642221 3.677205086 0.090773433 -0.990184665 -0.057340685 -0.089479484
5384.000000 6.667189121 0.811991215 3.680896997 0.091095507 -0.990231276 -0.056758884 -0.089006424
5385.000000 6.665898323 0.808192134 3.671847343 0.089830294 -0.990590870 -0.057936225 -0.085461482
5386.000000 6.663536549 0.811538935 3.665902615 0.088682465 -0.991363823 -0.057568114 -0.077583671
5387.000000 6.659223557 0.808437347 3.660489082 0.089062884 -0.991457582 -0.058419719 -0.075277984
5388.000000 6.658437252 0.814750433 3.662378311 0.091174789 -0.991419554 -0.059065770 -0.072702497
5389.000000 6.660500050 0.817286491 3.656616688 0.093196183 -0.991379082 -0.060523886 -0.069418430
5390.000000 6.658092976 0.822886586 3.651059151 0.094737232 -0.991461277 -0.060715634 -0.065902367
5391.000000 6.657114029 0.820391059 3.643408537 0.093922086 -0.991789401 -0.060675360 -0.062056243
5392.000000 6.650061131 0.820149899 3.633053780 0.094099350 -0.991970956 -0.060615227 -0.058861494
5393.000000 6.653838158 0.831896901 3.633152485 0.095350444 -0.992282808 -0.059169974 -0.052746348
5394.000000 6.648292542 0.830475628 3.617642879 0.093755759 -0.993124127 -0.057048492 -0.040740930
5395.000000 6.649477482 0.832783580 3.622647762 0.093902089 -0.993138015 -0.056688156 -0.040568475
5396.000000 6.653371811 0.826990008 3.626556873 0.092303753 -0.993423939 -0.058204480 -0.034657940
5397.000000 6.639830112 0.828583121 3.593188763 0.091207013 -0.994050384 -0.054939140 -0.022954650
5398.000000 6.641068459 0.827156484 3.595543861 0.090525240 -0.994114935 -0.054989815 -0.022737188
5399.000000 6.642392159 0.825152159 3.590588093 0.092547327 -0.993972301 -0.055882230 -0.018199174
5400.000000 6.639055729 0.831190825 3.581049919 0.094361842 -0.993889630 -0.055614598 -0.013651059
5401.000000 6.637546539 0.831329703 3.566726685 0.095293418 -0.993938565 -0.054618262 -0.004717839
5402.000000 6.636763573 0.831322432 3.567945957 0.095285706 -0.993940353 -0.054593302 -0.004783597
5403.000000 6.628235340 0.835705698 3.556357861 0.094907716 -0.994053543 -0.053378563 -0.000902405
5404.000000 6.629093647 0.837580740 3.547072887 0.093742527 -0.994156182 -0.052491926 0.010512602
5405.000000 6.626273155 0.837529302 3.547003031 0.093825251 -0.994157910 -0.052385952 0.010131989
5406.000000 6.614307880 0.844496906 3.529263496 0.096199557 -0.993986368 -0.049914971 0.015661895
5407.000000 6.613907814 0.845012188 3.522272110 0.096970439 -0.993887246 -0.047207888 0.023588205
5408.000000 6.617431641 0.843763590 3.512042046 0.098033823 -0.993343115 -0.047275066 0.037737131
5409.000000 6.615455151 0.843154192 3.512889385 0.097960256 -0.993360281 -0.047273949 0.037474152
5410.000000 6.606402874 0.845774531 3.497965813 0.099336706 -0.993063033 -0.046548177 0.042323735
5411.000000 6.608686447 0.845275939 3.488231659 0.103020385 -0.992074251 -0.047327623 0.054181259
5412.000000 6.603137970 0.842855990 3.484439373 0.103125982 -0.992089450 -0.047612108 0.053448353
5413.000000 6.593181610 0.848081410 3.468605518 0.103133813 -0.991776049 -0.048044808 0.058612760
5414.000000 6.580985546 0.853442073 3.442623138 0.102384262 -0.991325796 -0.039041568 0.072570726
5415.000000 6.574379444 0.850775063 3.438451767 0.102496274 -0.991360664 -0.039351676 0.071763560
5416.000000 6.571287632 0.848850191 3.431622505 0.102393061 -0.990927994 -0.036475480 0.079038262
5417.000000 6.573315620 0.851554751 3.424414158 0.107267857 -0.989263475 -0.032208487 0.093883596
5418.000000 6.566315174 0.846302390 3.417955875 0.106800012 -0.989378273 -0.032920238 0.092955157
5419.000000 6.564118862 0.840379059 3.411605358 0.107531466 -0.988783062 -0.033677313 0.098035388
5420.000000 6.564897537 0.836153686 3.400953770 0.100729100 -0.989087224 -0.031803515 0.102707073
5421.000000 6.557665825 0.832713187 3.393367290 0.100804843 -0.989168167 -0.032237682 0.101713330
5422.000000 6.565656185 0.842661142 3.393766880 0.098406874 -0.988495946 -0.033386257 0.109896652
5423.000000 6.559867382 0.840065122 3.389382839 0.098575868 -0.988559484 -0.033693779 0.109076902
5424.000000 6.549822330 0.837304831 3.373510838 0.097702384 -0.988440812 -0.033837404 0.110878177
5425.000000 6.548939228 0.838925779 3.370416164 0.097812064 -0.988098800 -0.033304863 0.113949187
5426.000000 6.549991131 0.841983855 3.369812489 0.096908189 -0.987708092 -0.033329610 0.118028678
5427.000000 6.542159557 0.838725686 3.354773998 0.095529661 -0.987522125 -0.033455338 0.120644175
5428.000000 6.550016403 0.851189911 3.357374668 0.099629752 -0.986010849 -0.029974703 0.130223110
5429.000000 6.546103001 0.849501312 3.354681492 0.099785946 -0.986062825 -0.030187327 0.129660100
5430.000000 6.550886154 0.853045821 3.348371029 0.103099227 -0.983872890 -0.033332705 0.142315373
5431.000000 6.542584896 0.850756168 3.343163013 0.103836775 -0.983954728 -0.033563867 0.141154364
5432.000000 6.538049698 0.857786417 3.326378345 0.099439658 -0.982729554 -0.031144900 0.152919754
5433.000000 6.528253555 0.852168918 3.317244053 0.099442072 -0.982905209 -0.031917397 0.151624635
5434.000000 6.533165932 0.858023763 3.312191486 0.095467374 -0.981445312 -0.026508976 0.164159477
5435.000000 6.523682117 0.853406906 3.303478718 0.095743172 -0.981616735 -0.027109994 0.162871122
5436.000000 6.525178909 0.855903685 3.301171780 0.097306922 -0.980469048 -0.026033228 0.168920368
5437.000000 6.521911621 0.855063856 3.289861202 0.097589783 -0.979541600 -0.025667248 0.174114212
5438.000000 6.519165039 0.855115116 3.281062603 0.098754779 -0.978639007 -0.024109520 0.178695247
5439.000000 6.522209167 0.855812073 3.275543690 0.101014763 -0.977409601 -0.022837305 0.184241742
5440.000000 6.522541046 0.858980834 3.260424137 0.103119627 -0.975155830 -0.020583678 0.194971472
5441.000000 6.517544270 0.856632948 3.257121563 0.103428364 -0.975251496 -0.020900037 0.194294408
5442.000000 6.512991905 0.853475451 3.245417118 0.102838635 -0.974609435 -0.021122411 0.197774097
5443.000000 6.517372608 0.858569384 3.233056545 0.104861267 -0.972652912 -0.020439640 0.206234872
5444.000000 6.518020630 0.860247731 3.225911617 0.106429614 -0.971602023 -0.020623742 0.210325792
5445.000000 6.514124870 0.868254304 3.215191364 0.111136846 -0.969812512 -0.019452987 0.216180235
5446.000000 6.518893719 0.864613473 3.200356483 0.108442843 -0.967218637 -0.015541391 0.229099989
5447.000000 6.513392448 0.862169504 3.195684910 0.108658284 -0.967349291 -0.015768697 0.228429928
5448.000000 6.518102169 0.855467260 3.182580948 0.102037393 -0.966437101 -0.017192494 0.235142976
5449.000000 6.513902664 0.854727387 3.180492401 0.102859251 -0.966496408 -0.017219821 0.234538198
5450.000000 6.512776375 0.852354527 3.173803806 0.101287782 -0.966844261 -0.016473060 0.233841240
5451.000000 6.515323639 0.841823220 3.161420345 0.097888023 -0.969103515 -0.018956751 0.225603819
5452.000000 6.523542404 0.846267700 3.168406963 0.097714394 -0.968900204 -0.018333968 0.226601481
5453.000000 6.525084496 0.846604705 3.164500237 0.098305359 -0.970379412 -0.022213232 0.219559804
5454.000000 6.520867348 0.830241442 3.143257141 0.093728751 -0.974514425 -0.033868451 0.200971827
5455.000000 6.533362865 0.840204954 3.155530453 0.094416723 -0.974160075 -0.032129768 0.202646166
5456.000000 6.527283192 0.833732843 3.137916565 0.094614446 -0.978378415 -0.033173136 0.180895954
5457.000000 6.540256977 0.838510990 3.146949768 0.094120704 -0.978102028 -0.032803025 0.182706684
5458.000000 6.540418625 0.836323678 3.132758141 0.092513897 -0.981356382 -0.037771735 0.164177433
5459.000000 6.551279545 0.843361616 3.142406464 0.093144476 -0.981083155 -0.036710195 0.165687293
5460.000000 6.551758766 0.840940118 3.136347294 0.091670349 -0.982857585 -0.038445920 0.155272365
5461.000000 6.549304962 0.839620948 3.121570587 0.087548934 -0.986083090 -0.041776139 0.135019064
5462.000000 6.563753128 0.847014308 3.133666039 0.088160902 -0.985766649 -0.040936593 0.137171656
5463.000000 6.565256119 0.846552849 3.126712322 0.085971005 -0.987158954 -0.040674526 0.128342554
5464.000000 6.568906784 0.844854832 3.123095989 0.085312307 -0.988336325 -0.042098820 0.118915349
5465.000000 6.574685097 0.849148154 3.118638992 0.089540690 -0.989551306 -0.049300399 0.101686947
5466.000000 6.590056896 0.862527490 3.132123947 0.091596164 -0.989244640 -0.046856627 0.103969261
5467.000000 6.578622818 0.856347203 3.111028671 0.093664363 -0.990652800 -0.054597989 0.082783818
5468.000000 6.592507362 0.860352457 3.119546413 0.092971899 -0.990561903 -0.054223765 0.084871925
5469.000000 6.589344501 0.863878787 3.105336189 0.097207949 -0.991286278 -0.058553815 0.066885084
5470.000000 6.602247715 0.869798601 3.115609169 0.096700497 -0.991260231 -0.057741899 0.068689018
5471.000000 6.591747761 0.863021970 3.095892429 0.096649058 -0.992116451 -0.062037043 0.050153244
5472.000000 6.605304718 0.868916094 3.106256485 0.096779965 -0.992049098 -0.061326407 0.052070249
5473.000000 6.599105835 0.861746669 3.090676785 0.096170999 -0.992644072 -0.065736599 0.032978132
5474.000000 6.611481667 0.868018329 3.100133419 0.096194588 -0.992640734 -0.064837471 0.034743838
5475.000000 6.602460861 0.866189003 3.081639290 0.094471261 -0.993096232 -0.067963354 0.014696940
5476.000000 6.611911297 0.869362175 3.088996172 0.094423331 -0.993115425 -0.067461282 0.015969152
5477.000000 6.611456394 0.872985721 3.079338312 0.094629727 -0.993214965 -0.067589581 -0.000948291
5478.000000 6.618684769 0.872389376 3.080342293 0.094752878 -0.993187428 -0.067828231 0.000014428
5479.000000 6.615281105 0.875477195 3.067684889 0.093600698 -0.993038237 -0.069634169 -0.016281446
5480.000000 6.617761612 0.876064897 3.067088604 0.093629986 -0.993045151 -0.069578007 -0.015925027
5481.000000 6.622395039 0.883543611 3.054909229 0.095612541 -0.992471755 -0.071151108 -0.028206702
5482.000000 6.622681618 0.883075535 3.051386356 0.095726058 -0.992448449 -0.071318477 -0.028219318
5483.000000 6.619518280 0.892227054 3.029390097 0.095240764 -0.992271185 -0.070440173 -0.036951266
5484.000000 6.617026806 0.889958739 3.025936127 0.094968654 -0.992256939 -0.070813581 -0.037317082
5485.000000 6.621332169 0.893279672 3.022986889 0.093848288 -0.992348313 -0.069577292 -0.039955035
5486.000000 6.620955944 0.889305711 3.011252403 0.093189545 -0.992248297 -0.070182770 -0.042818382
5487.000000 6.625203133 0.887828946 2.996436596 0.091708221 -0.992214322 -0.068772390 -0.048690330
5488.000000 6.622614861 0.890442371 2.994554043 0.091902994 -0.992199779 -0.068434484 -0.049093526
5489.000000 6.625267982 0.886717916 2.987142563 0.090363972 -0.991939247 -0.067542665 -0.057697307
5490.000000 6.630434036 0.889474213 2.983055353 0.090231568 -0.992003024 -0.067405671 -0.056963313
5491.000000 6.627629280 0.904604912 2.969989061 0.093134366 -0.991212666 -0.068966724 -0.063774385
5492.000000 6.632956028 0.900685489 2.968734741 0.093325108 -0.991197050 -0.069596060 -0.063050807
5493.000000 6.630517483 0.895962238 2.951505184 0.091692805 -0.990748286 -0.071261764 -0.070228942
5494.000000 6.634528637 0.899721742 2.956600189 0.091878317 -0.990828156 -0.070617668 -0.069506764
5495.000000 6.621563435 0.883065045 2.928520203 0.087555602 -0.990341723 -0.071721725 -0.080083683
5496.000000 6.627244949 0.907413125 2.934862137 0.088026203 -0.990620494 -0.068408459 -0.079010606
5497.000000 6.648263454 0.907736778 2.931421757 0.087314017 -0.990118325 -0.069843344 -0.084640391
5498.000000 6.646019936 0.911624551 2.932087660 0.087509178 -0.990113020 -0.069303885 -0.084943011
5499.000000 6.622320652 0.938257396 2.915478945 0.087449707 -0.989295900 -0.063667864 -0.097942516
5500.000000 6.619731426 0.939153254 2.917106390 0.087435380 -0.989279628 -0.063440077 -0.098266892
5501.000000 6.625945091 0.925514102 2.902192116 0.089144893 -0.988507092 -0.063739955 -0.104134992
5502.000000 6.627018452 0.924391687 2.902064085 0.089029819 -0.988527119 -0.063934624 -0.103923991
5503.000000 6.606142044 0.925212562 2.901093245 0.091704853 -0.987724721 -0.064598046 -0.108707555
5504.000000 6.624949932 0.926863432 2.892915964 0.100218102 -0.987023413 -0.066796727 -0.106204800
5505.000000 6.628303528 0.927893996 2.891415119 0.100265816 -0.987086535 -0.066709936 -0.105625652
5506.000000 6.638127327 0.935482264 2.862864733 0.096429743 -0.988321185 -0.067015082 -0.097116522
5507.000000 6.642870426 0.946154416 2.860726833 0.096635558 -0.988474309 -0.065661773 -0.096274048
5508.000000 6.636090279 0.919118285 2.860561848 0.093346037 -0.988819420 -0.067665927 -0.094572976
5509.000000 6.627022266 0.920697570 2.870334864 0.087685890 -0.989335895 -0.068142615 -0.094246298
5510.000000 6.620938301 0.945008636 2.874891281 0.087833986 -0.989513457 -0.064749405 -0.094635181
5511.000000 6.633924961 0.906383753 2.869679451 0.086920060 -0.989000559 -0.073310860 -0.094596192
5512.000000 6.634153366 0.918185830 2.857040405 0.086264297 -0.988818347 -0.074567840 -0.096105926
5513.000000 6.634924412 0.922492862 2.847055674 0.087071210 -0.988554835 -0.075375415 -0.097449787
5514.000000 6.630035400 0.961589575 2.847062826 0.092890114 -0.988232017 -0.073133186 -0.097059026
5515.000000 6.632061005 0.954421997 2.845354557 0.092762157 -0.988189638 -0.074189000 -0.096812122
5516.000000 6.629397392 0.967682600 2.827711105 0.094457492 -0.988148272 -0.077323273 -0.093069725
5517.000000 6.631425381 0.970782518 2.829324007 0.094539106 -0.988216221 -0.076844357 -0.092660926
5518.000000 6.628467083 0.966298103 2.820760250 0.093627520 -0.988433301 -0.079546206 -0.088915505
5519.000000 6.639259338 0.953948975 2.815409660 0.093739286 -0.988380432 -0.081530519 -0.087577969
5520.000000 6.628668785 0.981717467 2.805464029 0.098437570 -0.987961173 -0.083363265 -0.085401170
5521.000000 6.631590366 0.973697722 2.802095175 0.098699085 -0.987850189 -0.084619954 -0.085146837
5522.000000 6.643460751 0.966544509 2.784474850 0.101850733 -0.987594247 -0.087462276 -0.081452265
5523.000000 6.634067535 0.980559409 2.762829065 0.105855577 -0.988105059 -0.083161421 -0.074344978
5524.000000 6.626292706 0.970965326 2.753264904 0.105230905 -0.987942696 -0.084535904 -0.075825475
5525.000000 6.626549244 0.973935604 2.737144947 0.102386035 -0.989161611 -0.083211049 -0.064438611
5526.000000 6.633916378 0.965588927 2.735177040 0.102352574 -0.989120781 -0.084497400 -0.063436680
5527.000000 6.622191429 0.975621939 2.717491627 0.105118364 -0.989783287 -0.081321947 -0.051633734
5528.000000 6.620506763 0.961608648 2.707871437 0.105292499 -0.989565492 -0.083459131 -0.052040096
5529.000000 6.628424168 0.974840641 2.689783096 0.108266577 -0.990247190 -0.080368921 -0.035069190
5530.000000 6.612544537 0.920337796 2.674058914 0.108134568 -0.989479184 -0.088210523 -0.038169399
5531.000000 6.651058674 0.896296561 2.661887646 0.110437252 -0.989501178 -0.089823022 -0.024960795
5532.000000 6.674417973 0.882103384 2.633755207 0.113018490 -0.989867210 -0.085846305 -0.004496334
5533.000000 6.584414482 0.958633125 2.641915798 0.108651355 -0.991243124 -0.073340513 -0.015909690
5534.000000 6.581353664 0.953568041 2.623905182 0.106430545 -0.992036343 -0.067329220 0.001813687
5535.000000 6.576675415 0.961783528 2.624041796 0.106727630 -0.992089808 -0.066068321 0.001411182
5536.000000 6.578127861 0.955889940 2.610198975 0.102741688 -0.992540896 -0.062621586 0.019630525
5537.000000 6.578382015 0.955790699 2.608703852 0.102699623 -0.992540896 -0.062632352 0.019815680
5538.000000 6.549860477 0.943795323 2.607574224 0.101619244 -0.992430091 -0.061918911 0.030367108
5539.000000 6.585693359 0.961877525 2.607658148 0.101993680 -0.992325366 -0.059884358 0.036077723
5540.000000 6.582361698 0.965178370 2.598946333 0.102651164 -0.991431057 -0.060397513 0.053659182
5541.000000 6.587498188 0.965994060 2.596259117 0.102796502 -0.991361856 -0.060393810 0.054655634
5542.000000 6.603487015 0.966849685 2.589708328 0.100065507 -0.991022587 -0.060762551 0.064568795
5543.000000 6.582634926 0.972318947 2.573733330 0.100639187 -0.990421176 -0.056043550 0.076136544
5544.000000 6.555536747 0.961361647 2.572599411 0.100966014 -0.990634799 -0.057222649 0.071932107
5545.000000 6.605978966 0.947172761 2.577008724 0.101947956 -0.988702536 -0.061993465 0.090723448
5546.000000 6.605025768 0.944280863 2.574934959 0.102105871 -0.988674819 -0.062468532 0.090522446
5547.000000 6.591697216 0.951419890 2.563882828 0.101665571 -0.988571107 -0.061338942 0.092891864
5548.000000 6.581270695 0.954215646 2.554210663 0.101233721 -0.987957060 -0.059736453 0.100619160
5549.000000 6.583525181 0.956556797 2.554858208 0.101116210 -0.987948000 -0.059426457 0.101008989
5550.000000 6.578172684 0.958685398 2.540386677 0.099732846 -0.987199783 -0.058048479 0.110092178
5551.000000 6.586839199 0.969711483 2.540505409 0.099717960 -0.987120211 -0.056551352 0.111588471
5552.000000 6.589046955 0.974098682 2.532483101 0.099949546 -0.985774279 -0.054982867 0.123434737
5553.000000 6.589778900 0.974087238 2.533021927 0.100052021 -0.985749006 -0.054962132 0.123562664
5554.000000 6.588649273 0.974610627 2.514814854 0.098514244 -0.984923363 -0.053107522 0.131911173
5555.000000 6.587170601 0.973759353 2.514574528 0.098458290 -0.984947324 -0.053271458 0.131708205
5556.000000 6.593356609 0.982111633 2.507270336 0.101735003 -0.983494103 -0.052485205 0.140123755
5557.000000 6.591496468 0.981660783 2.506748676 0.102101602 -0.983495831 -0.052513927 0.139834225
5558.000000 6.572748184 0.977763534 2.479819298 0.101565778 -0.982964039 -0.052533086 0.143897548
5559.000000 6.578319073 0.981954038 2.484171867 0.101687580 -0.982838333 -0.051747557 0.144950986
5560.000000 6.573651314 0.982027650 2.465382576 0.098954245 -0.982348800 -0.047041673 0.151611760
5561.000000 6.569710255 0.979592800 2.463621140 0.098650202 -0.982456803 -0.047392901 0.150999457
5562.000000 6.572333813 0.982804298 2.451763153 0.095382132 -0.982296526 -0.042260312 0.155595735
5563.000000 6.574147701 0.983240962 2.452701569 0.095144257 -0.982263684 -0.042202175 0.155963451
5564.000000 6.595394611 0.994567692 2.451015949 0.097189382 -0.981598854 -0.042776175 0.158707798
5565.000000 6.598042011 0.996315837 2.452046394 0.097365558 -0.981522858 -0.042502671 0.159143046
5566.000000 6.582140923 0.988719821 2.425769329 0.099858403 -0.981600165 -0.049160287 0.155153736
5567.000000 6.579942703 0.987906039 2.424803734 0.099854119 -0.981645346 -0.049315043 0.154821441
5568.000000 6.573454857 0.980475366 2.404242992 0.095451415 -0.982618392 -0.049027123 0.151481241
5569.000000 6.572618484 0.980835140 2.404191971 0.095449351 -0.982636094 -0.048918318 0.151402771
5570.000000 6.572621346 0.978978217 2.389366150 0.091665193 -0.984011114 -0.043793716 0.146293193
5571.000000 6.574343204 0.981739759 2.390784740 0.091673978 -0.983973384 -0.043364737 0.146669015
5572.000000 6.580706120 0.981629133 2.383030415 0.089140385 -0.985373139 -0.041715614 0.139117509
5573.000000 6.590035439 0.974327505 2.383619785 0.089158252 -0.985110641 -0.043071989 0.140544131
5574.000000 6.594594002 0.979381561 2.378596783 0.089198366 -0.985716522 -0.042252954 0.136459664
5575.000000 6.597342968 0.973217189 2.367735863 0.092845462 -0.986639023 -0.044432614 0.126289010
5576.000000 6.601480484 0.974436402 2.368522167 0.092813417 -0.986561537 -0.044293001 0.126965567
5577.000000 6.594361782 0.975064695 2.354246616 0.092612535 -0.988467753 -0.044163983 0.111373469
5578.000000 6.594507694 0.975792408 2.351590633 0.092854157 -0.988460064 -0.044088364 0.111270815
5579.000000 6.603816986 0.976869345 2.350857258 0.092279717 -0.989170134 -0.043539189 0.105504796
5580.000000 6.601829052 0.980155349 2.340044498 0.091182999 -0.990875900 -0.042740203 0.089576907
5581.000000 6.610764027 0.982915044 2.341677189 0.091207594 -0.990731061 -0.042484306 0.091259867
5582.000000 6.614437103 0.986465335 2.335676193 0.091154501 -0.992072701 -0.044040870 0.074452177
5583.000000 6.624866009 0.984403849 2.337347507 0.091159187 -0.991928458 -0.044510458 0.076071225
5584.000000 6.620398045 0.988981128 2.330187321 0.091664486 -0.993039012 -0.048640709 0.055725019
5585.000000 6.624359131 0.989153624 2.330849409 0.091804199 -0.992993772 -0.048678983 0.056265712
5586.000000 6.690615654 1.035786152 2.362473011 0.091721505 -0.993613064 -0.050803281 0.041706357
5587.000000 6.632059097 0.993490577 2.319478273 0.091757946 -0.993644297 -0.057840288 0.030102041
5588.000000 6.638870716 0.991292059 2.316919565 0.091426119 -0.993614793 -0.058393404 0.031003237
5589.000000 6.622371674 1.010453224 2.296598196 0.092177607 -0.994021356 -0.057105016 0.012802151
5590.000000 6.623917103 1.013260722 2.298930645 0.092082277 -0.994052529 -0.056666825 0.013012540
5591.000000 6.634862423 1.014837742 2.293260098 0.091773339 -0.993975580 -0.059899177 0.001543681
5592.000000 6.632945538 1.003929138 2.292029619 0.091747068 -0.993871808 -0.061646558 0.001052922
5593.000000 6.634681225 1.022966146 2.284404278 0.092684396 -0.993642211 -0.063108012 -0.010108673
5594.000000 6.632518291 1.015675545 2.283451080 0.092879027 -0.993545949 -0.064255908 -0.010543698
5595.000000 6.639633656 1.029086232 2.271590710 0.090445735 -0.993575454 -0.064967461 -0.020169217
5596.000000 6.639528275 1.026362538 2.271035194 0.090548418 -0.993534684 -0.065429725 -0.020219170
5597.000000 6.642540455 1.032541275 2.261860371 0.087043643 -0.993498445 -0.066474818 -0.031071896
5598.000000 6.645567417 1.018066168 2.262119532 0.087364197 -0.993318856 -0.068864137 -0.030708781
5599.000000 6.652031422 1.034485102 2.263315678 0.086876780 -0.993277013 -0.067782797 -0.035478879
5600.000000 6.640980244 1.043337345 2.253504276 0.087933794 -0.992871463 -0.068047814 -0.042935129
5601.000000 6.656010628 1.027755499 2.238097906 0.090161897 -0.991983116 -0.073526241 -0.049338948
5602.000000 6.652235508 1.022687912 2.238653421 0.090237141 -0.991889298 -0.074252680 -0.049994394
5603.000000 6.643900394 1.043571711 2.228187323 0.088647626 -0.991649806 -0.073041603 -0.058627095
5604.000000 6.647210121 1.038523197 2.227767467 0.088834427 -0.991598010 -0.073923811 -0.058114372
5605.000000 6.635352612 1.070618153 2.227463722 0.087650448 -0.991646588 -0.070186727 -0.063469142
5606.000000 6.643682480 1.068691611 2.207957983 0.088959679 -0.991046071 -0.072526745 -0.068218745
5607.000000 6.642462254 1.064797640 2.208131552 0.088954024 -0.990986526 -0.073124282 -0.068452872
5608.000000 6.639822483 1.057758331 2.200583935 0.089646764 -0.990634382 -0.074709557 -0.070890948
5609.000000 6.631211281 1.050196767 2.191506386 0.090074271 -0.990190685 -0.076713525 -0.074325256
5610.000000 6.638375759 1.060601950 2.179930210 0.089613810 -0.990178943 -0.075896598 -0.075861067
5611.000000 6.638154030 1.053692102 2.180363178 0.089674771 -0.990078568 -0.077038109 -0.075947762
5612.000000 6.632040977 1.074344516 2.160678148 0.089761794 -0.990130126 -0.073640898 -0.078500405
5613.000000 6.636792660 1.073773503 2.160764456 0.090000488 -0.990160465 -0.073822163 -0.077669472
5614.000000 6.647722721 1.067293286 2.157455921 0.090379395 -0.990189195 -0.074263573 -0.076432399
5615.000000 6.663821220 1.057076454 2.156349421 0.090152703 -0.990152359 -0.076268479 -0.075192906
5616.000000 6.651200294 1.068968892 2.150895596 0.089822635 -0.990037560 -0.074539647 -0.078749217
5617.000000 6.658047676 1.079933167 2.137393713 0.092138037 -0.989838719 -0.073140219 -0.079878248
5618.000000 6.657859802 1.076083660 2.137422085 0.091983922 -0.989799619 -0.073778883 -0.079952747
5619.000000 6.672293663 1.065609694 2.130987406 0.092090689 -0.989725590 -0.075434610 -0.079197153
5620.000000 6.665732861 1.083369613 2.120599747 0.091484427 -0.989740789 -0.072152212 -0.082691990
5621.000000 6.663464546 1.075305104 2.120496273 0.091400698 -0.989611566 -0.073466271 -0.083172485
5622.000000 6.670524120 1.080090165 2.100574970 0.089179151 -0.989785254 -0.071121976 -0.085521810
5623.000000 6.669674873 1.075957894 2.101160049 0.088914916 -0.989749134 -0.071764126 -0.085678026
5624.000000 6.663718700 1.096716642 2.088963747 0.090287454 -0.990021408 -0.063208602 -0.087809496
5625.000000 6.661748409 1.103704810 2.088541508 0.090231441 -0.990083575 -0.061967675 -0.088050976
5626.000000 6.655029297 1.092309833 2.078751326 0.089957915 -0.989970684 -0.062986113 -0.088873439
5627.000000 6.672819614 1.078970194 2.077437639 0.090162210 -0.990381300 -0.064193770 -0.083035663
5628.000000 6.675023079 1.093760014 2.077805519 0.090300597 -0.990584254 -0.061631873 -0.082402810
5629.000000 6.683553696 1.086874962 2.069290161 0.086670175 -0.990888476 -0.065555267 -0.079566911
5630.000000 6.679541588 1.093833327 2.068260193 0.086550675 -0.990932584 -0.064320691 -0.080153413
5631.000000 6.688752174 1.091687679 2.065793276 0.085276537 -0.991175532 -0.064439692 -0.078400172
5632.000000 6.693141460 1.098901153 2.063804865 0.086957686 -0.991139054 -0.062966608 -0.078211732
5633.000000 6.697276592 1.099358201 2.064155102 0.087080516 -0.991188645 -0.062968500 -0.077440746
5634.000000 6.691355705 1.110615134 2.060263872 0.088448130 -0.991095126 -0.060974535 -0.078673407
5635.000000 6.688597202 1.100876331 2.048720598 0.088165030 -0.991142094 -0.062339485 -0.077318877
5636.000000 6.689039707 1.104579806 2.047749758 0.088000655 -0.991209686 -0.061708618 -0.077145100
5637.000000 6.668778419 1.096387863 2.036150932 0.085718185 -0.991196036 -0.062305402 -0.079378031
5638.000000 6.677143574 1.102405190 2.042228222 0.085576348 -0.991568744 -0.060726039 -0.076029494
5639.000000 6.692612171 1.097753048 2.039225817 0.085249238 -0.991685271 -0.064481772 -0.071659021
5640.000000 6.690839291 1.100608349 2.038646936 0.085344039 -0.991692662 -0.063949592 -0.071920797
5641.000000 6.688663960 1.094462633 2.031586409 0.084555775 -0.991610110 -0.065815456 -0.072305642
5642.000000 6.687097549 1.105749130 2.026268244 0.085362174 -0.991584003 -0.064816877 -0.072618179
5643.000000 6.686941624 1.118622422 2.027527332 0.085344426 -0.991747677 -0.062514916 -0.072421134
5644.000000 6.696558475 1.111179590 2.019233465 0.085767344 -0.991601408 -0.065352544 -0.071412012
5645.000000 6.698649406 1.109914422 2.019543886 0.085994042 -0.991592288 -0.065597080 -0.071040921
5646.000000 6.697490215 1.092908263 2.001590490 0.087242097 -0.991095006 -0.069863938 -0.072377928
5647.000000 6.697709560 1.098709464 2.001395464 0.087285019 -0.991174221 -0.068846919 -0.072215803
5648.000000 6.683890820 1.110448122 1.988741517 0.086905472 -0.991213620 -0.065788589 -0.074932836
5649.000000 6.698764801 1.116142035 1.984803557 0.087900825 -0.991402328 -0.064317860 -0.072512440
5650.000000 6.696774006 1.118399262 1.984814048 0.087927081 -0.991407990 -0.063869037 -0.072799839
5651.000000 6.694080353 1.120894432 1.958473682 0.087047033 -0.991457105 -0.061673399 -0.075047493
5652.000000 6.694587708 1.107078791 1.957828641 0.087230958 -0.991280794 -0.064162403 -0.075076453
5653.000000 6.689472198 1.122905850 1.952206612 0.087367065 -0.991546810 -0.059171356 -0.075503729
5654.000000 6.686025620 1.120182872 1.936622381 0.086994953 -0.991582870 -0.058340613 -0.076103710
5655.000000 6.682098389 1.122583866 1.935467243 0.086786300 -0.991575778 -0.057859108 -0.076798029
5656.000000 6.686591625 1.126827478 1.927336693 0.085027277 -0.991938531 -0.056598432 -0.075000182
5657.000000 6.687751293 1.129687667 1.928254962 0.085031986 -0.991991222 -0.056083165 -0.074684829
5658.000000 6.683789730 1.125460029 1.903586626 0.083887279 -0.991893053 -0.058932770 -0.075087324
5659.000000 6.677525997 1.134559393 1.902577877 0.083515681 -0.991948724 -0.057209894 -0.076091819
5660.000000 6.665937424 1.134255052 1.890059948 0.084649168 -0.991816521 -0.056956869 -0.076748788
5661.000000 6.675383091 1.142215848 1.890335798 0.084714368 -0.992179036 -0.055261943 -0.073146708
5662.000000 6.684803486 1.115976095 1.872826338 0.081556320 -0.992335141 -0.062249731 -0.068880290
5663.000000 6.683448792 1.123045921 1.872653365 0.081441619 -0.992418408 -0.060905639 -0.069018804
5664.000000 6.667844772 1.144989252 1.860927343 0.079140939 -0.992774189 -0.058652662 -0.068527274
5665.000000 6.666836262 1.145876765 1.859218597 0.079046212 -0.992780447 -0.058445476 -0.068723872
5666.000000 6.664733410 1.154058576 1.835267663 0.081439629 -0.992887139 -0.058410022 -0.064273693
5667.000000 6.662745476 1.158143640 1.834005117 0.081438333 -0.992917299 -0.057600852 -0.064538546
5668.000000 6.650336266 1.152233958 1.823769450 0.081190482 -0.993085921 -0.057202343 -0.062580511
5669.000000 6.655364037 1.143383026 1.819912076 0.080784157 -0.993408144 -0.057572119 -0.057442471
5670.000000 6.640960217 1.157027006 1.812597990 0.079084814 -0.994065881 -0.053265851 -0.052358426
5671.000000 6.636146545 1.176362753 1.812051296 0.078803726 -0.994248807 -0.049438763 -0.053057019
5672.000000 6.654878616 1.144116998 1.807466745 0.081520185 -0.993996382 -0.059176140 -0.042707499
5673.000000 6.654751778 1.155423522 1.807340860 0.081541620 -0.994130254 -0.056986101 -0.042529326
5674.000000 6.648210049 1.152903795 1.790986538 0.083686322 -0.994152904 -0.057820614 -0.036240261
5675.000000 6.646692276 1.171351433 1.791056871 0.083601177 -0.994363964 -0.054178681 -0.036275871
5676.000000 6.658957958 1.143242717 1.784485340 0.082723200 -0.994431794 -0.059834879 -0.026117858
5677.000000 6.652096272 1.152234793 1.782024622 0.082237750 -0.994544685 -0.058030419 -0.027391564
5678.000000 6.641626835 1.176545024 1.774105310 0.079115599 -0.995166063 -0.052449305 -0.025186345
5679.000000 6.613495827 1.173208117 1.763218522 0.078839839 -0.995472491 -0.048516914 -0.021562448
5680.000000 6.614337921 1.179252148 1.763341546 0.078947246 -0.995526969 -0.047334976 -0.021277828
5681.000000 6.611580372 1.185964108 1.758141279 0.078669563 -0.995824218 -0.044697404 -0.012142020
5682.000000 6.610210419 1.200453877 1.757151604 0.078374803 -0.995971918 -0.041806016 -0.012231883
5683.000000 6.607832909 1.188773036 1.747584820 0.079400979 -0.995861769 -0.044186946 -0.001556383
5684.000000 6.607478619 1.207384825 1.746500015 0.078913540 -0.996054769 -0.040567916 -0.001369397
5685.000000 6.599516392 1.212690115 1.729418397 0.079191275 -0.996064603 -0.038106862 0.011491312
5686.000000 6.596267700 1.207967162 1.723997355 0.080911532 -0.995804012 -0.038113996 0.019366577
5687.000000 6.597754002 1.199127078 1.722072363 0.082954474 -0.995363653 -0.039937824 0.027835559
5688.000000 6.607521534 1.187740088 1.708332062 0.084586382 -0.994407892 -0.042987268 0.046370432
5689.000000 6.575991631 1.212846637 1.705730438 0.081921794 -0.995107293 -0.037725087 0.040337924
5690.000000 6.548639774 1.198231816 1.685682058 0.081721321 -0.994657338 -0.038918816 0.049635518
5691.000000 6.589342117 1.206974745 1.692736864 0.082778975 -0.994148374 -0.037531372 0.058379058
5692.000000 6.558826447 1.228599787 1.678379297 0.083039232 -0.993792415 -0.029995792 0.067685992
5693.000000 6.582722664 1.210914612 1.675082207 0.085041828 -0.993169188 -0.033863768 0.072361141
5694.000000 6.545535088 1.216247559 1.659211636 0.085808903 -0.992631078 -0.029586088 0.080281600
5695.000000 6.548673153 1.230768204 1.656557798 0.085270211 -0.992683291 -0.026727231 0.081207611
5696.000000 6.531191826 1.204443693 1.644865751 0.086220384 -0.991520703 -0.029071700 0.092778042
5697.000000 6.536752701 1.228295565 1.644388676 0.085270502 -0.991579831 -0.024389859 0.094358720
5698.000000 6.573286057 1.242928267 1.629076481 0.086430073 -0.989220500 -0.021944316 0.116151638
5699.000000 6.569022655 1.223347425 1.642058372 0.087421186 -0.989127696 -0.025530159 0.115465388
5700.000000 6.566748142 1.211984873 1.631451130 0.087596565 -0.987507045 -0.026751764 0.128223389
5701.000000 6.566219330 1.207724810 1.631787777 0.087680109 -0.987484753 -0.027549444 0.128168792
5702.000000 6.563825607 1.196858048 1.625841618 0.087139457 -0.986915767 -0.029448075 0.132426828
5703.000000 6.559728146 1.222272635 1.612882137 0.084470384 -0.986405969 -0.026974423 0.138349235
5704.000000 6.558554649 1.222215176 1.612876415 0.084494732 -0.986432314 -0.026935715 0.138153672
5705.000000 6.546124458 1.225908279 1.602207661 0.083424143 -0.986759961 -0.027548492 0.136331826
5706.000000 6.548499584 1.217254639 1.600843430 0.083654970 -0.986641288 -0.029436804 0.136654511
5707.000000 6.546022415 1.249876976 1.595394611 0.082977310 -0.987032712 -0.025093941 0.135098562
5708.000000 6.547446251 1.268662453 1.582805157 0.087578937 -0.986844122 -0.025103632 0.133561000
5709.000000 6.550021172 1.270643353 1.580858231 0.087246157 -0.986813486 -0.024727371 0.134074450
5710.000000 6.550933838 1.278915763 1.572260857 0.089180328 -0.986885369 -0.024044042 0.132385805
5711.000000 6.577726364 1.166539669 1.579207420 0.091441013 -0.985656857 -0.049591031 0.132890806
5712.000000 6.605415344 1.163069487 1.570679665 0.090983868 -0.985383689 -0.051320568 0.134563461
5713.000000 6.647119999 1.119725347 1.568076611 0.091821000 -0.985099614 -0.063041098 0.131047621
5714.000000 6.649959564 1.112990618 1.568384171 0.092386566 -0.984893084 -0.064448550 0.131517529
5715.000000 6.657999992 1.107349157 1.565773010 0.092181787 -0.985604703 -0.067135170 0.124814838
5716.000000 6.640215874 1.134379625 1.562070847 0.090580061 -0.987556279 -0.061110675 0.113107368
5717.000000 6.633669853 1.117872953 1.562520027 0.091803066 -0.988251328 -0.064566836 0.103743218
5718.000000 6.657748699 1.133593082 1.565874338 0.092678688 -0.989040554 -0.067657299 0.092909038
5719.000000 6.663919926 1.115088582 1.564827204 0.094793841 -0.988473535 -0.071606733 0.093844354
5720.000000 6.678050041 1.113727093 1.558549881 0.094899744 -0.988769352 -0.075749017 0.087128483
5721.000000 6.683927059 1.150389314 1.547351599 0.093017660 -0.991361499 -0.071442820 0.058703642
5722.000000 6.690547466 1.133851528 1.545389891 0.093268335 -0.991005182 -0.075121537 0.059720937
5723.000000 6.664818764 1.155633330 1.540864944 0.094021380 -0.992209196 -0.073077872 0.036612805
5724.000000 6.664673805 1.151859045 1.541007757 0.094187945 -0.992133737 -0.073916383 0.036548167
5725.000000 6.670278549 1.159814835 1.526285172 0.093073025 -0.992652237 -0.074379086 0.021134092
5726.000000 6.704384327 1.151966333 1.527832031 0.093999311 -0.992224395 -0.076474652 0.028400056
5727.000000 6.723770618 1.175466537 1.527535915 0.091338918 -0.992991388 -0.072994530 0.017238881
5728.000000 6.715479851 1.166540027 1.526140571 0.090952061 -0.992926419 -0.074796498 0.015178179
5729.000000 6.719477654 1.190202951 1.518697262 0.089088671 -0.993413031 -0.072055131 0.001385130
5730.000000 6.709527969 1.178098559 1.514632225 0.089195311 -0.993221879 -0.074520163 -0.001180425
5731.000000 6.730195999 1.179215670 1.500681996 0.087199375 -0.992968500 -0.078250885 -0.016935252
5732.000000 6.732079506 1.180655956 1.501293421 0.087075084 -0.993010283 -0.077937290 -0.016559487
5733.000000 6.701075554 1.162508488 1.500262976 0.086457349 -0.992654264 -0.081307612 -0.023489324
5734.000000 6.686054230 1.179054022 1.486245275 0.086853720 -0.992493212 -0.077947393 -0.036577389
5735.000000 6.701635361 1.191911578 1.480462909 0.088363819 -0.992292821 -0.077113226 -0.040005475
5736.000000 6.699507713 1.186483502 1.479925036 0.088446476 -0.992175460 -0.078260519 -0.040501315
5737.000000 6.710359573 1.223743916 1.462467074 0.089183845 -0.992483437 -0.071862571 -0.043113485
5738.000000 6.682404041 1.207549572 1.461159229 0.088686354 -0.992005050 -0.074899100 -0.049507104
5739.000000 6.717670918 1.226303339 1.449815273 0.087808460 -0.992490053 -0.072383232 -0.044875864
5740.000000 6.715469837 1.220979691 1.448928595 0.087937474 -0.992371202 -0.073518768 -0.045403354
5741.000000 6.700402737 1.241332412 1.431284547 0.090278730 -0.992237866 -0.071067266 -0.047574367
5742.000000 6.700456619 1.247107863 1.430473685 0.090343073 -0.992331922 -0.069769576 -0.047409549
5743.000000 6.714313507 1.236864090 1.417523146 0.090809934 -0.992103338 -0.074647710 -0.043729793
5744.000000 6.693031311 1.228836775 1.418230891 0.090294436 -0.991824746 -0.075989425 -0.048541270
5745.000000 6.698278904 1.256038904 1.399386287 0.090583652 -0.992354572 -0.070159473 -0.045877207
5746.000000 6.695908070 1.254220009 1.383597493 0.090783671 -0.992772639 -0.067380868 -0.040258728
5747.000000 6.698307991 1.259289622 1.383588672 0.090918727 -0.992862761 -0.066259801 -0.039585605
5748.000000 6.707729340 1.240387678 1.364778280 0.088700056 -0.993253231 -0.067405120 -0.032200832
5749.000000 6.709879875 1.243800402 1.365176678 0.088716857 -0.993324459 -0.066614464 -0.031596314
5750.000000 6.722491741 1.228473663 1.357425690 0.083774693 -0.993992686 -0.064781278 -0.027638059
5751.000000 6.722264767 1.223020554 1.357470512 0.083877556 -0.993898630 -0.066022821 -0.027768817
5752.000000 6.709706306 1.215847015 1.353242040 0.080993474 -0.993837059 -0.068430528 -0.032332487
5753.000000 6.708691120 1.212921739 1.353041291 0.081122704 -0.993773222 -0.069080397 -0.032586448
5754.000000 6.706898689 1.228259683 1.344073772 0.080351010 -0.993985653 -0.065889917 -0.034566715
5755.000000 6.703300953 1.228333116 1.336795807 0.082312815 -0.993805230 -0.065277755 -0.036257029
5756.000000 6.692918301 1.247694016 1.327450514 0.082939513 -0.993974686 -0.060847517 -0.037854541
5757.000000 6.710935593 1.258773923 1.314664125 0.084255293 -0.994251847 -0.058115955 -0.031416252
5758.000000 6.671393394 1.252021670 1.292629480 0.082793415 -0.994580686 -0.053219598 -0.033499420
5759.000000 6.670235157 1.250674009 1.291800737 0.082680054 -0.994562268 -0.053560879 -0.033781618
5760.000000 6.674761295 1.235944390 1.284774542 0.082500570 -0.994904995 -0.053685557 -0.021806076
5761.000000 6.672679424 1.237297297 1.284139514 0.082500547 -0.994912624 -0.053372905 -0.022226248
5762.000000 6.692544460 1.241899252 1.280980110 0.080710754 -0.995397568 -0.050015759 -0.012957659
5763.000000 6.697027206 1.248549819 1.287248850 0.079146184 -0.995756507 -0.046385653 -0.007300375
5764.000000 6.695132256 1.258800626 1.284364939 0.080204554 -0.995713949 -0.046053536 -0.000353465
5765.000000 6.684505939 1.256331682 1.279224157 0.079797998 -0.995718181 -0.046555802 -0.003199430
5766.000000 6.685408592 1.249059200 1.271877289 0.079877548 -0.995568573 -0.049626280 0.000344518
5767.000000 6.682876587 1.246715188 1.262726188 0.079477482 -0.995602190 -0.049518667 0.002760074
5768.000000 6.683797359 1.248323798 1.259458780 0.080705591 -0.995562673 -0.047877394 0.007026826
5769.000000 6.682474136 1.254770398 1.250569820 0.079419404 -0.995530486 -0.048166785 0.017079884
5770.000000 6.683263779 1.254435539 1.249910712 0.079452008 -0.995518982 -0.048260994 0.017328944
5771.000000 6.670897961 1.270211577 1.236742854 0.078791410 -0.995688200 -0.041671813 0.025699636
5772.000000 6.674319744 1.265332460 1.234083652 0.078839488 -0.995614409 -0.042884212 0.026407022
5773.000000 6.656853199 1.279637218 1.224745989 0.079314396 -0.995345235 -0.039878629 0.037507720
5774.000000 6.656480789 1.283445597 1.225472212 0.079055116 -0.995395422 -0.038916498 0.037733074
5775.000000 6.655516148 1.269837022 1.213009357 0.080342703 -0.994701803 -0.037665639 0.051912051
5776.000000 6.665815830 1.273969769 1.208616734 0.080588840 -0.994570494 -0.036895808 0.054531764
5777.000000 6.670630932 1.254931211 1.197522879 0.082770117 -0.993273616 -0.039603069 0.070628166
5778.000000 6.661166191 1.265007377 1.197876692 0.082081392 -0.993577659 -0.036687057 0.068703704
5779.000000 6.670822144 1.279164314 1.188039303 0.081014246 -0.993170798 -0.031361576 0.077878021
5780.000000 6.663675785 1.281641841 1.178020000 0.080764890 -0.992303550 -0.027141750 0.089855798
5781.000000 6.662652016 1.289472818 1.177684784 0.080992937 -0.992343128 -0.025010807 0.089832261
5782.000000 6.661401272 1.285007238 1.161079645 0.082815178 -0.991008878 -0.024133639 0.102277383
5783.000000 6.661143303 1.316968203 1.155681610 0.082533114 -0.991127551 -0.015849873 0.102972306
5784.000000 6.654355526 1.333833218 1.142866611 0.083811268 -0.989604950 -0.010349931 0.116407618
5785.000000 6.646432400 1.343809485 1.141963482 0.083471835 -0.989853621 -0.007564179 0.114739358
5786.000000 6.664705753 1.275907159 1.130623341 0.085885882 -0.986908495 -0.021584300 0.134794131
5787.000000 6.660147190 1.275041342 1.129949570 0.085303202 -0.987099111 -0.021717567 0.133743078
5788.000000 6.655012608 1.299209476 1.115110397 0.083884113 -0.984764636 -0.011087158 0.151918486
5789.000000 6.655737877 1.286517024 1.116305828 0.083399199 -0.984785140 -0.014754118 0.151740164
5790.000000 6.671645164 1.288042307 1.100204945 0.084587224 -0.981545746 -0.013904773 0.170937508
5791.000000 6.680138111 1.287239075 1.098930359 0.083224580 -0.981265604 -0.014546689 0.173147172
5792.000000 6.670650482 1.306509852 1.090067863 0.083252296 -0.980427027 -0.008408000 0.178216845
5793.000000 6.672083378 1.305327892 1.082780361 0.083356105 -0.979119301 -0.008791962 0.185202330
5794.000000 6.674862385 1.303510785 1.069582939 0.084339693 -0.976050615 -0.008894372 0.200332016
5795.000000 6.672283649 1.309463859 1.069769382 0.084370062 -0.976145625 -0.007196899 0.199924082
5796.000000 6.672038555 1.317236543 1.060940742 0.083320692 -0.972925901 -0.005089440 0.215515658
5797.000000 6.674303532 1.296833158 1.062041283 0.084480323 -0.972712338 -0.010431355 0.215835512
5798.000000 6.675248146 1.329859257 1.040931702 0.078376032 -0.970218658 0.000315578 0.229200408
5799.000000 6.673673630 1.331881762 1.041437626 0.078193650 -0.970311821 0.000898821 0.228866681
5800.000000 6.678885937 1.319405198 1.032014847 0.077571139 -0.967093706 0.000010669 0.242306635
5801.000000 6.679936409 1.320434093 1.029253006 0.077313609 -0.967018545 0.000317122 0.242688328
5802.000000 6.679166317 1.331991434 1.023469448 0.077162929 -0.964283943 0.004548925 0.253341019
5803.000000 6.678605556 1.333185673 1.021956444 0.076971889 -0.964305758 0.004945244 0.253308684
5804.000000 6.681314468 1.324939251 1.019238472 0.078456044 -0.962515354 0.002236406 0.259622574
5805.000000 6.681433678 1.332927108 1.014349461 0.077914573 -0.959560335 0.001259556 0.270502806
5806.000000 6.681056023 1.332341671 1.013837814 0.077966787 -0.959583402 0.001127324 0.270406336
5807.000000 6.680822372 1.349626780 1.002695084 0.077124529 -0.956592441 0.004534083 0.281002104
5808.000000 6.680380821 1.349201918 1.001857758 0.077107228 -0.956605673 0.004481670 0.280962646
5809.000000 6.683775902 1.346563339 0.989056587 0.076517113 -0.954255760 0.005098236 0.288989931
5810.000000 6.682437897 1.349625587 0.989627838 0.076340079 -0.954356968 0.005890789 0.288687110
5811.000000 6.679963589 1.360073924 0.986829758 0.075423330 -0.952642500 0.009566789 0.294435173
5812.000000 6.678971291 1.360191822 0.987711906 0.075312279 -0.952737451 0.009751014 0.294150412
5813.000000 6.684037685 1.354643583 0.970803738 0.074958049 -0.950398266 0.007762426 0.301768541
5814.000000 6.683907509 1.352518082 0.972282887 0.075211689 -0.950451434 0.007184867 0.301552296
5815.000000 6.685363770 1.358114600 0.961780548 0.073813789 -0.948155701 0.011991267 0.308882654
5816.000000 6.683923721 1.358673692 0.962375164 0.073757842 -0.948247552 0.012164959 0.308607221
5817.000000 6.682989120 1.363911390 0.953472137 0.071441017 -0.946990848 0.014131924 0.312897712
5818.000000 6.680862904 1.371397972 0.934954166 0.071678348 -0.945561409 0.015399995 0.317078620
5819.000000 6.680128098 1.369427800 0.918845177 0.072661594 -0.943546116 0.015155380 0.322817922
5820.000000 6.680459976 1.368792415 0.915116310 0.072333641 -0.943470418 0.015366702 0.323102832
5821.000000 6.676106453 1.379042625 0.914306641 0.071464859 -0.942956388 0.018567314 0.324624956
5822.000000 6.674160957 1.382831454 0.898576736 0.068819977 -0.942143023 0.021120721 0.327389985
5823.000000 6.674015522 1.382894516 0.898827553 0.068795443 -0.942155063 0.021144481 0.327359140
5824.000000 6.676147938 1.365947843 0.882325172 0.070097879 -0.939884543 0.015675290 0.333852857
5825.000000 6.674252987 1.363058448 0.889860630 0.070799604 -0.940213382 0.014614627 0.332825452
5826.000000 6.670644760 1.363077402 0.881159782 0.069559172 -0.937388778 0.014987299 0.340938836
5827.000000 6.669391632 1.362773299 0.884638786 0.069020972 -0.937664092 0.015381319 0.340272784
5828.000000 6.671305180 1.344942451 0.859880447 0.069688655 -0.934956014 0.011935445 0.347647011
5829.000000 6.662804127 1.366579175 0.837470055 0.068275154 -0.930770457 0.019100074 0.358664393
5830.000000 6.662933350 1.358887196 0.838861465 0.067783393 -0.930953443 0.017981175 0.358340412
5831.000000 6.657593250 1.371356726 0.841095924 0.066737793 -0.929276288 0.021648360 0.362661064
5832.000000 6.654037476 1.381628156 0.837152481 0.067322239 -0.929147959 0.023119889 0.362791032
5833.000000 6.648256779 1.379858732 0.825201988 0.069412977 -0.926844001 0.023102319 0.368250549
5834.000000 6.650815487 1.360528350 0.802138329 0.068612687 -0.925850809 0.020352740 0.371050477
5835.000000 6.645810127 1.371364474 0.788408279 0.070821978 -0.923439085 0.025127131 0.376315296
5836.000000 6.637335777 1.376376867 0.775861740 0.073062733 -0.919720769 0.029304825 0.384599566
5837.000000 6.633999348 1.354717731 0.756907463 0.074723393 -0.917794049 0.023243940 0.389268905
5838.000000 6.632158279 1.350083351 0.758774757 0.075604089 -0.917238772 0.020308314 0.390569746
5839.000000 6.631329060 1.337959886 0.749673843 0.073397346 -0.914812744 0.019424846 0.396677732
5840.000000 6.631318569 1.337616324 0.751538277 0.073476404 -0.914940894 0.019377379 0.396369785
5841.000000 6.631303310 1.320807099 0.750902176 0.074458644 -0.912890315 0.015563227 0.401055008
5842.000000 6.631870270 1.320990324 0.727246284 0.073823452 -0.908938468 0.015379329 0.410054356
5843.000000 6.622144699 1.343876481 0.722788811 0.073368229 -0.905991852 0.020526750 0.416382700
5844.000000 6.626722336 1.329043150 0.711198807 0.071917869 -0.902425051 0.019915869 0.424335063
5845.000000 6.622000694 1.351848245 0.730349541 0.072338164 -0.900369644 0.024680138 0.428360492
5846.000000 6.621528149 1.335453749 0.708819389 0.072223105 -0.895825207 0.023336533 0.437877238
5847.000000 6.618239403 1.332358003 0.713440895 0.073027089 -0.892741621 0.023787227 0.443974942
5848.000000 6.573643684 1.331210852 0.679538727 0.072646163 -0.885045052 0.026516126 0.459036708
5849.000000 6.572132111 1.330655575 0.672219276 0.072833121 -0.884627759 0.026366631 0.459819436
5850.000000 6.569007874 1.333477020 0.665355682 0.072644196 -0.877368689 0.032191567 0.473192215
5851.000000 6.567597866 1.338411808 0.668459892 0.073331326 -0.877546728 0.032616176 0.472726703
5852.000000 6.573781967 1.333679438 0.663834572 0.071864717 -0.874628603 0.033882439 0.478238821
5853.000000 6.578475475 1.316871881 0.632000923 0.070618823 -0.865554333 0.029560473 0.494929105
5854.000000 6.658934593 1.366328597 1.025774002 0.073025219 -0.878808677 0.031548589 0.470496893
5855.000000 6.656588554 1.362002134 1.012042046 0.073613867 -0.874042928 0.030010942 0.479300916
5856.000000 6.614061356 1.073043704 0.934110641 0.060680393 -0.863281906 0.021009361 0.500620484
5857.000000 6.619946480 1.075112581 0.940237999 0.060630247 -0.863486767 0.021214772 0.500264525
5858.000000 6.682213306 1.005953550 1.023300171 0.058423780 -0.856176019 0.022462279 0.512878895
5859.000000 6.685239792 1.011190534 1.031120300 0.057895161 -0.856393218 0.023780081 0.512516797
5860.000000 6.631388664 1.356864929 0.648048401 0.071507417 -0.835353374 0.047361143 0.542980969
5861.000000 6.633760929 1.358733296 0.654235840 0.071755469 -0.835692108 0.047356121 0.542427182
5862.000000 6.622359276 1.361449242 0.633552551 0.071600907 -0.830345809 0.047047347 0.550623000
5863.000000 6.623260975 1.361657977 0.638782501 0.071756572 -0.830723584 0.046931978 0.550042510
5864.000000 6.623742104 1.363567829 0.614582062 0.069810182 -0.826640308 0.049700785 0.556167364
5865.000000 6.624680519 1.364322901 0.617577553 0.069954187 -0.826826692 0.049690004 0.555873156
5866.000000 6.621408463 1.365508437 0.607678413 0.070689380 -0.824131131 0.050335530 0.559711754
5867.000000 6.628634453 1.363116503 0.606284142 0.071012191 -0.823912323 0.049567737 0.560061455
5868.000000 6.629486084 1.365339279 0.605105400 0.072178513 -0.822645843 0.049564127 0.561771870
5869.000000 6.624504566 1.357540131 0.590799332 0.073996373 -0.818228960 0.048382826 0.568053782
5870.000000 6.626994133 1.358494759 0.593747139 0.073899686 -0.818407476 0.048464205 0.567802191
5871.000000 6.620635033 1.363090158 0.578851700 0.074466817 -0.812131882 0.049974211 0.576540649
5872.000000 6.626175404 1.362150431 0.581939697 0.074787900 -0.812219620 0.049492259 0.576417089
5873.000000 6.600739479 1.371564150 0.605195045 0.072308734 -0.809557199 0.052954074 0.580159009
5874.000000 6.603550434 1.372568727 0.609275818 0.072454199 -0.809740365 0.052964330 0.579884291
5875.000000 6.599190235 1.371221542 0.605457306 0.073314987 -0.805956125 0.051940825 0.585116923
5876.000000 6.617155552 1.393864393 0.559988976 0.072210267 -0.804277062 0.055474460 0.587236464
5877.000000 6.610685825 1.391706944 0.558514595 0.074447744 -0.801445901 0.053914230 0.590961397
5878.000000 6.598870277 1.385465860 0.542043209 0.076608509 -0.792725980 0.052715547 0.602443278
5879.000000 6.604998112 1.387118220 0.546118736 0.076662004 -0.792878628 0.052664854 0.602239847
5880.000000 6.602131367 1.334692240 0.556441784 0.078232363 -0.788440108 0.047082279 0.608297050
5881.000000 6.589732170 1.339230299 0.546779156 0.077561170 -0.779724777 0.049419865 0.619331360
5882.000000 6.599014759 1.387612581 0.535196781 0.076055415 -0.779539645 0.055593852 0.619227648
5883.000000 6.581703663 1.388779640 0.521510124 0.076268032 -0.771238506 0.056950793 0.629389405
5884.000000 6.585975170 1.391019106 0.524918556 0.076067805 -0.771470904 0.057184607 0.629107535
5885.000000 6.579553604 1.388849974 0.520600796 0.076215200 -0.767700911 0.058029998 0.633608103
5886.000000 6.562277317 1.385933876 0.508545399 0.076190241 -0.760207653 0.063395604 0.642075121
5887.000000 6.564435959 1.388489962 0.513603210 0.075701594 -0.760762691 0.063976146 0.641417623
5888.000000 6.555423737 1.391263723 0.503013611 0.073786199 -0.754212141 0.067277886 0.648994148
5889.000000 6.560235023 1.390805721 0.505176067 0.074029535 -0.754258931 0.066907145 0.648950279
5890.000000 6.545842648 1.390511632 0.493165970 0.072246701 -0.750966609 0.069841519 0.652649820
5891.000000 6.548232079 1.391017199 0.494573593 0.072338283 -0.751030743 0.069745511 0.652576149
5892.000000 6.540467739 1.333657026 0.506886482 0.075832933 -0.748733878 0.062283687 0.655566692
5893.000000 6.521687508 1.324698925 0.488541603 0.078795388 -0.737840772 0.065242916 0.667177439
5894.000000 6.527067184 1.328613997 0.491458893 0.078857943 -0.738000393 0.065470688 0.666971087
5895.000000 6.477071285 1.357361317 0.513212204 0.074110217 -0.728515089 0.078131542 0.676512420
5896.000000 6.481860638 1.359426975 0.516044140 0.074052662 -0.728618562 0.078295998 0.676388204
5897.000000 6.487074375 1.432162881 0.535384178 0.075905606 -0.718222320 0.086481400 0.686233222
5898.000000 6.503102303 1.350130558 0.502640724 0.070635796 -0.717150629 0.083359197 0.688300014
5899.000000 6.452275276 1.356335402 0.446528435 0.076100692 -0.702621341 0.086258575 0.702204704
5900.000000 6.453291893 1.357010603 0.447152138 0.076240443 -0.702576935 0.086177848 0.702243865
5901.000000 6.501358986 1.324293375 0.454290867 0.076488189 -0.697562695 0.083627306 0.707504332
5902.000000 6.489909172 1.347081900 0.480093479 0.073666438 -0.689679682 0.088644691 0.714882731
5903.000000 6.492856979 1.349305630 0.481960773 0.073601879 -0.689823031 0.088825651 0.714728594
5904.000000 6.470353603 1.333378911 0.451708317 0.074933119 -0.677866817 0.089948282 0.725803673
5905.000000 6.471156597 1.334048748 0.452280521 0.074975215 -0.677883565 0.089935370 0.725785255
5906.000000 6.460905075 1.331206560 0.447004318 0.076217972 -0.668396413 0.091546424 0.734204590
5907.000000 6.459323883 1.330193758 0.449585915 0.076338530 -0.668588996 0.091384493 0.734036922
5908.000000 6.454541206 1.329785347 0.447079182 0.077219762 -0.663908780 0.090479419 0.738292456
5909.000000 6.447863102 1.327784061 0.441001892 0.077679977 -0.654510319 0.085935980 0.747125924
5910.000000 6.448557854 1.328761339 0.441622257 0.077866949 -0.654579878 0.085927479 0.747046530
5911.000000 6.441659927 1.330145836 0.437832832 0.077655084 -0.646302223 0.081123784 0.754772842
5912.000000 6.438062191 1.329064608 0.442269802 0.078412607 -0.646608055 0.080581106 0.754490674
5913.000000 6.431717873 1.330749631 0.435450554 0.078284450 -0.636626184 0.080637164 0.762939274
5914.000000 6.430767059 1.330834866 0.438523293 0.078831501 -0.636838973 0.080297641 0.762741089
5915.000000 6.426725388 1.333988786 0.429011822 0.078585029 -0.624007642 0.076843813 0.773649752
5916.000000 6.423122406 1.331815004 0.433187962 0.078799881 -0.624196291 0.076577574 0.773502171
5917.000000 6.413405895 1.335791588 0.429144382 0.081059150 -0.609043479 0.074951164 0.785415709
5918.000000 6.412014961 1.334671021 0.432525635 0.081122912 -0.609272182 0.074791074 0.785247028
5919.000000 6.407095909 1.336458802 0.424017429 0.081347503 -0.593623698 0.076535918 0.796954095
5920.000000 6.405476093 1.335949183 0.427055836 0.081729583 -0.593684912 0.076274365 0.796894491
5921.000000 6.399549961 1.336074591 0.418921471 0.082857057 -0.577776790 0.076956615 0.808323264
5922.000000 6.397211075 1.335417509 0.423223495 0.083423182 -0.577970922 0.076606847 0.808159411
5923.000000 6.390265465 1.329432368 0.415140629 0.080671437 -0.563298106 0.079560317 0.818448305
5924.000000 6.388826370 1.329714894 0.417862654 0.081020921 -0.563588560 0.079231933 0.818245649
5925.000000 6.383656025 1.325558662 0.408887625 0.073703162 -0.553492844 0.083156697 0.825408101
5926.000000 6.381503582 1.324574590 0.411996841 0.073994063 -0.553652644 0.082940482 0.825296640
5927.000000 6.370519161 1.326753378 0.407192230 0.072582260 -0.544093370 0.088743709 0.831155181
5928.000000 6.368349552 1.325600624 0.410580397 0.072774976 -0.544292152 0.088627838 0.831020474
5929.000000 6.384297848 1.336058855 0.381201744 0.080530681 -0.531028509 0.084136672 0.839311957
5930.000000 6.382901669 1.335787773 0.383427620 0.080895320 -0.531120896 0.083953455 0.839236796
5931.000000 6.377182484 1.332471609 0.383089066 0.082361564 -0.526288807 0.084070839 0.842121661
5932.000000 6.374118805 1.324764252 0.373678684 0.080605142 -0.520076513 0.085897535 0.845957994
5933.000000 6.375903130 1.325324655 0.370143890 0.079978980 -0.519815385 0.086368613 0.846129954
5934.000000 6.439865589 1.261933088 0.404990196 0.062411629 -0.522881269 0.087301314 0.845623195
5935.000000 6.439934731 1.262551665 0.405157328 0.062763095 -0.522911429 0.087185785 0.845590472
5936.000000 6.435636997 1.259627342 0.395577669 0.062128291 -0.523511827 0.082690559 0.845717371
5937.000000 6.436367035 1.260508657 0.394847393 0.062519528 -0.523512781 0.082453735 0.845711052
5938.000000 6.360265732 1.323372602 0.345450163 0.081226461 -0.519930959 0.078240111 0.846730530
5939.000000 6.360415459 1.323420763 0.345695496 0.081263490 -0.519974351 0.078236915 0.846700609
5940.000000 6.359291077 1.323967338 0.339465380 0.082264133 -0.520300806 0.080061860 0.846232712
5941.000000 6.442206383 1.295901775 0.347481728 0.077037916 -0.521858037 0.079625398 0.845806837
5942.000000 6.439828873 1.297696829 0.343780041 0.077474900 -0.521412551 0.077717215 0.846219003
5943.000000 6.435362339 1.289034009 0.339464664 0.074161232 -0.522378087 0.073406510 0.846305430
5944.000000 6.356244564 1.322973967 0.317284107 0.079150461 -0.520566761 0.074304618 0.846890986
5945.000000 6.346674919 1.327455163 0.316839695 0.083823353 -0.520734608 0.067916162 0.846874595
5946.000000 6.347046375 1.328364730 0.315957546 0.084087685 -0.520619750 0.067845188 0.846924722
5947.000000 6.343361855 1.326901555 0.308075428 0.084885910 -0.519214451 0.064762622 0.847948492
5948.000000 6.343646526 1.327931523 0.307106256 0.085242003 -0.519073427 0.064570315 0.848013759
5949.000000 6.338675499 1.322069883 0.302834511 0.082063586 -0.520561635 0.061935674 0.847611487
5950.000000 6.338923931 1.322565675 0.302318335 0.082197793 -0.520515621 0.061916269 0.847628117
5951.000000 6.427375317 1.346904874 0.321343660 0.082512684 -0.528249860 0.060972665 0.842867851
5952.000000 6.428776741 1.347725868 0.318450451 0.082316495 -0.528153837 0.061080325 0.842939377
5953.000000 6.424447536 1.347327828 0.316576958 0.082641661 -0.532021165 0.058354732 0.840665638
5954.000000 6.421051979 1.346422791 0.313849926 0.082029827 -0.536572933 0.056955174 0.837924063
5955.000000 6.303651333 1.320416331 0.396692514 0.082747057 -0.546901584 0.056487765 0.831180394
5956.000000 6.291957855 1.318442941 0.395359516 0.084779680 -0.555770993 0.053633902 0.825260282
5957.000000 6.293207645 1.319825292 0.392331839 0.084646024 -0.555614471 0.053863350 0.825364411
5958.000000 6.283582211 1.322949648 0.387256145 0.088061541 -0.563041806 0.053843491 0.819957316
5959.000000 6.278350353 1.322264075 0.385710955 0.087637037 -0.563063681 0.054101728 0.819970846
5960.000000 6.202546120 1.502746224 0.308787107 0.092820495 -0.566112816 0.069071352 0.816167772
5961.000000 6.244698524 1.350630283 0.304939270 0.085519068 -0.567059338 0.060450334 0.816992104
5962.000000 6.225319862 1.359656930 0.303972960 0.086034350 -0.576537192 0.061601877 0.810190201
5963.000000 6.219254494 1.349363089 0.297097206 0.085130200 -0.576262295 0.061282501 0.810505509
5964.000000 6.216008186 1.351628661 0.297445297 0.087999903 -0.583896875 0.060237058 0.804793239
5965.000000 6.211827755 1.342896461 0.305714607 0.089678176 -0.584917486 0.058492895 0.803995073
5966.000000 6.199252605 1.353960514 0.289124489 0.091170974 -0.589246571 0.060865402 0.800482273
5967.000000 6.196706295 1.352109790 0.289196253 0.090860859 -0.589353919 0.060930707 0.800433517
5968.000000 6.185531139 1.356609106 0.286102772 0.093966439 -0.595141232 0.060569368 0.795806944
5969.000000 6.183019638 1.355719686 0.285469055 0.093741000 -0.595201731 0.060705166 0.795777977
5970.000000 6.174727440 1.349798679 0.278797626 0.095110595 -0.601057708 0.057898838 0.791411042
5971.000000 6.167968750 1.348620057 0.279132843 0.096292995 -0.601051211 0.057139114 0.791328192
5972.000000 6.155144691 1.354953885 0.275487900 0.096529186 -0.608112633 0.058142446 0.785812140
5973.000000 6.149996281 1.353491783 0.276030540 0.096442588 -0.608289659 0.058082595 0.785690188
5974.000000 6.148092270 1.351956606 0.274662018 0.096577361 -0.618084848 0.059585340 0.777877629
5975.000000 6.144500256 1.349854827 0.273216724 0.096755356 -0.618050873 0.059350591 0.777900457
5976.000000 6.134721279 1.345718145 0.268472672 0.100164428 -0.626761317 0.055779580 0.770730913
5977.000000 6.133366108 1.341901660 0.267065048 0.100437358 -0.626777351 0.055222869 0.770722330
5978.000000 6.118767262 1.350709438 0.265235901 0.103455961 -0.636095285 0.054916717 0.762668967
5979.000000 6.117756844 1.348915100 0.264876366 0.103388898 -0.636200488 0.054730475 0.762603641
5980.000000 6.107400417 1.344763994 0.257698059 0.105258979 -0.646735430 0.053255569 0.753536880
5981.000000 6.102562904 1.340753675 0.260262966 0.105020389 -0.647109389 0.053062487 0.753262639
5982.000000 6.112254620 1.354719877 0.251482010 0.108753487 -0.657673120 0.055051148 0.743376255
5983.000000 6.105342865 1.351379156 0.252993584 0.108826220 -0.657957971 0.054806881 0.743131518
5984.000000 6.143569946 1.345780253 0.236855507 0.111200310 -0.664326012 0.051661655 0.737317085
5985.000000 6.176054955 1.356966138 0.217940807 0.110207155 -0.663357556 0.052964352 0.738245189
5986.000000 6.174533844 1.364248991 0.217754364 0.111203708 -0.666715920 0.052458800 0.735099792
5987.000000 6.170319557 1.361555457 0.214848042 0.110787563 -0.670263410 0.051881466 0.731970906
5988.000000 6.119872570 1.308207750 0.229067326 0.108310796 -0.678651810 0.047557712 0.724871576
5989.000000 6.115748405 1.307380319 0.228522778 0.108411469 -0.678653359 0.047579311 0.724853635
5990.000000 6.108082294 1.311763644 0.219458103 0.106738515 -0.685269296 0.047430128 0.718862593
5991.000000 6.104775906 1.307180762 0.222860336 0.106839173 -0.685666978 0.046807948 0.718509018
5992.000000 6.104317188 1.311923981 0.219902515 0.106001623 -0.693164945 0.045848079 0.711466134
5993.000000 6.104318619 1.327718139 0.218894005 0.105861388 -0.693049014 0.047631815 0.711482704
5994.000000 6.110977173 1.336071730 0.219365120 0.104979187 -0.701406002 0.043154292 0.703666627
5995.000000 6.103663921 1.332250357 0.216493607 0.105297953 -0.701246977 0.042638920 0.703808904
5996.000000 6.112009048 1.331465125 0.198439121 0.103746712 -0.713262081 0.034055114 0.692339659
5997.000000 6.105198383 1.327834606 0.195692062 0.104233086 -0.713154674 0.033444494 0.692406952
5998.000000 6.102305412 1.328026891 0.197819710 0.104084767 -0.713327646 0.033666059 0.692240417
5999.000000 6.100346565 1.327937722 0.193645954 0.103668623 -0.722212136 0.032008294 0.683109105
6000.000000 6.094623089 1.326663375 0.192070961 0.103643581 -0.722185373 0.032051820 0.683139086
6001.000000 6.092345715 1.324872971 0.180685520 0.105164573 -0.728228807 0.028328730 0.676624537
6002.000000 6.076547623 1.326315880 0.178915977 0.105719484 -0.727849483 0.028328309 0.676946163
6003.000000 6.067955971 1.327027082 0.167143822 0.107468650 -0.734128296 0.028817013 0.669832587
6004.000000 6.074614048 1.324176311 0.167372227 0.106767476 -0.734514117 0.029062441 0.669511259
6005.000000 6.057380199 1.341404080 0.144707680 0.108118109 -0.739493906 0.032894991 0.663609207
6006.000000 6.055210114 1.339821100 0.147254944 0.108127818 -0.739657581 0.032826342 0.663428664
6007.000000 6.051708698 1.332747936 0.142510891 0.109652780 -0.742208838 0.030678315 0.660425007
6008.000000 6.042535305 1.327372670 0.131944180 0.112963274 -0.743229330 0.028580682 0.658811510
6009.000000 6.036576748 1.332446218 0.121726990 0.113255136 -0.747148693 0.032387942 0.654135406
6010.000000 6.034767151 1.330861807 0.122240067 0.113206692 -0.747213602 0.032326601 0.654072702
6011.000000 6.035284042 1.319851637 0.126965046 0.112949632 -0.750345409 0.030251164 0.650622070
6012.000000 6.027556896 1.318393707 0.114484787 0.114631385 -0.752759039 0.026649999 0.647690773
6013.000000 6.021044254 1.323119402 0.102903843 0.113749422 -0.752450526 0.028076457 0.648144364
6014.000000 6.023791313 1.291520596 0.094108582 0.112707220 -0.754762471 0.023561286 0.645813882
6015.000000 6.020545483 1.289935350 0.094281197 0.112588800 -0.754837036 0.023578024 0.645746768
6016.000000 6.009425163 1.291747451 0.079601288 0.113341071 -0.757312238 0.025037814 0.642654777
6017.000000 6.009119987 1.287648916 0.080430984 0.113550395 -0.757331729 0.024269275 0.642624378
6018.000000 6.003142834 1.285010934 0.069097996 0.115011111 -0.758472264 0.025075292 0.640986323
6019.000000 6.002321243 1.285882831 0.069162369 0.114872843 -0.758478582 0.025366167 0.640992284
6020.000000 5.998497963 1.287169456 0.065840721 0.113997169 -0.759739280 0.026188973 0.639621019
6021.000000 5.996318340 1.286554337 0.064842224 0.113895275 -0.759693861 0.026227685 0.639691412
6022.000000 5.995543957 1.294447899 0.056694984 0.111304112 -0.764141083 0.025321187 0.634869099
6023.000000 5.990411282 1.291592598 0.055350304 0.111379527 -0.764124870 0.025048990 0.634886086
6024.000000 5.990873337 1.292742133 0.048797607 0.111817047 -0.770951569 0.023437347 0.626563191
6025.000000 5.983707428 1.290498614 0.047593117 0.111821547 -0.770942867 0.023383617 0.626575053
6026.000000 5.980246067 1.306407452 0.066857338 0.111327849 -0.783928990 0.027218165 0.610180795
6027.000000 5.961583614 1.342484474 0.015642643 0.116720162 -0.780198634 0.024359690 0.614062786
6028.000000 5.956313133 1.328524590 0.022324562 0.114732064 -0.781334221 0.024930723 0.612969756
6029.000000 5.996887207 1.314973831 0.047410011 0.110513881 -0.782345176 0.027955301 0.612324476
6030.000000 5.790385246 1.245261908 -0.020442009 0.111292727 -0.778948247 0.023912154 0.616670012
6031.000000 5.830939770 1.256532550 -0.010417938 0.114410110 -0.778700173 0.019403173 0.616571069
6032.000000 5.957639217 1.334366083 0.021636009 0.115834668 -0.780979633 0.023574922 0.613267779
6033.000000 5.959307671 1.341439962 0.016347885 0.116701476 -0.780302525 0.024147797 0.613942802
6034.000000 5.959711075 1.341398239 0.016432762 0.116726801 -0.780307233 0.024077943 0.613934636
6035.000000 5.944359779 1.335378885 0.023046970 0.114927270 -0.782027185 0.025935367 0.612007082
6036.000000 5.969867229 1.302469015 0.066089153 0.111064181 -0.784050107 0.027223868 0.610072911
6037.000000 5.972923756 1.303046703 0.065527916 0.110775158 -0.787386775 0.025777565 0.605876625
6038.000000 5.969872952 1.293036461 0.020981312 0.112014368 -0.788053691 0.019921837 0.605001986
6039.000000 5.965440750 1.294022799 0.015477657 0.111399725 -0.791089773 0.017884031 0.601204872
6040.000000 5.959937096 1.303082943 0.050743103 0.110090815 -0.796280384 0.018741747 0.594530463
6041.000000 5.953912735 1.299259901 0.044520855 0.110312201 -0.798379064 0.017033692 0.591719449
6042.000000 5.953689575 1.296378613 0.039914608 0.109384134 -0.801839888 0.015292757 0.587242842
6043.000000 5.952448845 1.294701934 0.040925980 0.109635785 -0.801847637 0.014857288 0.587196469
6044.000000 5.939017296 1.295647502 0.031722546 0.108831733 -0.803595901 0.014974321 0.584948778
6045.000000 5.936934471 1.294939995 0.031157494 0.108780637 -0.803563654 0.014957084 0.585003138
6046.000000 5.924797535 1.291424990 0.025308609 0.109076232 -0.804165006 0.014418870 0.584134579
6047.000000 5.924176693 1.290764451 0.024707317 0.109032929 -0.804119945 0.014407121 0.584205031
6048.000000 5.894258499 1.278151989 0.013300419 0.109385528 -0.801657796 0.016034108 0.587471306
6049.000000 5.895115852 1.278330326 0.013336182 0.109255306 -0.801670730 0.016168585 0.587474227
6050.000000 6.004522324 1.026685834 0.359236240 0.094749384 -0.810680509 0.013486401 0.577613890
6051.000000 5.882961750 1.315395117 0.056416035 0.126748770 -0.779859364 0.019031150 0.612692475
6052.000000 5.904218197 1.274656534 0.001966000 0.116428494 -0.777920604 0.020044256 0.617156565
6053.000000 5.747618198 1.250759363 0.011301994 0.126993239 -0.777002156 0.010554383 0.616464913
6054.000000 5.902881145 1.335289717 0.014789581 0.124636255 -0.777884364 0.019052824 0.615628839
6055.000000 5.904156685 1.335532904 0.014142990 0.124394551 -0.777853727 0.019369422 0.615706503
6056.000000 5.790767193 1.289339423 -0.043017864 0.121899813 -0.776547730 0.018503502 0.617876768
6057.000000 5.824746609 1.262667298 0.000192642 0.117823146 -0.778605700 0.020727169 0.616004348
6058.000000 5.825739861 1.258573532 -0.000906467 0.117317185 -0.778604150 0.020768657 0.616101444
6059.000000 5.830489159 1.257745743 -0.003298283 0.116423972 -0.778603971 0.021653997 0.616240621
6060.000000 5.838972092 1.260720372 -0.001108646 0.116550140 -0.778710365 0.021753617 0.616078794
6061.000000 5.807285309 1.247448206 -0.008268833 0.113442346 -0.764315963 0.026099196 0.634248257
6062.000000 5.819050312 1.248939872 0.002078056 0.114319190 -0.764738142 0.025032023 0.633624613
6063.000000 5.825453758 1.282172680 -0.024678707 0.110765763 -0.746508479 0.036902126 0.655052960
6064.000000 5.677842140 1.236647248 -0.038304329 0.119549982 -0.744769514 0.024364689 0.656073630
6065.000000 5.752909184 1.327166200 -0.031637669 0.129411221 -0.724306822 0.022299672 0.676856816
6066.000000 5.658810139 1.236441255 -0.039589405 0.118564941 -0.725686252 0.026158731 0.677227974
6067.000000 5.631238461 1.230060697 -0.023953438 0.119412534 -0.706868470 0.029314974 0.696576178
6068.000000 5.598163605 1.182493210 -0.013947010 0.118512355 -0.707625329 0.025482740 0.696112037
6069.000000 5.745855808 1.241893888 0.033117771 0.113298543 -0.694823503 0.038537949 0.709153414
6070.000000 5.754131317 1.243187666 0.036680698 0.113210097 -0.695078790 0.038660955 0.708910584
6071.000000 5.751570702 1.257553339 0.034204006 0.112573117 -0.682046235 0.045737755 0.721143723
6072.000000 5.740713120 1.234574795 0.042810440 0.113396615 -0.682385504 0.042714734 0.720879197
6073.000000 5.756304741 1.272203803 0.028509617 0.114801280 -0.666223884 0.048038390 0.735295057
6074.000000 5.749366283 1.291259646 0.005242348 0.120648898 -0.663437963 0.044626523 0.737090588
6075.000000 5.722064018 1.265514374 0.042044163 0.116986282 -0.651853442 0.053023644 0.747388721
6076.000000 5.727600574 1.287889719 0.012489796 0.122123562 -0.648767710 0.050422151 0.749429107
6077.000000 5.731096268 1.282289028 0.023466110 0.120567963 -0.635387659 0.056401934 0.760634482
6078.000000 5.743534565 1.271644950 0.062396526 0.116295911 -0.638887703 0.058876608 0.758176208
6079.000000 5.708971977 1.266674399 0.048920631 0.119282022 -0.626097918 0.055050235 0.768597901
6080.000000 5.719911575 1.246848464 0.045306206 0.117633499 -0.626524270 0.054482557 0.768545032
6081.000000 5.699497700 1.278601050 0.092862606 0.116399586 -0.619601130 0.057152521 0.774131238
6082.000000 5.702493191 1.280081153 0.093748569 0.116630085 -0.619611979 0.057003360 0.774098933
6083.000000 5.699810028 1.284038782 0.096338272 0.114884593 -0.609457076 0.057153556 0.782366455
6084.000000 5.702715874 1.286773801 0.100633621 0.115575664 -0.609694302 0.056928802 0.782096148
6085.000000 5.684351921 1.281177044 0.101804256 0.112431511 -0.600449681 0.057753507 0.789609969
6086.000000 5.687282562 1.282694101 0.103886604 0.112701081 -0.600503445 0.057656337 0.789537787
6087.000000 5.681106567 1.275047421 0.105029345 0.109788708 -0.592533767 0.055749424 0.796079338
6088.000000 5.682384014 1.277215242 0.106400728 0.110375740 -0.592529476 0.055551108 0.796015143
6089.000000 5.676366329 1.279192448 0.106034517 0.108664796 -0.584201097 0.053332642 0.802531481
6090.000000 5.679016590 1.279946804 0.106719255 0.108982518 -0.584169209 0.053126197 0.802525282
6091.000000 5.665048599 1.282341838 0.106572866 0.108216025 -0.575162351 0.054216184 0.809035361
6092.000000 5.667747974 1.285402536 0.109650135 0.108522855 -0.575291336 0.054275289 0.808898568
6093.000000 5.665694237 1.270164967 0.045595646 0.107753828 -0.560785770 0.054353539 0.819117904
6094.000000 5.668799400 1.272305608 0.046795130 0.107968412 -0.560799241 0.054361481 0.819079936
6095.000000 5.663994789 1.272310615 0.043982983 0.107483596 -0.551766336 0.055326886 0.825191021
6096.000000 5.659561157 1.270302296 0.048912287 0.108205490 -0.552055120 0.054803848 0.824938416
6097.000000 5.659449577 1.267921567 0.047031164 0.108594559 -0.546611011 0.052987453 0.828622997
6098.000000 5.653399944 1.264367342 0.042047977 0.107806042 -0.541045964 0.050732631 0.832510293
6099.000000 5.635193348 1.262224078 0.047384739 0.108327255 -0.536565959 0.049427856 0.835415542
6100.000000 5.577322483 1.238715529 0.065174818 0.106098808 -0.533839166 0.051204968 0.837339163
6101.000000 5.556813717 1.234557986 0.063956976 0.106546625 -0.526516080 0.057589632 0.841493964
6102.000000 5.559436321 1.232820034 0.077824593 0.107286245 -0.527319193 0.056942113 0.840940952
6103.000000 5.551312447 1.220730782 0.070269108 0.102645405 -0.524274945 0.060409982 0.843178749
6104.000000 5.552482128 1.221536279 0.069802761 0.102653310 -0.524219036 0.060427319 0.843211234
6105.000000 5.542229652 1.209850192 0.064700842 0.101958960 -0.523010612 0.057132430 0.844274938
6106.000000 5.541561127 1.209590554 0.064786673 0.102029800 -0.523030937 0.057078909 0.844257474
6107.000000 5.522746563 1.208885550 0.052972078 0.102599062 -0.521269798 0.055013418 0.845414042
6108.000000 5.522677422 1.208791614 0.053341150 0.102786906 -0.521291077 0.054859992 0.845388055
6109.000000 5.513628483 1.209137559 0.047297716 0.102429271 -0.521336913 0.055454366 0.845364332
6110.000000 5.511954308 1.209189296 0.049705029 0.102153905 -0.521604955 0.055858944 0.845205784
6111.000000 5.499755383 1.225524545 0.046560764 0.105596110 -0.520466924 0.057635296 0.845364928
6112.000000 5.499631882 1.224567294 0.047230482 0.105507582 -0.520524681 0.057602786 0.845342636
6113.000000 5.503604412 1.228577495 0.047189474 0.107440166 -0.519125938 0.059162367 0.845851541
6114.000000 5.507161617 1.241216779 0.032263041 0.108510017 -0.512858868 0.057441875 0.849648058
6115.000000 5.507134438 1.242190361 0.031190634 0.108493455 -0.512774110 0.057580847 0.849691927
6116.000000 5.503027916 1.234705091 0.020946980 0.106744885 -0.508758485 0.058374271 0.852269232
6117.000000 5.505572796 1.237184167 0.021360636 0.106871381 -0.508762717 0.058534890 0.852239847
6118.000000 5.500850677 1.224716663 0.019626379 0.104217388 -0.507222652 0.059371416 0.853427827
6119.000000 5.498470783 1.226452470 0.022351503 0.104361974 -0.507388055 0.059550930 0.853299320
6120.000000 5.493619919 1.236616731 0.027427673 0.101903297 -0.507475257 0.059431352 0.853552878
6121.000000 5.495335102 1.237386942 0.027867556 0.102129109 -0.507455587 0.059343599 0.853543699
6122.000000 5.495192528 1.185194254 0.022277355 0.098728046 -0.506163359 0.053918134 0.855069816
6123.000000 5.494342327 1.186544895 0.024554491 0.099084951 -0.506279647 0.053861018 0.854963303
6124.000000 5.478230000 1.223713398 0.013016462 0.102058746 -0.503591180 0.052209925 0.856302559
6125.000000 5.481426239 1.229016185 0.013542891 0.102908634 -0.503508210 0.052114993 0.856255472
6126.000000 5.463299751 1.209661841 0.009058475 0.096732773 -0.504916310 0.050774693 0.856226802
6127.000000 5.463250160 1.211415529 0.009459019 0.096875541 -0.504938364 0.050897919 0.856190324
6128.000000 5.444744587 1.203974128 0.011969090 0.093780711 -0.509285927 0.050235722 0.853996158
6129.000000 5.443667889 1.202558398 0.011751413 0.093896791 -0.509327769 0.049974002 0.853973746
6130.000000 5.429363728 1.214588761 0.055795908 0.096418969 -0.517335713 0.048278891 0.848961890
6131.000000 5.425855637 1.214514613 0.057260513 0.096509404 -0.517541766 0.048241802 0.848828137
6132.000000 5.381520271 1.210700393 0.096470118 0.098686852 -0.527568638 0.044964593 0.842561841
6133.000000 5.380458832 1.210289240 0.097414732 0.098742157 -0.527740121 0.044889461 0.842451870
6134.000000 5.400055885 1.187518120 0.020386219 0.091028705 -0.534354746 0.045297228 0.839122713
6135.000000 5.397708416 1.185875654 0.019558907 0.091057591 -0.534462154 0.045081977 0.839062810
6136.000000 5.385501862 1.180544853 0.014381886 0.091504075 -0.545155942 0.042047020 0.832264483
6137.000000 5.376729488 1.179944873 0.018969297 0.091445997 -0.545634389 0.042242881 0.831947327
6138.000000 5.367813110 1.184410214 0.008034468 0.093085632 -0.555065989 0.040462799 0.825590432
6139.000000 5.365243912 1.184664726 0.007549286 0.093451805 -0.555071652 0.040256936 0.825555384
6140.000000 5.342336178 1.173830509 0.008955002 0.092739679 -0.565135717 0.043056451 0.818637371
6141.000000 5.337566376 1.169271827 0.006829023 0.092536382 -0.565066338 0.042814802 0.818720996
6142.000000 5.334868431 1.172848701 0.010220051 0.092439540 -0.571946084 0.046314988 0.813749135
6143.000000 5.327627182 1.162122846 0.005566597 0.091372199 -0.579538047 0.048406847 0.808358550
6144.000000 5.304533958 1.162658095 0.012707710 0.096147560 -0.599263072 0.049162991 0.793235421
6145.000000 5.288610458 1.165439010 0.008949280 0.097587645 -0.599044204 0.048781902 0.793248415
6146.000000 5.298124790 1.187332630 0.015985012 0.105529450 -0.618043959 0.044328868 0.777766109
6147.000000 5.297960281 1.197205424 0.049533367 0.104868360 -0.636729777 0.035430096 0.763100624
6148.000000 5.300169468 1.185183525 0.017019272 0.102991059 -0.634876847 0.035468969 0.764896214
6149.000000 5.261264801 1.204325199 0.028427601 0.108722471 -0.647069216 0.030875966 0.754007757
6150.000000 5.265412807 1.198990703 0.009602547 0.107764594 -0.646067202 0.030892292 0.755003154
6151.000000 5.256202221 1.193228602 -0.001405716 0.109425455 -0.654641926 0.029235190 0.747405767
6152.000000 5.253714561 1.191418529 -0.002970695 0.109418377 -0.654604375 0.029080655 0.747445762
6153.000000 5.258538723 1.204431772 0.013046265 0.109319948 -0.664060295 0.032093715 0.738947272
6154.000000 5.245389462 1.197367430 -0.009574890 0.109188788 -0.662725449 0.031609651 0.740184844
6155.000000 5.255861282 1.201726198 -0.002158165 0.108075723 -0.673976302 0.028880978 0.730233848
6156.000000 5.251342773 1.200121045 -0.002673626 0.108099729 -0.674025416 0.028808082 0.730187833
6157.000000 5.233310699 1.205021262 -0.007128239 0.108103991 -0.679066479 0.026574049 0.725586712
6158.000000 5.237547874 1.195255280 -0.025068283 0.104105256 -0.696409225 0.023348510 0.709669769
6159.000000 5.224171162 1.207126141 -0.020972252 0.106215723 -0.696461439 0.023135852 0.709312618
6160.000000 5.218651772 1.206104755 -0.019890308 0.106300674 -0.696577072 0.022991581 0.709191084
6161.000000 5.224093914 1.191968799 -0.032793045 0.104836971 -0.706250250 0.023769550 0.699753463
6162.000000 5.219603062 1.189579606 -0.034727097 0.104588285 -0.706211329 0.023664709 0.699833453
6163.000000 5.224020004 1.192989230 -0.033168316 0.105682790 -0.715854526 0.023456696 0.689806759
6164.000000 5.216639042 1.191453576 -0.036081314 0.105552144 -0.715801001 0.023511166 0.689880371
6165.000000 5.211624146 1.190099597 -0.042656898 0.107721411 -0.722706914 0.018667297 0.682453215
6166.000000 5.206813335 1.188863397 -0.043454647 0.107684471 -0.722737491 0.018618846 0.682427943
6167.000000 5.197612762 1.185685873 -0.047764778 0.108649142 -0.726061940 0.016629949 0.678787887
6168.000000 5.187429428 1.182897329 -0.058570385 0.109875478 -0.731457353 0.016659444 0.672770441
6169.000000 5.183728695 1.182235003 -0.059116364 0.109768055 -0.731507123 0.016795557 0.672730446
6170.000000 5.178159714 1.184328556 -0.060016155 0.110178076 -0.734663785 0.018069273 0.669181287
6171.000000 5.171487808 1.178711534 -0.068732738 0.111939676 -0.739566684 0.016347023 0.663508415
6172.000000 5.167896271 1.178579211 -0.069883823 0.111820824 -0.739543855 0.016573703 0.663548350
6173.000000 5.148312092 1.174748898 -0.081608295 0.116373576 -0.744247377 0.016272148 0.657486320
6174.000000 5.145559311 1.174868703 -0.082437515 0.116300404 -0.744226873 0.016519342 0.657516360
6175.000000 5.130184174 1.170179367 -0.093557835 0.119651079 -0.745074570 0.017324321 0.655932546
6176.000000 5.129056454 1.170410633 -0.093700886 0.119503729 -0.745084345 0.017532503 0.655942798
6177.000000 5.115735054 1.167051673 -0.103540897 0.115751013 -0.748692036 0.017836133 0.652490497
6178.000000 5.112330914 1.166978598 -0.104022980 0.115792878 -0.748659551 0.018002180 0.652515829
6179.000000 5.101296902 1.165341020 -0.108637333 0.120951623 -0.750745714 0.023036353 0.649015367
6180.000000 5.101582050 1.165492058 -0.108211517 0.120944016 -0.750750542 0.023090562 0.649009347
6181.000000 5.091845512 1.164712310 -0.113234043 0.120966792 -0.752889097 0.019290853 0.646647513
6182.000000 5.090868473 1.163271070 -0.113740921 0.121175572 -0.752790749 0.018978462 0.646732152
6183.000000 5.077093601 1.158703089 -0.124038219 0.120489873 -0.755320668 0.016786696 0.643965244
6184.000000 5.074929237 1.156782269 -0.125068188 0.120583922 -0.755201757 0.016486701 0.644094765
6185.000000 5.043513775 1.161242127 -0.134837627 0.121258035 -0.754499257 0.017947840 0.644752085
6186.000000 5.043873787 1.161520243 -0.133887768 0.121254213 -0.754583240 0.018008465 0.644652903
6187.000000 5.027184963 1.155484080 -0.145260334 0.121962644 -0.749728739 0.022553137 0.650018036
6188.000000 5.028906822 1.155909896 -0.144494534 0.121947847 -0.749760985 0.022611998 0.649981439
6189.000000 5.017525196 1.154128194 -0.148578167 0.120884396 -0.744716287 0.027781876 0.655753613
6190.000000 5.020775318 1.153432727 -0.148580551 0.121129759 -0.744612455 0.027456878 0.655839980
6191.000000 5.010929585 1.153252125 -0.148302078 0.117284223 -0.739648402 0.029631440 0.662032306
6192.000000 5.012789726 1.153424978 -0.147436619 0.117374539 -0.739701629 0.029527130 0.661961436
6193.000000 5.000325680 1.151049018 -0.150669575 0.115352221 -0.734575331 0.024974970 0.668183625
6194.000000 5.001707077 1.149815321 -0.150456429 0.115663543 -0.734571278 0.024419483 0.668154716
6195.000000 4.985053062 1.147542715 -0.154619217 0.114143007 -0.730414450 0.022431182 0.673025250
6196.000000 4.985727787 1.147780180 -0.154966354 0.114154302 -0.730382144 0.022443227 0.673058093
6197.000000 4.969305038 1.138791919 -0.159856319 0.116761692 -0.721940041 0.018523926 0.681781650
6198.000000 4.973890305 1.139792323 -0.157160282 0.116881803 -0.722121298 0.018491695 0.681569993
6199.000000 4.962397099 1.145724297 -0.153543949 0.113638893 -0.714564621 0.021510689 0.689942658
6200.000000 4.963730335 1.145276546 -0.153047562 0.113756053 -0.714570940 0.021281656 0.689923942
6201.000000 4.937850475 1.139873624 -0.159016132 0.112293966 -0.705809176 0.026519358 0.698942184
6202.000000 4.941182613 1.141706944 -0.158308983 0.112070687 -0.705869496 0.026907841 0.698902309
6203.000000 4.920596600 1.138686180 -0.159090042 0.109725103 -0.698225915 0.031675946 0.706709027
6204.000000 4.923721313 1.139262915 -0.157685280 0.109743148 -0.698332012 0.031649500 0.706602633
6205.000000 4.926435471 1.136365891 -0.155411243 0.109546140 -0.694669008 0.032355320 0.710202634
6206.000000 4.903683186 1.137593627 -0.145433903 0.110646531 -0.687778771 0.034859408 0.716590941
6207.000000 4.905972958 1.138386607 -0.143653393 0.110683553 -0.687892377 0.034811616 0.716478527
6208.000000 4.883929253 1.144532204 -0.138854504 0.112944834 -0.680617690 0.037515882 0.722907782
6209.000000 4.885017395 1.144603372 -0.138339520 0.112969905 -0.680650592 0.037543070 0.722871482
6210.000000 4.872277260 1.144275904 -0.141607285 0.110980071 -0.675396681 0.040871609 0.727909505
6211.000000 4.874260426 1.144449234 -0.142138481 0.110972367 -0.675374091 0.040799908 0.727935731
6212.000000 4.871911049 1.135872245 -0.138589382 0.110178106 -0.674480438 0.038139865 0.729028404
6213.000000 4.859990120 1.130617857 -0.135419369 0.108709238 -0.673113048 0.035875686 0.730625927
6214.000000 4.848251343 1.126980424 -0.126621246 0.107945994 -0.671508670 0.033746663 0.732314765
6215.000000 4.814211369 1.120983243 -0.119609356 0.106540203 -0.665391624 0.036113787 0.737969577
6216.000000 4.816894531 1.121814132 -0.120625496 0.106590755 -0.665292561 0.036138598 0.738050342
6217.000000 4.805594444 1.111695290 -0.115670681 0.104735821 -0.657362998 0.040696342 0.745149791
6218.000000 4.802475452 1.112759948 -0.121767044 0.104634240 -0.657002330 0.040892508 0.745471299
6219.000000 4.779981136 1.114840627 -0.106290817 0.106320687 -0.650440335 0.045115773 0.750724912
6220.000000 4.781698704 1.113957047 -0.105704784 0.106284581 -0.650491774 0.045009814 0.750691712
6221.000000 4.770740986 1.109465003 -0.102363586 0.105879694 -0.644562483 0.044684522 0.755865157
6222.000000 4.774310112 1.109619737 -0.102486610 0.106150381 -0.644527435 0.044458617 0.755870342
6223.000000 4.751416206 1.107259154 -0.096263885 0.105406307 -0.640346467 0.041283853 0.759698391
6224.000000 4.755127430 1.108099461 -0.096624374 0.105538704 -0.640279114 0.041257299 0.759738147
6225.000000 4.730877876 1.103392959 -0.087680817 0.109749451 -0.633297741 0.043407120 0.764856160
6226.000000 4.733024597 1.103658080 -0.087802887 0.109680705 -0.633282542 0.043460846 0.764875531
6227.000000 4.719987869 1.098290443 -0.088162899 0.107703224 -0.626924336 0.048072200 0.770100594
6228.000000 4.722719193 1.098695755 -0.088709593 0.107657105 -0.626890481 0.048134651 0.770130754
6229.000000 4.714677811 1.112056255 -0.099977016 0.105385982 -0.625823319 0.051615208 0.771086812
6230.000000 4.714942932 1.111150026 -0.099950314 0.105220042 -0.625870764 0.051605009 0.771071672
6231.000000 4.695416927 1.087683320 -0.073836088 0.102973327 -0.632181108 0.047341626 0.766487062
6232.000000 4.701973915 1.083217621 -0.083194017 0.100498214 -0.631828129 0.048687261 0.767022133
6233.000000 4.696465015 1.083747983 -0.083974361 0.100798450 -0.637210131 0.043867789 0.762809634
6234.000000 4.696825027 1.084520221 -0.085600138 0.101153225 -0.637086809 0.043646798 0.762878299
6235.000000 4.682940483 1.078091145 -0.087230682 0.098733403 -0.644161880 0.039954942 0.757437050
6236.000000 4.680877209 1.079169631 -0.086428165 0.099234402 -0.644217074 0.039802395 0.757332623
6237.000000 4.669342518 1.074986815 -0.086946011 0.098297790 -0.649311066 0.038832024 0.753143251
6238.000000 4.655222893 1.088874102 -0.081897259 0.102354452 -0.653490067 0.038371537 0.749000669
6239.000000 4.649123192 1.101299047 -0.098283768 0.103834182 -0.658919394 0.041038819 0.743881404
6240.000000 4.647387981 1.099959493 -0.096781731 0.103836000 -0.659141898 0.040975701 0.743687570
6241.000000 4.641689777 1.084333301 -0.101492405 0.097327210 -0.667711318 0.036247797 0.737139821
6242.000000 4.638018131 1.081525087 -0.104219437 0.097650021 -0.667635262 0.035730783 0.737191379
6243.000000 4.619457245 1.081381321 -0.096962929 0.097992837 -0.680059254 0.038089383 0.725579858
6244.000000 4.614576340 1.080416918 -0.097806454 0.097826749 -0.680207133 0.038347319 0.725449979
6245.000000 4.596347332 1.109817982 -0.209615231 0.107910827 -0.684141338 0.027918046 0.720781922
6246.000000 4.544996738 1.108883500 -0.110971451 0.108260036 -0.698383927 0.027243923 0.706963599
6247.000000 4.586575508 1.088456869 -0.111430168 0.105888896 -0.698667228 0.025515076 0.707107306
6248.000000 4.592200279 1.091785908 -0.106472015 0.106685810 -0.699033737 0.025096247 0.706640065
6249.000000 4.556953907 1.101186752 -0.119451046 0.107793793 -0.697778881 0.026325133 0.707666695
6250.000000 4.576885223 1.093319654 -0.086559772 0.108124495 -0.699859381 0.024459459 0.705625772
6251.000000 4.575729847 1.093663216 -0.086566448 0.108120345 -0.699879706 0.024517445 0.705604196
6252.000000 4.574625969 1.094108105 -0.090545177 0.108337797 -0.699520350 0.024339540 0.705933332
6253.000000 4.587387085 1.100757360 -0.117997169 0.106905945 -0.697806597 0.026335230 0.707773745
6254.000000 4.583995342 1.092726350 -0.114475727 0.106739685 -0.698381126 0.025349850 0.707267880
6255.000000 4.578833103 1.094233036 -0.114949226 0.107049778 -0.698329508 0.025385395 0.707270801
6256.000000 4.572408676 1.092910051 -0.118425846 0.107534207 -0.700026155 0.024217816 0.705558836
6257.000000 4.557840824 1.092171907 -0.122762203 0.107745364 -0.701457143 0.023812396 0.704117835
6258.000000 4.552048206 1.081072211 -0.130078793 0.105518654 -0.710275948 0.027765503 0.695415795
6259.000000 4.547375202 1.082622647 -0.132492542 0.105551779 -0.710158825 0.028077235 0.695517838
6260.000000 4.529000282 1.074665546 -0.134690762 0.106719278 -0.715527833 0.026061578 0.689892650
6261.000000 4.508877277 1.072599292 -0.145077229 0.116435654 -0.721645951 0.023872245 0.681982517
6262.000000 4.507112503 1.070924520 -0.147631645 0.116355233 -0.721512914 0.023720441 0.682142198
6263.000000 4.493078232 1.075556874 -0.151058197 0.119508311 -0.726253629 0.028542342 0.676357031
6264.000000 4.490207672 1.074567795 -0.152157307 0.119217888 -0.726259947 0.028724197 0.676393747
6265.000000 4.498828411 1.076598883 -0.150065422 0.121204391 -0.731624722 0.027657557 0.670276046
6266.000000 4.493032455 1.071563363 -0.154026508 0.121280797 -0.731349230 0.026900418 0.670593500
6267.000000 4.486175537 1.073891878 -0.153697491 0.119877785 -0.733937800 0.026552375 0.668026745
6268.000000 4.479735374 1.072370529 -0.161626816 0.119132750 -0.736609936 0.026538232 0.665213466
6269.000000 4.471755505 1.073800564 -0.165745258 0.118050590 -0.739610732 0.027907003 0.662013054
6270.000000 4.463595390 1.067372680 -0.162365437 0.117114730 -0.742328703 0.027549518 0.659145892
6271.000000 4.459816933 1.069717288 -0.165963650 0.115409657 -0.746440947 0.026902242 0.654815197
6272.000000 4.459093094 1.068578005 -0.171307087 0.115511373 -0.746066391 0.026565636 0.655237734
6273.000000 4.460720539 1.068019032 -0.169491291 0.115749687 -0.748950660 0.025027594 0.651957572
6274.000000 4.458733082 1.068909407 -0.166507244 0.115566663 -0.752077222 0.024264643 0.648409963
6275.000000 4.451030731 1.070182800 -0.166919708 0.113848016 -0.755469501 0.023054421 0.644804657
6276.000000 4.447374344 1.064190984 -0.182695866 0.111844406 -0.757932007 0.020397536 0.642350316
6277.000000 4.442265034 1.064796686 -0.184843063 0.109698333 -0.764537752 0.016314277 0.634966373
6278.000000 4.438422680 1.062524915 -0.188725948 0.109939255 -0.764250636 0.015786545 0.635283589
6279.000000 4.434490204 1.059698343 -0.191361904 0.108947918 -0.766968429 0.013997022 0.632213473
6280.000000 4.431120872 1.060057878 -0.192333698 0.108389542 -0.768954754 0.013024099 0.629913270
6281.000000 4.425203323 1.063340187 -0.199254990 0.107303657 -0.770282865 0.013430611 0.628466308
6282.000000 4.421488762 1.067323804 -0.195809364 0.104445063 -0.774568677 0.013724434 0.623655617
6283.000000 4.419393539 1.065750718 -0.198317051 0.104625732 -0.774360776 0.013292179 0.623892903
6284.000000 4.413126469 1.062770724 -0.199757099 0.104823761 -0.776038110 0.008338626 0.621857941
6285.000000 4.412746429 1.062915802 -0.200273991 0.104868457 -0.775961041 0.008349320 0.621946514
6286.000000 4.401109695 1.063439727 -0.203040600 0.103434563 -0.776976228 0.007787521 0.620925605
6287.000000 4.398525715 1.057863593 -0.203013897 0.103614986 -0.776687324 0.006636957 0.621270299
6288.000000 4.391944885 1.056859255 -0.204794884 0.102113135 -0.777604640 0.008305821 0.620350778
6289.000000 4.385413647 1.054934382 -0.199329376 0.102112904 -0.779224038 0.007716339 0.618323088
6290.000000 4.385603428 1.055485010 -0.198944569 0.102060780 -0.779242277 0.007911041 0.618306160
6291.000000 4.370015144 1.049078465 -0.203665257 0.103489198 -0.779149354 0.006351789 0.618203700
6292.000000 4.348099709 1.040489554 -0.204886436 0.106385328 -0.776402891 0.010672441 0.621101379
6293.000000 4.349094391 1.040934324 -0.203901291 0.106345177 -0.776488662 0.010814403 0.620998442
6294.000000 4.350601196 1.041912913 -0.202221870 0.106274843 -0.776615739 0.011078170 0.620847046
6295.000000 4.332963467 1.039386034 -0.204843521 0.106960617 -0.775104582 0.016805811 0.622486949
6296.000000 4.334156990 1.040077329 -0.203528404 0.106960438 -0.775215864 0.016917141 0.622345328
6297.000000 4.327026844 1.035163760 -0.195947647 0.110088527 -0.774744511 0.020885518 0.622266293
6298.000000 4.327227116 1.035793781 -0.196276188 0.109991446 -0.774741471 0.021101499 0.622279942
6299.000000 4.314853191 1.030508518 -0.195028305 0.111127712 -0.773497522 0.021071229 0.623624980
6300.000000 4.306861401 1.031873584 -0.201867580 0.110636920 -0.773276389 0.022090791 0.623951256
6301.000000 4.296415806 1.029736161 -0.196102142 0.111241482 -0.772357464 0.023959171 0.624912262
6302.000000 4.297358036 1.030054569 -0.195105553 0.111281432 -0.772422254 0.023949195 0.624825418
6303.000000 4.285672188 1.029417396 -0.192467213 0.111683674 -0.771967769 0.024478536 0.625294685
6304.000000 4.284968376 1.029530764 -0.193304062 0.111742973 -0.771908581 0.024566375 0.625353754
6305.000000 4.283965111 1.026879072 -0.186426640 0.112860218 -0.772239089 0.024607657 0.624742985
6306.000000 4.270897388 1.020007610 -0.183037281 0.114138640 -0.770667315 0.022242742 0.626537859
6307.000000 4.271906853 1.022971988 -0.185034752 0.114166312 -0.770523071 0.022489648 0.626701355
6308.000000 4.265591621 1.021754742 -0.186587334 0.114121169 -0.769067109 0.022443488 0.628497005
6309.000000 4.258262634 1.017064929 -0.181304455 0.112752259 -0.766114652 0.023428779 0.632302463
6310.000000 4.258477688 1.016810894 -0.180943966 0.113182969 -0.766059518 0.023024920 0.632307172
6311.000000 4.255115509 1.012581348 -0.178626537 0.113890909 -0.763230681 0.023152668 0.635587871
6312.000000 4.251149654 1.015009403 -0.180880070 0.115699030 -0.759108841 0.024679800 0.640123785
6313.000000 4.249131203 1.015872717 -0.182808876 0.116430037 -0.754792452 0.026460132 0.645005643
6314.000000 4.244153976 1.015439987 -0.172248840 0.113391235 -0.749708831 0.029899530 0.651295006
6315.000000 4.248809338 1.014747858 -0.170818329 0.113431677 -0.749807835 0.029593758 0.651187897
6316.000000 4.227757454 1.006870031 -0.176816940 0.113114059 -0.742553711 0.029722199 0.659496605
6317.000000 4.230784416 1.010129929 -0.176183224 0.113462858 -0.742566109 0.029758764 0.659421146
6318.000000 4.217849255 1.007628798 -0.170047760 0.111860082 -0.734092891 0.033797376 0.668919146
6319.000000 4.223389149 1.013752222 -0.182245255 0.112023138 -0.733248711 0.034442194 0.669784248
6320.000000 4.214046478 1.009458303 -0.166141510 0.109399460 -0.726047873 0.038433615 0.677797258
6321.000000 4.219087601 1.012509823 -0.163520336 0.109354585 -0.726250947 0.038843714 0.677563488
6322.000000 4.198881149 1.012062788 -0.161240578 0.108360387 -0.718105614 0.037757337 0.686408579
6323.000000 4.204549313 1.017174363 -0.158327579 0.108729072 -0.718278110 0.037973981 0.686157823
6324.000000 4.189084530 1.001354575 -0.154601574 0.106971085 -0.712836623 0.037730597 0.692096531
6325.000000 4.188966751 1.001798630 -0.153125286 0.107021734 -0.712941110 0.037731949 0.691981018
6326.000000 4.174619198 1.000462055 -0.152085304 0.106478535 -0.707528234 0.036820620 0.697646260
6327.000000 4.173924923 0.996257484 -0.150084019 0.106884070 -0.707580984 0.036025643 0.697572351
6328.000000 4.159201622 0.998081326 -0.149580956 0.108107306 -0.702319622 0.039287157 0.702507317
6329.000000 4.160417080 0.998272061 -0.148511887 0.108070441 -0.702389538 0.039313570 0.702441633
6330.000000 4.146563530 0.999094546 -0.147082329 0.111617193 -0.695070207 0.040009387 0.709096789
6331.000000 4.148587227 0.997131586 -0.146230698 0.111140244 -0.695132911 0.040202338 0.709099352
6332.000000 4.136400223 0.995437264 -0.155339241 0.113736883 -0.683957219 0.040313814 0.719472885
6333.000000 4.139939308 0.996342301 -0.154973030 0.114012450 -0.683905184 0.040013354 0.719495535
6334.000000 4.129070282 0.999876797 -0.151437283 0.114410788 -0.678218603 0.042348810 0.724662960
6335.000000 4.126326084 0.990727365 -0.154304028 0.113928348 -0.672098219 0.044730261 0.730276406
6336.000000 4.103758335 0.998883903 -0.150264025 0.113383636 -0.662227809 0.052172422 0.738834620
6337.000000 4.107559681 0.999636471 -0.150374889 0.113249466 -0.662240624 0.052261617 0.738837421
6338.000000 4.086762428 0.992125690 -0.146913767 0.111853078 -0.655064642 0.054210685 0.745278776
6339.000000 4.089563847 0.992971778 -0.147901058 0.111820519 -0.655000448 0.054223321 0.745339215
6340.000000 4.076709270 0.981670022 -0.148697615 0.113368161 -0.647834659 0.051995277 0.751501501
6341.000000 4.078689575 0.983428121 -0.149140120 0.113594741 -0.647737503 0.051989794 0.751551449
6342.000000 4.065269470 0.980809748 -0.153898478 0.115686432 -0.638498724 0.050969023 0.759169459
6343.000000 4.066757202 0.982312381 -0.153578281 0.115850218 -0.638471186 0.050966572 0.759167850
6344.000000 4.048444271 0.985314488 -0.155874968 0.117481105 -0.627982020 0.056931857 0.767199934
6345.000000 4.047560692 0.985312641 -0.152898073 0.117386855 -0.628211915 0.057063200 0.767016292
6346.000000 4.037419319 0.974853456 -0.157901287 0.115835160 -0.617441535 0.061238602 0.775627494
6347.000000 4.044393539 0.975752115 -0.158375025 0.115756065 -0.617340147 0.061165594 0.775725782
6348.000000 4.024897099 0.972853124 -0.160461426 0.115831465 -0.606971443 0.064435259 0.783592284
6349.000000 4.026367664 0.973678291 -0.159943342 0.115829647 -0.606993854 0.064476557 0.783571780
6350.000000 4.010177612 0.967616677 -0.154508114 0.115839534 -0.599888921 0.066807948 0.788828969
6351.000000 4.010627270 0.969082117 -0.153279543 0.115983672 -0.599960804 0.066912413 0.788744330
6352.000000 4.005032539 0.965658426 -0.159811497 0.115402892 -0.592058182 0.067506276 0.794727802
6353.000000 4.000811577 0.966625512 -0.158095598 0.115783095 -0.592056572 0.067594282 0.794666231
6354.000000 3.995107889 0.965702415 -0.165451050 0.115192674 -0.580667555 0.066032469 0.803240657
6355.000000 3.997112274 0.965507984 -0.163813353 0.115445249 -0.580738783 0.065702207 0.803179979
6356.000000 3.985215902 0.964090824 -0.160192013 0.112824924 -0.569718122 0.066452742 0.811342001
6357.000000 3.984443665 0.963935733 -0.157860041 0.112888433 -0.569849133 0.066481307 0.811238885
6358.000000 3.978694439 0.953195333 -0.157230377 0.107794657 -0.564135194 0.068614654 0.815735221
6359.000000 3.977975130 0.958528817 -0.154398918 0.108875476 -0.564188480 0.068586357 0.815557182
6360.000000 3.974190712 0.954057276 -0.157056093 0.106717385 -0.561534166 0.067411624 0.817769229
6361.000000 3.963740826 0.951082647 -0.156630278 0.102881044 -0.558596432 0.065295666 0.820440114
6362.000000 3.963294029 0.950680375 -0.155436516 0.102900527 -0.558700681 0.065214537 0.820373118
6363.000000 3.953663588 0.952315331 -0.161720037 0.101061054 -0.552078962 0.063106187 0.825235248
6364.000000 3.951008797 0.957147837 -0.154907227 0.101834632 -0.552573681 0.063307576 0.824793458
6365.000000 3.945717335 0.957770586 -0.156176567 0.100625746 -0.548213422 0.064182624 0.827778399
6366.000000 3.937335014 0.956354141 -0.149839640 0.099830061 -0.544660032 0.065837614 0.830087245
6367.000000 3.924314022 0.949018240 -0.152164459 0.096531764 -0.536633492 0.070275962 0.835324824
6368.000000 3.923904657 0.950632274 -0.150669575 0.096778780 -0.536708891 0.070273153 0.835248053
6369.000000 3.905861616 0.941397727 -0.148829222 0.090984821 -0.530455232 0.073961273 0.839564621
6370.000000 3.901110172 0.947460234 -0.145415306 0.092802629 -0.530453920 0.073721692 0.839387536
6371.000000 3.906135798 0.941353559 -0.147523642 0.090904377 -0.530524909 0.073996231 0.839526296
6372.000000 3.891036034 0.939068675 -0.147564173 0.091605440 -0.523884535 0.070722893 0.843890846
6373.000000 3.893031597 0.939484715 -0.149535418 0.091908030 -0.523779273 0.070239656 0.843963683
6374.000000 3.873766661 0.931568146 -0.148062944 0.088947229 -0.520557940 0.069668807 0.846318007
6375.000000 3.874795437 0.934035897 -0.143227100 0.089273863 -0.521021605 0.069752388 0.845991373
6376.000000 3.855185747 0.930867434 -0.146257639 0.089124084 -0.519181192 0.072543636 0.846903384
6377.000000 3.857026577 0.926656961 -0.144304991 0.088585302 -0.519509912 0.072287261 0.846780241
6378.000000 3.837653160 0.929112017 -0.138718367 0.090198740 -0.517329097 0.075391188 0.847673893
6379.000000 3.840855122 0.928336620 -0.141329408 0.089804925 -0.517156780 0.075404704 0.847819686
6380.000000 3.817777157 0.926809192 -0.132977962 0.091727659 -0.514481306 0.077222921 0.849076986
6381.000000 3.818428993 0.925401092 -0.133967400 0.091469198 -0.514409661 0.077168249 0.849153221
6382.000000 3.809261799 0.924529731 -0.129712820 0.091710471 -0.513670027 0.076831937 0.849605381
6383.000000 3.801333904 0.920691967 -0.132157326 0.091211125 -0.512485027 0.076235682 0.850427985
6384.000000 3.781670094 0.918253839 -0.131706834 0.091084629 -0.511184454 0.075019687 0.851332009
6385.000000 3.780896902 0.917088330 -0.131637335 0.090985477 -0.511211932 0.074915625 0.851335227
6386.000000 3.770110130 0.914468288 -0.123773336 0.091532387 -0.510640919 0.074650802 0.851642489
6387.000000 3.773350000 0.912712216 -0.129545093 0.091322497 -0.510029554 0.074491382 0.852045298
6388.000000 3.751526356 0.915003598 -0.112362742 0.093122803 -0.509182870 0.074418984 0.852363110
6389.000000 3.754159927 0.911232829 -0.115414619 0.093165323 -0.508857846 0.073760159 0.852609694
6390.000000 3.747535229 0.902462125 -0.112590432 0.096334659 -0.508641362 0.070439100 0.852667511
6391.000000 3.750393391 0.903072059 -0.113597155 0.096760310 -0.508493721 0.069969326 0.852746069
6392.000000 3.740996599 0.894366920 -0.113063693 0.097100839 -0.511195064 0.068037242 0.851247311
6393.000000 3.733461618 0.872133613 -0.092343330 0.096857004 -0.524097860 0.064817481 0.843646169
6394.000000 3.734836102 0.871529877 -0.093319654 0.096705541 -0.524187505 0.064818621 0.843607783
6395.000000 3.721026182 0.870754480 -0.078929424 0.097734146 -0.543537855 0.059992455 0.831514001
6396.000000 3.716642380 0.868841887 -0.092095137 0.097293764 -0.542478740 0.060073067 0.832251132
6397.000000 3.714326382 0.877396584 -0.091552734 0.099270672 -0.559562027 0.051502373 0.821208417
6398.000000 3.711142540 0.874609172 -0.106582165 0.098182157 -0.558385134 0.051952451 0.822111487
6399.000000 3.693153381 0.870167613 -0.083813906 0.100419223 -0.573705912 0.051326975 0.811260283
6400.000000 3.691021442 0.877899230 -0.096436501 0.100294188 -0.572627723 0.052557144 0.811958313
6401.000000 3.688333035 0.867948472 -0.103072166 0.099815637 -0.578980923 0.054478358 0.807372332
6402.000000 3.697509766 0.873964012 -0.102863073 0.099151485 -0.592827976 0.057463296 0.797133565
6403.000000 3.691194534 0.876023114 -0.124949694 0.098546349 -0.590940297 0.058350682 0.798544586
6404.000000 3.684996367 0.861209393 -0.105627298 0.098527491 -0.608454049 0.054000344 0.785595417
6405.000000 3.675862789 0.867136002 -0.121401310 0.098565429 -0.607125401 0.055287126 0.786528468
6406.000000 3.683784962 0.867040038 -0.118553877 0.097822435 -0.624583542 0.050445512 0.773163259
6407.000000 3.675622702 0.869117022 -0.138158798 0.097748384 -0.622887492 0.051076509 0.774498343
6408.000000 3.657849312 0.862791359 -0.112769365 0.100039572 -0.642417490 0.048176065 0.758268356
6409.000000 3.652624369 0.872624397 -0.131202221 0.101235233 -0.640626371 0.048639461 0.759594381
6410.000000 3.663206100 0.873217583 -0.123156548 0.100751571 -0.656353712 0.045507137 0.746309698
6411.000000 3.649594307 0.891356409 -0.142952919 0.101933427 -0.654495418 0.047736343 0.747640669
6412.000000 3.643397093 0.893471241 -0.157976151 0.104037538 -0.665993333 0.046469636 0.737204015
6413.000000 3.637043476 0.889521480 -0.167305231 0.103589170 -0.665340066 0.046540830 0.737852275
6414.000000 3.632947206 0.888259709 -0.159668446 0.105184473 -0.673134029 0.043274913 0.730721653
6415.000000 3.631478310 0.890386701 -0.172334433 0.107125185 -0.678873181 0.038192127 0.725394309
6416.000000 3.616975307 0.904805839 -0.173894167 0.114189178 -0.685910463 0.030595481 0.718019187
6417.000000 3.615096807 0.905402064 -0.179878950 0.114143357 -0.685422897 0.030795172 0.718483388
6418.000000 3.604722023 0.904743135 -0.189021826 0.113510489 -0.694285393 0.033330072 0.709910095
6419.000000 3.603611946 0.902838945 -0.192825556 0.113130435 -0.694007337 0.033396326 0.710239410
6420.000000 3.607551336 0.887672901 -0.220340729 0.113831528 -0.696466804 0.026425960 0.708009899
6421.000000 3.606087208 0.891570866 -0.222214699 0.114448570 -0.696195841 0.026461879 0.708175600
6422.000000 3.580595493 0.906334579 -0.220471144 0.116723202 -0.698835194 0.028277148 0.705128133
6423.000000 3.577594519 0.909374237 -0.224057674 0.116583548 -0.698522329 0.029059812 0.705429256
6424.000000 3.576884508 0.905000567 -0.237155914 0.116158351 -0.699063361 0.032915778 0.704793751
6425.000000 3.583728313 0.896223962 -0.244697332 0.113409281 -0.700668335 0.034510761 0.703570426
6426.000000 3.579683065 0.889443517 -0.242094755 0.110899769 -0.703794122 0.034582525 0.700841784
6427.000000 3.568957329 0.880218387 -0.238239288 0.109252274 -0.710430264 0.031803399 0.694508076
6428.000000 3.568926573 0.878868222 -0.241787434 0.109158926 -0.710146606 0.031631175 0.694820642
6429.000000 3.568335533 0.872773826 -0.240551949 0.108096696 -0.718810439 0.022111092 0.686394870
6430.000000 3.567877054 0.871681571 -0.246070385 0.108213797 -0.718350589 0.021735096 0.686869621
6431.000000 3.563497543 0.876629233 -0.252839565 0.106871001 -0.725424170 0.016459422 0.679755449
6432.000000 3.561847925 0.875525534 -0.258542061 0.106828436 -0.724980831 0.016315432 0.680238485
6433.000000 3.552746058 0.884535313 -0.251254559 0.108006530 -0.731796682 0.013041222 0.672783911
6434.000000 3.551606417 0.886766851 -0.254363298 0.108353689 -0.731474042 0.013101085 0.673077762
6435.000000 3.554662704 0.882645905 -0.273058176 0.106780350 -0.735266566 0.011073348 0.669222236
6436.000000 3.549799442 0.886499941 -0.265860319 0.107685067 -0.735509574 0.010780686 0.668815017
6437.000000 3.553190470 0.880551815 -0.275557518 0.105422959 -0.739266872 0.009746616 0.665038049
6438.000000 3.552812099 0.880579114 -0.277894735 0.105574958 -0.739045680 0.009564575 0.665262401
6439.000000 3.547107697 0.886609733 -0.283000469 0.104329363 -0.740043402 0.008504711 0.664363503
6440.000000 3.536571026 0.886868179 -0.290631294 0.101796187 -0.745221496 0.013890813 0.658854723
6441.000000 3.534210205 0.885510564 -0.296137810 0.101466380 -0.744802058 0.014075630 0.659375846
6442.000000 3.524933815 0.877370834 -0.287755966 0.096823156 -0.751469493 0.013782616 0.652479053
6443.000000 3.524478436 0.876919746 -0.276999950 0.097463503 -0.752204478 0.013231022 0.651547551
6444.000000 3.516262293 0.886231422 -0.284397602 0.099313505 -0.756180584 0.013007040 0.646651924
6445.000000 3.514291763 0.889313698 -0.286355495 0.099615589 -0.755978167 0.013329464 0.646835446
6446.000000 3.494120598 0.882909179 -0.284464359 0.102537684 -0.758853197 0.011941578 0.643028200
6447.000000 3.491398096 0.885302544 -0.286835670 0.102654733 -0.758627117 0.012348686 0.643268645
6448.000000 3.477735519 0.893718719 -0.297790527 0.107337415 -0.759825945 0.020297119 0.640883207
6449.000000 3.473588943 0.894890368 -0.302089691 0.107186280 -0.759514868 0.020808509 0.641260743
6450.000000 3.480549335 0.882440627 -0.284416676 0.106745593 -0.763408184 0.025306860 0.636531949
6451.000000 3.477656364 0.881239712 -0.286653042 0.106523842 -0.763241470 0.025450753 0.636763275
6452.000000 3.469135761 0.862919927 -0.272354603 0.106085882 -0.768308222 0.022493530 0.630826771
6453.000000 3.468817234 0.861210346 -0.274841785 0.105924733 -0.768157303 0.022341637 0.631042898
6454.000000 3.448126078 0.870033383 -0.288492680 0.107518367 -0.768633366 0.021701314 0.630215526
6455.000000 3.443186283 0.877686560 -0.284974098 0.109421842 -0.770100713 0.020510675 0.628133059
6456.000000 3.435079336 0.862222016 -0.293222904 0.107854016 -0.770850480 0.019120770 0.627528131
6457.000000 3.441495895 0.855171680 -0.287381172 0.106393345 -0.771517038 0.016471298 0.627033234
6458.000000 3.424869061 0.859704614 -0.272401333 0.104331985 -0.771486461 0.018496033 0.627360761
6459.000000 3.426378250 0.860150456 -0.271164894 0.104402795 -0.771558642 0.018479738 0.627260625
6460.000000 3.419291973 0.853034616 -0.275832176 0.103211954 -0.769949019 0.018971516 0.629417181
6461.000000 3.415643930 0.862920523 -0.270247459 0.104138717 -0.770307481 0.019946786 0.628795385
6462.000000 3.406752586 0.841308117 -0.277194023 0.101513162 -0.767068565 0.017917143 0.633229792
6463.000000 3.408436775 0.840366781 -0.275887489 0.101407446 -0.767183363 0.017764799 0.633111894
6464.000000 3.403300285 0.852871895 -0.285873890 0.102378629 -0.764519751 0.019716777 0.636112809
6465.000000 3.388190746 0.851103663 -0.286834002 0.103336878 -0.762096047 0.021651154 0.638797700
6466.000000 3.384782791 0.847850442 -0.283383131 0.102030404 -0.756836355 0.026753396 0.645037055
6467.000000 3.385711432 0.849158287 -0.282574654 0.102063417 -0.756899357 0.026962934 0.644949257
6468.000000 3.383381844 0.835259736 -0.284445286 0.098858021 -0.754518032 0.026870327 0.648234308
6469.000000 3.381366730 0.831321180 -0.277628422 0.097345144 -0.753308415 0.025892327 0.649907649
6470.000000 3.370965004 0.830077708 -0.280880213 0.097675487 -0.750905931 0.025778212 0.652637243
6471.000000 3.355226278 0.837326288 -0.276850700 0.100381680 -0.744648516 0.029470416 0.659206867
6472.000000 3.356360912 0.837949514 -0.276511431 0.100258753 -0.744706631 0.029688109 0.659150183
6473.000000 3.343945742 0.832301676 -0.273712873 0.101618841 -0.738139510 0.036717676 0.665939629
6474.000000 3.346108913 0.835767984 -0.272147179 0.101685815 -0.738270879 0.037237264 0.665754855
6475.000000 3.339112043 0.845365167 -0.272634506 0.105029501 -0.731812596 0.045881532 0.671799183
6476.000000 3.339308262 0.849124670 -0.270330191 0.105157509 -0.731994808 0.046451826 0.671541333
6477.000000 3.334591627 0.839779735 -0.261794567 0.104616970 -0.727264285 0.048502404 0.676601470
6478.000000 3.335733891 0.833999872 -0.258159161 0.104633801 -0.727606893 0.047422320 0.676307023
6479.000000 3.329710245 0.834147394 -0.267260551 0.102790795 -0.720398724 0.047871020 0.684228122
6480.000000 3.333850861 0.845216095 -0.263007402 0.103544258 -0.720685542 0.048869584 0.683741748
6481.000000 3.312352896 0.841867864 -0.273589134 0.104002252 -0.704955757 0.054818615 0.699439704
6482.000000 3.317006588 0.854737043 -0.295020580 0.104343966 -0.702984214 0.056809440 0.701211989
6483.000000 3.318602324 0.846215606 -0.276342869 0.103766970 -0.704734445 0.055699438 0.699628115
6484.000000 3.315325022 0.844473839 -0.268163443 0.103766538 -0.699889898 0.058104690 0.704280198
6485.000000 3.309492350 0.836961627 -0.271718979 0.101888075 -0.694775403 0.060108792 0.709431410
6486.000000 3.309325218 0.837237120 -0.263240099 0.102088563 -0.691013992 0.060674135 0.713019073
6487.000000 3.300629139 0.830187261 -0.256963491 0.101918444 -0.681304455 0.057500202 0.722586036
6488.000000 3.305849075 0.837042928 -0.264572144 0.101863086 -0.680627227 0.058564968 0.723146379
6489.000000 3.282523870 0.841600299 -0.263976336 0.104825839 -0.664237499 0.059619736 0.737730026
6490.000000 3.285351753 0.843868613 -0.266156435 0.104861215 -0.663959980 0.059856649 0.737955630
6491.000000 3.285431862 0.848021090 -0.264471769 0.104995348 -0.664147079 0.060549159 0.737711668
6492.000000 3.270675182 0.842831612 -0.263472557 0.105548702 -0.652290046 0.060461193 0.748145461
6493.000000 3.270963192 0.847783566 -0.263093472 0.105041414 -0.652439117 0.061745126 0.747982025
6494.000000 3.259938002 0.850348175 -0.256688833 0.107412152 -0.647688627 0.064942405 0.751494944
6495.000000 3.248094320 0.837862790 -0.260398388 0.109087422 -0.632381201 0.067757048 0.763939142
6496.000000 3.252998590 0.842337012 -0.265749693 0.109453067 -0.631824613 0.068076931 0.764318883
6497.000000 3.246540546 0.840308666 -0.257585764 0.109709091 -0.632557750 0.067868114 0.763694048
6498.000000 3.246536970 0.843596935 -0.269098759 0.109720156 -0.626425803 0.069543272 0.768580556
6499.000000 3.240992069 0.846560657 -0.274209261 0.110756911 -0.619514406 0.070603073 0.773918748
6500.000000 3.237451553 0.841902792 -0.279895782 0.109609306 -0.612061799 0.070974685 0.779954433
6501.000000 3.219000101 0.837169051 -0.273829937 0.108728155 -0.599185884 0.072581001 0.789864838
6502.000000 3.225665808 0.842460215 -0.276790857 0.109157860 -0.598887324 0.072828241 0.790009320
6503.000000 3.205348492 0.825689197 -0.267424345 0.107020877 -0.587542355 0.069989145 0.799025774
6504.000000 3.206382513 0.825690329 -0.262896538 0.107110038 -0.587984860 0.069881424 0.798697591
6505.000000 3.201691389 0.838279307 -0.265403271 0.108387545 -0.581776142 0.070714131 0.802987099
6506.000000 3.192299366 0.823309004 -0.266101122 0.104063943 -0.573198259 0.072765455 0.809518218
6507.000000 3.193687201 0.824412286 -0.265334368 0.104120418 -0.573281288 0.072845295 0.809444964
6508.000000 3.175926685 0.822343111 -0.263837814 0.102789216 -0.567463160 0.072854377 0.813702762
6509.000000 3.175189018 0.822953641 -0.265162945 0.102920279 -0.567322493 0.072837345 0.813785851
6510.000000 3.166609287 0.820382833 -0.266940594 0.103416681 -0.562853694 0.070995390 0.816982567
6511.000000 3.166965723 0.820586979 -0.266515732 0.103495002 -0.562879562 0.070942208 0.816959441
6512.000000 3.160864353 0.818486571 -0.261875868 0.104721725 -0.561960518 0.069708124 0.817541778
6513.000000 3.150920153 0.803756773 -0.255378008 0.104436733 -0.562550366 0.067005403 0.817398548
6514.000000 3.139971256 0.778912425 -0.236337423 0.104752928 -0.564462245 0.063289255 0.816335559
6515.000000 3.148100138 0.780939698 -0.239398241 0.105518922 -0.568903565 0.060862813 0.813332856
6516.000000 3.148127079 0.798401833 -0.243833303 0.106665000 -0.568306327 0.062652305 0.813464999
6517.000000 3.152583122 0.783638477 -0.240440369 0.102057390 -0.576743007 0.055672493 0.808611453
6518.000000 3.150854826 0.787245333 -0.250229359 0.101728506 -0.575925171 0.056672685 0.809166074
6519.000000 3.133736610 0.776526392 -0.243270159 0.100210115 -0.588138640 0.050012577 0.800967932
6520.000000 3.132717609 0.776588976 -0.246523619 0.100167908 -0.587860167 0.050000716 0.801178455
6521.000000 3.122794390 0.774900734 -0.238527536 0.099530980 -0.602780342 0.048269369 0.790202200
6522.000000 3.119031191 0.777158201 -0.238205671 0.100099519 -0.602702677 0.048215032 0.790192902
6523.000000 3.110087156 0.781643391 -0.260955572 0.100519337 -0.607376873 0.046921905 0.786630571
6524.000000 3.120311975 0.783571243 -0.268161297 0.101795077 -0.615963280 0.038385220 0.780226648
6525.000000 3.112955570 0.793109417 -0.266932487 0.103446506 -0.615689337 0.038882375 0.780201018
6526.000000 3.096977472 0.793118715 -0.268807173 0.101874322 -0.623646498 0.037013050 0.774155557
6527.000000 3.103696346 0.789368927 -0.273286819 0.101557456 -0.623066485 0.036446076 0.774690866
6528.000000 3.093448400 0.785949945 -0.267911673 0.100319669 -0.628634751 0.036419906 0.770342708
6529.000000 3.091766119 0.785332322 -0.258845091 0.099371828 -0.640051425 0.036560170 0.761001170
6530.000000 3.091887236 0.774725318 -0.266639948 0.097579420 -0.639650702 0.036213014 0.761586428
6531.000000 3.082455158 0.793300688 -0.269932747 0.099812433 -0.644528389 0.037539233 0.757107317
6532.000000 3.075397491 0.787483335 -0.265510559 0.100841820 -0.650155544 0.035817739 0.752227306
6533.000000 3.068808556 0.792391181 -0.279628277 0.101918943 -0.653884113 0.036279880 0.748820424
6534.000000 3.067256927 0.787494361 -0.280774355 0.102257095 -0.659473896 0.035710670 0.743883431
6535.000000 3.057293892 0.761866271 -0.284146786 0.100308046 -0.665419042 0.032977041 0.738964379
6536.000000 3.054592609 0.778945506 -0.267199039 0.103436418 -0.677852154 0.031619217 0.727198482
6537.000000 3.053203106 0.784285069 -0.275630951 0.103785589 -0.676996768 0.032289892 0.727915764
6538.000000 3.033522844 0.784296393 -0.268424988 0.105231389 -0.685508609 0.029368354 0.719820678
6539.000000 3.050206661 0.785221279 -0.264452934 0.105883338 -0.687224865 0.029747905 0.718070865
6540.000000 3.016264915 0.783015430 -0.270585537 0.105717853 -0.694027424 0.026273873 0.711659610
6541.000000 3.034089327 0.791248083 -0.271362782 0.106949888 -0.695138872 0.027246756 0.710352898
6542.000000 3.012913704 0.773230195 -0.296759367 0.106642984 -0.698801637 0.024614103 0.706893086
6543.000000 3.022353649 0.795205891 -0.270008802 0.109071188 -0.700722456 0.026685737 0.704541981
6544.000000 3.013543606 0.785521388 -0.281485081 0.107810438 -0.701641917 0.027165512 0.703802288
6545.000000 3.002944946 0.779375196 -0.303181887 0.106949694 -0.702579975 0.026233701 0.703032672
6546.000000 3.003675938 0.789547026 -0.260573387 0.108534761 -0.709518611 0.028156282 0.695708930
6547.000000 2.994122982 0.775903940 -0.302075863 0.106667913 -0.706998169 0.026768353 0.698612273
6548.000000 2.972002506 0.778967857 -0.307081223 0.107251175 -0.712965190 0.029515488 0.692319870
6549.000000 2.975172997 0.773329258 -0.295912743 0.107013226 -0.715154588 0.028019167 0.690157354
6550.000000 2.979792118 0.780958951 -0.302767277 0.107262149 -0.714792609 0.029490324 0.690432250
6551.000000 2.954237700 0.783848822 -0.300644159 0.108122230 -0.720747292 0.033181142 0.683909297
6552.000000 2.953017473 0.783612430 -0.303125143 0.108048409 -0.720503271 0.033227939 0.684175789
6553.000000 2.953584909 0.760268331 -0.301190615 0.107626170 -0.729592264 0.030008994 0.674693465
6554.000000 2.945657730 0.785747647 -0.295014858 0.110439487 -0.729713857 0.032511421 0.673991084
6555.000000 2.945073605 0.764455974 -0.317636728 0.108809493 -0.731823146 0.029084874 0.672123134
6556.000000 2.928463459 0.783910275 -0.305881977 0.112074018 -0.736482799 0.031094981 0.666382551
6557.000000 2.926145554 0.761890292 -0.298690081 0.111042798 -0.745062113 0.030650269 0.656972229
6558.000000 2.922542334 0.761116385 -0.318199873 0.110315293 -0.743395984 0.031330816 0.658947170
6559.000000 2.919414997 0.758473039 -0.307283163 0.110078216 -0.753583968 0.032983501 0.647229612
6560.000000 2.920409203 0.758949995 -0.286804914 0.109515719 -0.755878985 0.033484250 0.644617856
6561.000000 2.908829689 0.789260685 -0.274127960 0.109490924 -0.768447578 0.034246732 0.629545271
6562.000000 2.914724350 0.789067984 -0.238288641 0.110252067 -0.771336913 0.033786874 0.625893235
6563.000000 2.905142307 0.768601596 -0.266034603 0.102229021 -0.782428384 0.025579644 0.613759577
6564.000000 2.911329746 0.752962172 -0.274145842 0.100491054 -0.781985700 0.023962520 0.614675403
6565.000000 2.902371883 0.807546794 -0.288668394 0.104461603 -0.790523231 0.020318648 0.603115141
6566.000000 2.898303986 0.799099803 -0.291601896 0.103832759 -0.790396452 0.019496135 0.603417099
6567.000000 2.909620285 0.777271032 -0.292253017 0.101129830 -0.797215998 0.010645167 0.595068216
6568.000000 2.911431789 0.773812711 -0.302533865 0.100612894 -0.796431541 0.010345239 0.596210420
6569.000000 2.901512861 0.770468652 -0.295696259 0.098167837 -0.800077319 0.006002969 0.591779828
6570.000000 2.898492098 0.798516631 -0.289271355 0.101814598 -0.800017655 0.007739733 0.591223955
6571.000000 2.878084660 0.761127472 -0.363846064 0.092524618 -0.797900498 0.009957753 0.595562696
6572.000000 2.887418747 0.773240924 -0.317094564 0.095157295 -0.801092267 0.009572792 0.590850770
6573.000000 2.891879082 0.762464762 -0.345278263 0.093059301 -0.798838615 0.009687587 0.594224691
6574.000000 2.893229723 0.750362515 -0.336540937 0.092969403 -0.799065650 0.007380740 0.593966544
6575.000000 2.877407074 0.768013358 -0.330386162 0.097850688 -0.796603680 0.006289418 0.596496582
6576.000000 2.876202583 0.764070630 -0.336518049 0.097335540 -0.796122372 0.006156353 0.597224474
6577.000000 2.870218515 0.749988556 -0.326519251 0.100245230 -0.792861044 0.006847659 0.601061940
6578.000000 2.860927343 0.746740580 -0.352726221 0.099511050 -0.790714800 0.007524014 0.603995919
6579.000000 2.869845629 0.728696227 -0.313904285 0.100205272 -0.791228294 0.006671186 0.603218317
6580.000000 2.854675770 0.746541142 -0.324959040 0.103786737 -0.784696877 0.012008222 0.611011446
6581.000000 2.852307796 0.736825168 -0.335072279 0.102499373 -0.783969760 0.011622167 0.612168491
6582.000000 2.827176094 0.766971886 -0.348588705 0.107287638 -0.780221760 0.017678674 0.615979671
6583.000000 2.821765900 0.733628988 -0.335201502 0.105467506 -0.779997349 0.013458923 0.616684377
6584.000000 2.820470810 0.733642578 -0.339594126 0.105386041 -0.779593885 0.013660501 0.617203891
6585.000000 2.804856300 0.734045267 -0.334147930 0.109960251 -0.778105259 0.014379602 0.618267119
6586.000000 2.804606915 0.730746686 -0.336392879 0.109640948 -0.777947366 0.014044168 0.618530154
6587.000000 2.802453518 0.721249878 -0.339070082 0.109826356 -0.776546538 0.012716359 0.620283782
6588.000000 2.784565449 0.735409617 -0.345946789 0.113111667 -0.773912132 0.014078256 0.622950733
6589.000000 2.779962540 0.738532066 -0.346196175 0.114538401 -0.772237122 0.015817652 0.624724448
6590.000000 2.771950245 0.732951105 -0.368782520 0.114437640 -0.769016206 0.017634839 0.628655136
6591.000000 2.772942066 0.714031875 -0.360556364 0.114164881 -0.768200397 0.016326049 0.629736543
6592.000000 2.769712448 0.719508886 -0.341225147 0.115127355 -0.767581880 0.018998098 0.630240321
6593.000000 2.756132126 0.727656782 -0.342504025 0.114845604 -0.762654662 0.024637319 0.636051357
6594.000000 2.758428097 0.704515696 -0.359746218 0.111977480 -0.761333287 0.022780076 0.638211429
6595.000000 2.751518726 0.706987262 -0.370362759 0.109053142 -0.756554663 0.027175730 0.644200325
6596.000000 2.748591423 0.705580294 -0.377387285 0.108715028 -0.755936742 0.027429586 0.644971609
6597.000000 2.740692616 0.711261272 -0.368234873 0.108786844 -0.752580106 0.030559987 0.648733139
6598.000000 2.738063812 0.709040761 -0.374015570 0.108558372 -0.752016366 0.030501038 0.649427533
6599.000000 2.732135296 0.690017104 -0.374498129 0.106788225 -0.747472405 0.030069744 0.654963434
6600.000000 2.731219053 0.690401196 -0.376199961 0.106822670 -0.747312605 0.030152744 0.655136406
6601.000000 2.718193293 0.690295935 -0.388893366 0.104497671 -0.741412580 0.031180862 0.662129521
6602.000000 2.717590809 0.677555621 -0.400514603 0.102898613 -0.740507245 0.030094236 0.663442016
6603.000000 2.706078529 0.683141708 -0.388677597 0.100678287 -0.737744272 0.031341240 0.666794658
6604.000000 2.706064224 0.683462620 -0.393283129 0.100640170 -0.737300575 0.031443026 0.667286217
6605.000000 2.702007771 0.681446850 -0.378017902 0.099493220 -0.735146403 0.028925369 0.669943452
6606.000000 2.699443817 0.688709021 -0.378037930 0.100350298 -0.735019684 0.029631410 0.669923902
6607.000000 2.693285465 0.691304088 -0.379147768 0.099933825 -0.732454360 0.030238118 0.672762692
6608.000000 2.679077148 0.691127777 -0.382600307 0.100265399 -0.726750672 0.034056563 0.678690255
6609.000000 2.676112175 0.686985970 -0.392503023 0.099692792 -0.725820303 0.033985592 0.679773033
6610.000000 2.665307760 0.682615519 -0.380153418 0.099956520 -0.719709396 0.035125915 0.686143756
6611.000000 2.669181347 0.686775088 -0.370826960 0.100550704 -0.720605612 0.035180863 0.685112715
6612.000000 2.663951635 0.675761044 -0.360760450 0.100694567 -0.717974007 0.034510303 0.687883019
6613.000000 2.648998260 0.698559940 -0.357886076 0.104400449 -0.713977814 0.038209088 0.691286087
6614.000000 2.623051167 0.687282801 -0.356651783 0.105701402 -0.704798996 0.044160321 0.700096846
6615.000000 2.620271444 0.686423302 -0.363370895 0.105445623 -0.704108953 0.044386491 0.700815022
6616.000000 2.621077776 0.679760516 -0.360906839 0.104830429 -0.704429507 0.043551899 0.700637519
6617.000000 2.603283167 0.700045586 -0.374091864 0.106534131 -0.699700534 0.050001591 0.704676926
6618.000000 2.588591576 0.683595181 -0.372414351 0.106426492 -0.693289340 0.052617874 0.710812747
6619.000000 2.580789328 0.673644960 -0.357688904 0.107821718 -0.687532127 0.054323178 0.716046929
6620.000000 2.567215919 0.700138092 -0.367617130 0.110285573 -0.685958564 0.058172666 0.716877937
6621.000000 2.550840378 0.695665598 -0.365441799 0.110251881 -0.682070732 0.059276950 0.720493138
6622.000000 2.547295570 0.664248168 -0.371570587 0.106200166 -0.677644491 0.056556076 0.725479841
6623.000000 2.521697998 0.687652707 -0.369086266 0.106866702 -0.670633852 0.062959716 0.731345177
6624.000000 2.521969795 0.688013434 -0.367633343 0.106976569 -0.670782149 0.062913701 0.731197238
6625.000000 2.496423006 0.686519384 -0.374450207 0.107400380 -0.661339581 0.067701392 0.739264250
6626.000000 2.496751785 0.686455727 -0.372546434 0.107391827 -0.661568403 0.067728966 0.739058256
6627.000000 2.489174128 0.679178238 -0.363915920 0.105813682 -0.658193588 0.067148082 0.742344916
6628.000000 2.463372231 0.682405472 -0.360839367 0.105113216 -0.651451468 0.072807208 0.747837782
6629.000000 2.463418245 0.682264447 -0.359010220 0.105085865 -0.651648045 0.072790749 0.747671962
6630.000000 2.455236197 0.672786593 -0.353065491 0.100987457 -0.647588015 0.074136727 0.751621723
6631.000000 2.456031322 0.672875941 -0.352751970 0.101058938 -0.647617757 0.074027963 0.751597106
6632.000000 2.439952850 0.668399572 -0.350405693 0.100030050 -0.641162634 0.071536086 0.757487416
6633.000000 2.440992117 0.668284833 -0.349430799 0.100167826 -0.641271472 0.071338847 0.757395625
6634.000000 2.426979303 0.670277178 -0.348368406 0.099843636 -0.634709954 0.066758782 0.763359606
6635.000000 2.427436829 0.670145631 -0.347591639 0.099852160 -0.634806395 0.066707633 0.763282716
6636.000000 2.412499905 0.670675099 -0.341785431 0.101115517 -0.627242804 0.064127542 0.769564748
6637.000000 2.409266710 0.668643713 -0.324018240 0.101242825 -0.629365325 0.063897833 0.767832220
6638.000000 2.399534225 0.662274837 -0.324523091 0.098445892 -0.623673558 0.064179279 0.772800624
6639.000000 2.400329113 0.662170172 -0.324259162 0.098396882 -0.623737216 0.064170785 0.772756159
6640.000000 2.392466068 0.660991490 -0.319104433 0.098055974 -0.621564150 0.063153952 0.774631977
6641.000000 2.371790886 0.657740176 -0.320414662 0.101265036 -0.610930443 0.062879242 0.782659352
6642.000000 2.372488499 0.656283140 -0.317283273 0.101106472 -0.611348927 0.062735960 0.782364547
6643.000000 2.360076189 0.655069709 -0.320513964 0.101621993 -0.603329957 0.062309723 0.788532495
6644.000000 2.360173702 0.655746222 -0.318340659 0.101833619 -0.603583634 0.062253267 0.788315535
6645.000000 2.346266270 0.654453754 -0.319097281 0.102387562 -0.594749808 0.061369192 0.794999003
6646.000000 2.345424652 0.653796196 -0.314801931 0.102407075 -0.595310509 0.061276074 0.794583797
6647.000000 2.338143826 0.649714649 -0.313053250 0.100403301 -0.592170417 0.061388429 0.797173083
6648.000000 2.326803684 0.654124618 -0.316381454 0.099830620 -0.585338116 0.064469442 0.802032948
6649.000000 2.327404737 0.654253185 -0.316055775 0.099853978 -0.585377693 0.064422220 0.802004933
6650.000000 2.309448719 0.651710629 -0.322492123 0.098328613 -0.578498960 0.065526091 0.807079196
6651.000000 2.310601950 0.651400089 -0.321809769 0.098246336 -0.578609943 0.065477245 0.807013690
6652.000000 2.298216343 0.646180451 -0.320289969 0.098838627 -0.573535562 0.062295198 0.810806572
6653.000000 2.299235344 0.646914601 -0.313001752 0.099033341 -0.574499547 0.062322494 0.810097933
6654.000000 2.276730299 0.639295936 -0.309695244 0.100925416 -0.573022127 0.059716094 0.811106563
6655.000000 2.276185274 0.639879644 -0.309810400 0.101057120 -0.572952867 0.059755608 0.811136127
6656.000000 2.262932777 0.633047163 -0.316136837 0.103595763 -0.577389896 0.063030139 0.807413280
6657.000000 2.262506485 0.635433793 -0.320984364 0.104018249 -0.576669872 0.063064516 0.807870686
6658.000000 2.254034519 0.648399413 -0.336845040 0.106545195 -0.585572302 0.065045945 0.800950825
6659.000000 2.252894402 0.648482502 -0.338968515 0.106465906 -0.585334897 0.065129824 0.801128089
6660.000000 2.246697187 0.647972643 -0.344492555 0.104258172 -0.593423724 0.066004403 0.795375347
6661.000000 2.233220100 0.646448791 -0.343941689 0.108653769 -0.609742999 0.066327289 0.782309711
6662.000000 2.229094505 0.645169854 -0.348926187 0.108236037 -0.609121621 0.066758171 0.782814920
6663.000000 2.226005793 0.643035114 -0.358573437 0.112842388 -0.621492743 0.059291165 0.772979915
6664.000000 2.226678371 0.645572245 -0.362481356 0.113276549 -0.620972395 0.059416719 0.773324847
6665.000000 2.216100454 0.652160287 -0.375157952 0.114728518 -0.627951145 0.052377727 0.767965615
6666.000000 2.213082552 0.653118670 -0.379747748 0.114793688 -0.627310812 0.052672055 0.768459022
6667.000000 2.209766865 0.648507476 -0.380555153 0.112201825 -0.631108403 0.050853785 0.765850484
6668.000000 2.201874733 0.649754107 -0.380222797 0.108209491 -0.641067386 0.051158797 0.758093655
6669.000000 2.196177483 0.650221467 -0.382513285 0.108523265 -0.640518129 0.051087890 0.758517802
6670.000000 2.193092108 0.646985054 -0.386111379 0.107311830 -0.645584822 0.050881974 0.754397511
6671.000000 2.194150209 0.653899431 -0.382623434 0.108244658 -0.651534617 0.049014363 0.749255240
6672.000000 2.192274332 0.659967780 -0.385393143 0.109168537 -0.656983674 0.047649384 0.744435549
6673.000000 2.181785345 0.656517982 -0.396749496 0.109368838 -0.669151723 0.046351627 0.733570755
6674.000000 2.181846857 0.655715346 -0.399519920 0.109201573 -0.668840408 0.046313554 0.733881950
6675.000000 2.173911095 0.654507399 -0.407797575 0.110368505 -0.680504084 0.043111581 0.723100543
6676.000000 2.173747063 0.656906366 -0.407836199 0.110731311 -0.680449486 0.043275196 0.723086715
6677.000000 2.169043541 0.658915341 -0.404980898 0.111415379 -0.692743778 0.041096061 0.711339474
6678.000000 2.162015200 0.678819895 -0.410335064 0.113628350 -0.691748500 0.044037715 0.711781800
6679.000000 2.153264046 0.688988686 -0.415412664 0.114280641 -0.704530597 0.047684841 0.698786616
6680.000000 2.155051470 0.685030699 -0.410948753 0.113894016 -0.705102086 0.047137823 0.698310256
6681.000000 2.142631054 0.714364827 -0.400441647 0.116023846 -0.718996286 0.048439961 0.683546960
6682.000000 2.151731491 0.680077732 -0.411819220 0.111615151 -0.718342423 0.044002641 0.685266376
6683.000000 2.143353939 0.685039163 -0.418877840 0.113560267 -0.723137200 0.040683229 0.680089474
6684.000000 2.146311283 0.659532785 -0.412646770 0.112522900 -0.729385316 0.034689464 0.673893452
6685.000000 2.143478155 0.646778345 -0.424756050 0.112687685 -0.732456446 0.032503434 0.670635939
6686.000000 2.140247822 0.657012284 -0.409410715 0.115694724 -0.737267256 0.034244247 0.664739966
6687.000000 2.133102417 0.646998167 -0.403347254 0.115725458 -0.742635131 0.032912128 0.658800006
6688.000000 2.134307384 0.645503402 -0.403897524 0.115507290 -0.742575109 0.032650784 0.658919036
6689.000000 2.138339520 0.642367721 -0.375791311 0.116072819 -0.747914255 0.029856486 0.652885914
6690.000000 2.121120930 0.653840899 -0.391220093 0.117181100 -0.748124361 0.030323803 0.652425528
6691.000000 2.125952244 0.604809403 -0.424897432 0.109696344 -0.747468352 0.022319563 0.654797375
6692.000000 2.111154079 0.591505289 -0.424330235 0.113274440 -0.747991681 0.014917197 0.653800309
6693.000000 2.094757080 0.588909149 -0.422946215 0.111179672 -0.751701832 0.019326814 0.649776816
6694.000000 2.095026493 0.588387728 -0.422055006 0.111172587 -0.751770198 0.019190716 0.649702966
6695.000000 2.073878527 0.588594973 -0.429502726 0.112623647 -0.754183054 0.023990741 0.646489203
6696.000000 2.073959112 0.587657630 -0.428134680 0.112539262 -0.754327357 0.023810731 0.646342278
6697.000000 2.053803444 0.591889203 -0.424518585 0.112216264 -0.763722479 0.024639504 0.635238886
6698.000000 2.054214954 0.590876937 -0.422139883 0.112241760 -0.764007926 0.024389384 0.634900689
6699.000000 2.054576159 0.589818716 -0.419213295 0.112155974 -0.764333665 0.024218703 0.634530246
6700.000000 2.037112236 0.579454839 -0.419908762 0.104555383 -0.770390332 0.020511692 0.628606617
6701.000000 2.037570477 0.584101677 -0.423165798 0.105110161 -0.769940495 0.021044742 0.629047394
6702.000000 2.021303654 0.574568748 -0.429008484 0.104846701 -0.773228168 0.027522746 0.624794304
6703.000000 2.020332336 0.573884130 -0.429765463 0.104702435 -0.773140013 0.027546329 0.624926507
6704.000000 2.010778904 0.577076614 -0.416100264 0.105123222 -0.775854051 0.028367529 0.621445894
6705.000000 2.011491776 0.577090025 -0.414040327 0.105187513 -0.776072502 0.028259829 0.621167064
6706.000000 1.992257595 0.577756166 -0.421881437 0.106633186 -0.777572513 0.025379924 0.619165838
6707.000000 1.993145823 0.578717351 -0.419906855 0.106796928 -0.777770042 0.025430532 0.618887305
6708.000000 1.986662626 0.578963280 -0.417612553 0.108897515 -0.778638959 0.022470217 0.617541790
6709.000000 1.976427794 0.570758581 -0.415007353 0.107826285 -0.780354142 0.020365283 0.615634918
6710.000000 1.977330208 0.572310746 -0.407814980 0.108242795 -0.781143844 0.020313943 0.614561021
6711.000000 1.970541239 0.576567054 -0.403735638 0.107603863 -0.782596290 0.020886956 0.612803519
6712.000000 1.965395689 0.575141191 -0.405882597 0.105740033 -0.783829927 0.019960510 0.611580908
6713.000000 1.958968878 0.573266149 -0.404715776 0.102733210 -0.785956860 0.020080844 0.609355807
6714.000000 1.953374863 0.568056881 -0.408340693 0.100916788 -0.786927164 0.018412845 0.608459115
6715.000000 1.948808074 0.563764453 -0.413886547 0.100511312 -0.786485136 0.016121624 0.609162390
6716.000000 1.944135904 0.556479096 -0.411240816 0.100958623 -0.786024511 0.013459314 0.609747291
6717.000000 1.936874151 0.556666493 -0.408368826 0.101538569 -0.784955263 0.013511281 0.611025929
6718.000000 1.930648804 0.554967344 -0.408874512 0.101336770 -0.783204496 0.012870850 0.613315642
6719.000000 1.924924850 0.548119307 -0.409241676 0.100375064 -0.780973613 0.012696780 0.616314828
6720.000000 1.909102798 0.527077198 -0.389079094 0.100026228 -0.774963021 0.018921230 0.623754144
6721.000000 1.904071808 0.534633934 -0.399517536 0.101174824 -0.773494840 0.019870637 0.625359595
6722.000000 1.887881041 0.506595016 -0.423457146 0.097153649 -0.764594018 0.019231666 0.636857450
6723.000000 1.883057356 0.538992286 -0.417957783 0.102249794 -0.764610350 0.022992417 0.635914683
6724.000000 1.868964076 0.539973736 -0.397312880 0.104278594 -0.761124134 0.026758524 0.639609277
6725.000000 1.868308783 0.534577727 -0.393768549 0.103465952 -0.761612654 0.026345363 0.639176846
6726.000000 1.862941265 0.491982400 -0.409384012 0.098760754 -0.753055632 0.021812564 0.650136769
6727.000000 1.866604328 0.445854306 -0.427937269 0.091399901 -0.751574099 0.016499991 0.653077543
6728.000000 1.857243180 0.450822771 -0.433685064 0.092611142 -0.746491313 0.015666705 0.658732533
6729.000000 1.837236404 0.419375181 -0.437585115 0.093156479 -0.736852407 0.013512255 0.669468343
6730.000000 1.835387468 0.423749089 -0.435945511 0.093851671 -0.736914039 0.014127977 0.669290721
6731.000000 1.820243478 0.423265666 -0.447526217 0.094786435 -0.726626754 0.021645192 0.680118084
6732.000000 1.817641735 0.427994490 -0.448118687 0.095391311 -0.726421297 0.022680961 0.680219293
6733.000000 1.803707004 0.428229749 -0.444175243 0.092637815 -0.718561172 0.029893931 0.688617885
6734.000000 1.802785754 0.428103834 -0.447022915 0.092461921 -0.718164802 0.030099982 0.689045846
6735.000000 1.782738686 0.448351085 -0.441228867 0.093778521 -0.711833000 0.035244484 0.695167124
6736.000000 1.782625198 0.445825875 -0.439321399 0.093414612 -0.712114751 0.034970727 0.694941342
6737.000000 1.772733569 0.424522638 -0.435115814 0.090670727 -0.707278371 0.032409698 0.700346947
6738.000000 1.769090056 0.430537313 -0.437225342 0.091621235 -0.706800282 0.033302955 0.700663865
6739.000000 1.759682417 0.409030199 -0.438524604 0.091167420 -0.699689686 0.033571016 0.707810581
6740.000000 1.757526875 0.411218047 -0.439055562 0.091454163 -0.699534714 0.034065012 0.707903266
6741.000000 1.752406120 0.401256680 -0.407572865 0.092463315 -0.694144905 0.035609543 0.712983489
6742.000000 1.754562020 0.397827595 -0.407435656 0.092019983 -0.694269538 0.034928761 0.712953210
6743.000000 1.751085997 0.404005170 -0.384659886 0.087770276 -0.687380970 0.036303099 0.720059633
6744.000000 1.749375224 0.401865721 -0.386202693 0.087507635 -0.687103212 0.036042556 0.720369756
6745.000000 1.721895456 0.397963494 -0.444948912 0.079118967 -0.666191459 0.035377398 0.740727723
6746.000000 1.721096516 0.395235419 -0.445423722 0.078741141 -0.666122854 0.035032716 0.740846157
6747.000000 1.700203657 0.424012363 -0.444853783 0.077334970 -0.653911710 0.042369291 0.751414478
6748.000000 1.698894262 0.425482750 -0.445929170 0.077476755 -0.653699696 0.042744718 0.751563072
6749.000000 1.686577320 0.445087105 -0.442314506 0.080542192 -0.647086322 0.053410340 0.756266892
6750.000000 1.686270952 0.446058452 -0.439124584 0.080732718 -0.647574186 0.053608399 0.755814910
6751.000000 1.676524758 0.451363981 -0.433158875 0.079240620 -0.644032121 0.050673265 0.759194195
6752.000000 1.675561786 0.457667053 -0.429629922 0.080219530 -0.644452929 0.051624071 0.758670032
6753.000000 1.660513401 0.435723752 -0.445403695 0.077921450 -0.636611521 0.047775816 0.765749037
6754.000000 1.668700457 0.457483739 -0.419665337 0.081022501 -0.640541792 0.050991122 0.761932790
6755.000000 1.661920428 0.434509426 -0.419280410 0.079624727 -0.632844985 0.046107888 0.768792093
6756.000000 1.661654949 0.436942995 -0.418110132 0.080047026 -0.632993340 0.046348829 0.768611610
6757.000000 1.646880746 0.450814545 -0.409922838 0.083388016 -0.627212346 0.050601244 0.772716463
6758.000000 1.647119641 0.447563291 -0.411749005 0.082858808 -0.626976371 0.050106477 0.772997022
6759.000000 1.636368513 0.420013040 -0.417841673 0.082016543 -0.617941141 0.045668375 0.780600071
6760.000000 1.634302020 0.420711905 -0.419423103 0.082132913 -0.617641807 0.045809701 0.780816436
6761.000000 1.612546444 0.428047478 -0.418663979 0.084776215 -0.607363105 0.043240983 0.788703620
6762.000000 1.612435937 0.427419245 -0.417872429 0.084697247 -0.607465863 0.043178309 0.788636327
6763.000000 1.587610483 0.462806880 -0.408770800 0.088639446 -0.603374004 0.053803995 0.790688396
6764.000000 1.588082314 0.463277578 -0.407790661 0.088751681 -0.603533208 0.053820197 0.790553153
6765.000000 1.568953514 0.463759273 -0.402440667 0.085808888 -0.602849126 0.057944752 0.791108251
6766.000000 1.568773627 0.465806365 -0.401436925 0.086082660 -0.602952480 0.058296319 0.790973902
6767.000000 1.558770895 0.465967834 -0.384410977 0.088353053 -0.603267908 0.056240868 0.790631831
6768.000000 1.557589889 0.466363370 -0.385175228 0.088410735 -0.603076220 0.056365382 0.790762663
6769.000000 1.544595480 0.439859360 -0.382806778 0.090104640 -0.598007917 0.052126106 0.794701517
6770.000000 1.544363260 0.439972520 -0.382166624 0.090085059 -0.598118186 0.052210622 0.794615269
6771.000000 1.526456475 0.436667591 -0.379454851 0.091697767 -0.592094600 0.059188295 0.798443675
6772.000000 1.525989890 0.433298767 -0.380678296 0.091237247 -0.591929376 0.058632899 0.798659980
6773.000000 1.515334606 0.458817720 -0.360723853 0.096195646 -0.590542495 0.066293359 0.798505604
6774.000000 1.514681578 0.458855242 -0.361088514 0.096211366 -0.590472460 0.066380382 0.798548281
6775.000000 1.497453690 0.475077033 -0.353823304 0.101257429 -0.592258334 0.067804337 0.796479523
6776.000000 1.496713042 0.476089597 -0.354462028 0.101410799 -0.592088282 0.068015762 0.796568453
6777.000000 1.477780700 0.500009179 -0.351308703 0.108848199 -0.597215235 0.066645831 0.791861415
6778.000000 1.478479981 0.500751317 -0.350256562 0.108918935 -0.597358882 0.066797644 0.791730523
6779.000000 1.473542333 0.502213895 -0.349402308 0.109655090 -0.601921678 0.066639394 0.788178444
6780.000000 1.464722753 0.504773974 -0.352418661 0.110908002 -0.606039226 0.068488263 0.784681678
6781.000000 1.454118729 0.541515827 -0.339966297 0.115510866 -0.620163381 0.074292421 0.772356987
6782.000000 1.454771399 0.543994665 -0.337978125 0.115855329 -0.620404363 0.074735969 0.772069037
6783.000000 1.444970250 0.559413075 -0.343350768 0.118040301 -0.627318442 0.073129125 0.766283453
6784.000000 1.428623438 0.563351393 -0.353486657 0.117417626 -0.644673228 0.067930616 0.752326369
6785.000000 1.430079699 0.563163877 -0.353590846 0.117355220 -0.644620836 0.067776985 0.752394855
6786.000000 1.434248686 0.532889485 -0.356997252 0.114636034 -0.661399901 0.058652561 0.738896906
6787.000000 1.434913516 0.526638389 -0.362295151 0.113684826 -0.660627782 0.057499260 0.739824712
6788.000000 1.435252070 0.507489324 -0.364683270 0.110728182 -0.670566201 0.049926404 0.731838584
6789.000000 1.436834335 0.506975412 -0.360981941 0.110787250 -0.671177089 0.049674094 0.731286585
6790.000000 1.422116756 0.504482210 -0.370967150 0.109068580 -0.678110480 0.049701061 0.725120664
6791.000000 1.424280882 0.506497085 -0.366575003 0.109439217 -0.678795874 0.049829941 0.724414349
6792.000000 1.421112061 0.507520318 -0.355634570 0.109290242 -0.689993441 0.051913284 0.713631451
6793.000000 1.421862364 0.506772935 -0.356192827 0.109250240 -0.689880848 0.051595587 0.713769436
6794.000000 1.389701247 0.520858765 -0.386117816 0.112039730 -0.694913030 0.051916357 0.708412111
6795.000000 1.400137186 0.524405241 -0.364264250 0.112500913 -0.698771417 0.052297268 0.704504907
6796.000000 1.393842220 0.511614740 -0.365904689 0.117633179 -0.706564784 0.039828096 0.696665227
6797.000000 1.395658970 0.508171201 -0.363787651 0.117058054 -0.706978023 0.039271481 0.696374416
6798.000000 1.384462476 0.507567883 -0.383249760 0.118781552 -0.707089961 0.035010058 0.696196198
6799.000000 1.384945393 0.476778179 -0.388707757 0.115229815 -0.709562540 0.026911745 0.694635808
6800.000000 1.377246618 0.477183700 -0.392540216 0.116825461 -0.710591018 0.027183739 0.693306148
6801.000000 1.363199830 0.478913099 -0.395852804 0.116367117 -0.713657439 0.029716967 0.690122247
6802.000000 1.364196777 0.475765705 -0.395319581 0.115815446 -0.713801503 0.029142285 0.690090597
6803.000000 1.359484673 0.436533898 -0.400070667 0.112800755 -0.715850413 0.022110442 0.688727379
6804.000000 1.359713674 0.435244739 -0.400242805 0.112518832 -0.715832829 0.022011958 0.688794971
6805.000000 1.348866343 0.412814379 -0.407756805 0.109572686 -0.712043583 0.017229134 0.693318784
6806.000000 1.345499635 0.423973173 -0.397760749 0.111824438 -0.713232458 0.019306382 0.691680670
6807.000000 1.320942163 0.452950239 -0.393232584 0.115059428 -0.712590873 0.031198924 0.691377163
6808.000000 1.321462512 0.449806690 -0.394232154 0.114481457 -0.712460041 0.030629143 0.691633284
6809.000000 1.309680700 0.466318607 -0.397499204 0.117535323 -0.712995529 0.036631808 0.690275967
6810.000000 1.296771884 0.457760394 -0.402947783 0.116453379 -0.716096342 0.036757879 0.687236249
6811.000000 1.296235323 0.458452344 -0.403913617 0.116510764 -0.715868235 0.036982071 0.687452078
6812.000000 1.279657841 0.482797563 -0.408544898 0.120176986 -0.720191121 0.044500086 0.681837320
6813.000000 1.279947400 0.482419729 -0.408914447 0.120094270 -0.720111370 0.044429868 0.681940675
6814.000000 1.261305332 0.482123017 -0.435543180 0.111200854 -0.730083346 0.042620547 0.672901332
6815.000000 1.262504458 0.479395002 -0.435156107 0.110648066 -0.730186999 0.042090327 0.672913373
6816.000000 1.262526512 0.481209993 -0.434152722 0.110978149 -0.730234146 0.042393919 0.672788858
6817.000000 1.252088070 0.472564816 -0.441135526 0.108936831 -0.737748265 0.038113892 0.665137351
6818.000000 1.251497865 0.475049675 -0.439254165 0.109351091 -0.737949908 0.038683154 0.664812803
6819.000000 1.241022944 0.467987061 -0.448702455 0.108677521 -0.744324267 0.036773618 0.657889366
6820.000000 1.240335107 0.470144451 -0.445249200 0.109212056 -0.744773686 0.037131600 0.657271743
6821.000000 1.241540194 0.447318137 -0.452084899 0.105998591 -0.747017920 0.032389250 0.655499458
6822.000000 1.235795736 0.446866065 -0.444045544 0.106966086 -0.749875546 0.029789094 0.652194440
6823.000000 1.225853682 0.440741241 -0.452982783 0.103076026 -0.750891149 0.024301967 0.651879847
6824.000000 1.226476669 0.439365208 -0.451061487 0.102770805 -0.751216769 0.024112057 0.651559830
6825.000000 1.211994648 0.447884083 -0.454079747 0.103351809 -0.753381252 0.025472645 0.648911655
6826.000000 1.212046623 0.448162079 -0.453309178 0.103434384 -0.753455579 0.025492795 0.648811400
6827.000000 1.203560114 0.433115184 -0.458617687 0.102375381 -0.756151557 0.024338666 0.645880580
6828.000000 1.202394605 0.437378764 -0.457780957 0.103185289 -0.756140351 0.025251484 0.645729780
6829.000000 1.192948818 0.430066973 -0.460592270 0.103224322 -0.755759358 0.023748985 0.646226406
6830.000000 1.193235993 0.428034157 -0.460767746 0.102808237 -0.755759120 0.023423228 0.646304905
6831.000000 1.185506225 0.421123803 -0.466732383 0.101595230 -0.754555702 0.022620838 0.647929430
6832.000000 1.179983616 0.417972893 -0.472120166 0.100836881 -0.753381789 0.024005335 0.649362445
6833.000000 1.168282747 0.402865291 -0.472515106 0.097321793 -0.752216339 0.021625638 0.651330471
6834.000000 1.167727828 0.403931558 -0.471195698 0.097599581 -0.752355397 0.021788264 0.651122928
6835.000000 1.152314663 0.404496282 -0.482739449 0.099528730 -0.747873068 0.023824101 0.655905724
6836.000000 1.151709437 0.404126346 -0.481753469 0.099478371 -0.747993588 0.023787526 0.655777276
6837.000000 1.144093394 0.402878493 -0.482008934 0.100397415 -0.747072399 0.025727427 0.656613529
6838.000000 1.127646565 0.402776420 -0.477999806 0.102091245 -0.745285869 0.028698731 0.658257425
6839.000000 1.127327442 0.402786642 -0.477105618 0.102124371 -0.745389760 0.028715510 0.658133864
6840.000000 1.104147911 0.424185336 -0.474709272 0.106846690 -0.743838429 0.036505822 0.658753097
6841.000000 1.105028272 0.420042694 -0.467672467 0.106308416 -0.745178223 0.035375107 0.657386184
6842.000000 1.084845543 0.422711432 -0.464453936 0.107905962 -0.746428251 0.038369749 0.655537188
6843.000000 1.085191846 0.421154380 -0.461898923 0.107680596 -0.746843994 0.037964612 0.655124187
6844.000000 1.068904877 0.410015166 -0.469092965 0.107146487 -0.746727109 0.035575442 0.655479014
6845.000000 1.068710327 0.410064518 -0.468792081 0.107175067 -0.746721148 0.035594590 0.655480027
6846.000000 1.052298784 0.378396213 -0.468646765 0.102905892 -0.745554984 0.029662456 0.657782853
6847.000000 1.052064657 0.377289176 -0.468889952 0.102635361 -0.745477438 0.029510589 0.657919824
6848.000000 1.040365815 0.338838428 -0.477358699 0.097910009 -0.738942385 0.029342527 0.665970683
6849.000000 1.039133191 0.337757707 -0.478609443 0.097611353 -0.738661647 0.029336195 0.666326106
6850.000000 1.011662722 0.365870357 -0.468741536 0.105401553 -0.732363880 0.045502402 0.671165645
6851.000000 0.994720936 0.370829701 -0.461169600 0.110722937 -0.730930090 0.051469248 0.671440661
6852.000000 0.994505048 0.369964957 -0.461288095 0.110533409 -0.730895162 0.051276766 0.671524644
6853.000000 0.981106102 0.352214575 -0.464843273 0.111264989 -0.725745559 0.040601876 0.677690923
6854.000000 0.980098128 0.352929115 -0.465243459 0.111476287 -0.725561380 0.040763646 0.677843750
6855.000000 0.972508907 0.351586461 -0.463062406 0.113136739 -0.723159194 0.039418947 0.680211008
6856.000000 0.963343263 0.352899075 -0.464897752 0.113240793 -0.720058560 0.041604102 0.683345735
6857.000000 0.952140570 0.335107684 -0.470619798 0.105430260 -0.714181244 0.041778762 0.690712810
6858.000000 0.951766133 0.335714221 -0.469885588 0.105567165 -0.714265347 0.041981768 0.690592647
6859.000000 0.938650966 0.339931786 -0.464744806 0.104523316 -0.709883332 0.047033954 0.694930553
6860.000000 0.936800957 0.340602666 -0.467840970 0.104666486 -0.709111214 0.047337282 0.695676267
6861.000000 0.929184794 0.334359705 -0.455326796 0.103408657 -0.704943895 0.047559503 0.700070620
6862.000000 0.928529501 0.331014246 -0.456617653 0.102662779 -0.704724729 0.046905804 0.700445056
6863.000000 0.920959711 0.313116193 -0.478508592 0.094227895 -0.692968249 0.043151423 0.713480234
6864.000000 0.920535207 0.311824858 -0.478608549 0.093952626 -0.692928851 0.042948905 0.713567078
6865.000000 0.907679439 0.309192568 -0.479282916 0.090811722 -0.683761895 0.042670168 0.722773969
6866.000000 0.905603468 0.310560763 -0.480698287 0.091183506 -0.683305204 0.043056656 0.723136008
6867.000000 0.897299767 0.311990350 -0.477190852 0.090200819 -0.679359734 0.042870656 0.726977527
6868.000000 0.882731318 0.305025697 -0.475567341 0.089981116 -0.669009507 0.039319932 0.736738503
6869.000000 0.881712914 0.314333111 -0.466434658 0.092340171 -0.670781374 0.041409031 0.734718323
6870.000000 0.869441390 0.319315016 -0.470165670 0.094534770 -0.664066255 0.041868035 0.740490615
6871.000000 0.850922108 0.326922715 -0.466685176 0.096739046 -0.655454934 0.043504730 0.747748435
6872.000000 0.849722385 0.326541483 -0.467680335 0.096671849 -0.655135512 0.043545354 0.748034656
6873.000000 0.830096602 0.321487248 -0.468167365 0.094650030 -0.644955993 0.040828463 0.757235885
6874.000000 0.829012036 0.320432037 -0.468826234 0.094350114 -0.644742250 0.040776476 0.757458210
6875.000000 0.804826081 0.309539676 -0.479024172 0.093417645 -0.628566265 0.043933176 0.770874560
6876.000000 0.804233968 0.309731454 -0.477969766 0.093579054 -0.628723919 0.043936018 0.770726144
6877.000000 0.783788681 0.318356097 -0.476261318 0.094514407 -0.617916465 0.056065705 0.778526187
6878.000000 0.783149242 0.319676518 -0.476067781 0.094842091 -0.617865026 0.056371503 0.778505027
6879.000000 0.775526106 0.326450735 -0.472511828 0.095228486 -0.614678502 0.059869714 0.780716121
6880.000000 0.757406950 0.315122634 -0.479662299 0.091698773 -0.605951369 0.054620210 0.788308859
6881.000000 0.758285522 0.317604542 -0.474240780 0.092391744 -0.607242644 0.055160254 0.787196040
6882.000000 0.741148651 0.310585678 -0.477975011 0.092816159 -0.598289728 0.054688767 0.794004917
6883.000000 0.740911365 0.310189247 -0.477352023 0.092758246 -0.598407507 0.054603320 0.793928802
6884.000000 0.728324413 0.301839858 -0.478915453 0.092739657 -0.587969005 0.057714235 0.801474214
6885.000000 0.728251338 0.300801754 -0.478701591 0.092569239 -0.588060379 0.057404079 0.801449120
6886.000000 0.712742388 0.305196702 -0.478969157 0.092733011 -0.578775108 0.066259101 0.807483613
6887.000000 0.712311804 0.303465813 -0.479178667 0.092444800 -0.578702331 0.065678164 0.807616293
6888.000000 0.707039833 0.300399899 -0.476112545 0.091406830 -0.569578469 0.064568773 0.814282537
6889.000000 0.707215667 0.300774843 -0.475492954 0.091479033 -0.569825888 0.064680479 0.814092517
6890.000000 0.699306726 0.299391627 -0.476519644 0.089748733 -0.563268423 0.062233083 0.819024444
6891.000000 0.687278032 0.298183113 -0.477688968 0.088106535 -0.557020366 0.063496709 0.823367357
6892.000000 0.673773766 0.297141105 -0.477534413 0.088169336 -0.547501326 0.070227824 0.829178214
6893.000000 0.674667954 0.296319723 -0.476902366 0.088022836 -0.547819734 0.069862224 0.829014421
6894.000000 0.671487868 0.304011703 -0.473065913 0.089104734 -0.545022607 0.071986012 0.830559254
6895.000000 0.652389288 0.296262324 -0.476323694 0.087632053 -0.535890102 0.070748590 0.836742043
6896.000000 0.651550233 0.296245545 -0.476150900 0.087662719 -0.535818934 0.070869632 0.836774051
6897.000000 0.636982918 0.295212448 -0.477188766 0.087690637 -0.526621819 0.071509898 0.842535555
6898.000000 0.636626840 0.295477569 -0.476531357 0.087765895 -0.526781976 0.071673028 0.842413783
6899.000000 0.623859406 0.294600308 -0.470823258 0.086143777 -0.519049048 0.069747888 0.847527385
6900.000000 0.623585463 0.294612080 -0.470288128 0.086173631 -0.519181311 0.069787808 0.847440004
6901.000000 0.611198664 0.288535535 -0.464748263 0.084367767 -0.509214520 0.066748589 0.853889525
6902.000000 0.611631572 0.287881136 -0.463277966 0.084274136 -0.509663522 0.066492192 0.853650928
6903.000000 0.595529616 0.281409323 -0.456396431 0.084679261 -0.496893495 0.066078447 0.861138761
6904.000000 0.596510291 0.280222952 -0.455504388 0.084452808 -0.497283667 0.065592304 0.860972941
6905.000000 0.587800324 0.278904080 -0.450142026 0.085160188 -0.490904748 0.067036837 0.864445746
6906.000000 0.570061743 0.267188609 -0.441729397 0.089208797 -0.475452483 0.067069992 0.872633100
6907.000000 0.570602596 0.267776489 -0.440180868 0.089322291 -0.476005137 0.067221403 0.872308433
6908.000000 0.556699872 0.278183639 -0.426838875 0.097182781 -0.461756289 0.072005704 0.878721774
6909.000000 0.557501376 0.277546227 -0.425987214 0.097176760 -0.462136418 0.071592264 0.878556371
6910.000000 0.552903175 0.275948346 -0.418217361 0.096557125 -0.457779706 0.070990808 0.880951047
6911.000000 0.516946971 0.234697074 -0.419054508 0.089012824 -0.428518385 0.060694080 0.897086978
6912.000000 0.517361164 0.235357285 -0.417630672 0.089156851 -0.428940892 0.060944416 0.896853745
6913.000000 0.517041504 0.235946134 -0.416527659 0.089344680 -0.429357886 0.061165087 0.896620512
6914.000000 0.504354417 0.151072830 -0.461797059 0.079580702 -0.398000509 0.036255941 0.913207591
6915.000000 0.504849732 0.150687665 -0.460633636 0.079616129 -0.398607254 0.036011860 0.912949443
6916.000000 0.539381146 0.148510605 -0.534693360 0.079160161 -0.370637923 0.045506310 0.924278319
6917.000000 0.539666414 0.148214430 -0.534139872 0.079144217 -0.371201336 0.045326721 0.924062431
6918.000000 0.526766360 0.151911631 -0.521002710 0.081469208 -0.345362514 0.056281481 0.933230937
6919.000000 0.507829666 0.182893664 -0.423340738 0.087205641 -0.349014759 0.073872209 0.930122018
6920.000000 0.490400046 0.154757619 -0.424878776 0.086025536 -0.326328307 0.057425343 0.939580619
6921.000000 0.497841805 0.152487546 -0.421172142 0.086213283 -0.327602953 0.055988539 0.939206541
6922.000000 0.494520128 0.156259194 -0.416300356 0.085669979 -0.318925858 0.053350270 0.942390978
6923.000000 0.473304600 0.157225326 -0.407810807 0.086518124 -0.296518087 0.049266484 0.949823380
6924.000000 0.469128728 0.156760842 -0.396821111 0.086673066 -0.278883606 0.050810199 0.955054998
6925.000000 0.471621931 0.153888538 -0.396916002 0.086707525 -0.279238045 0.049053628 0.955040157
6926.000000 0.468647510 0.153714076 -0.394387960 0.083436027 -0.259718359 0.047690488 0.960890472
6927.000000 0.469410926 0.155450389 -0.392686844 0.083917640 -0.260451019 0.048122965 0.960628629
6928.000000 0.450274467 0.157337815 -0.381105363 0.084804490 -0.242849037 0.052724585 0.964910746
6929.000000 0.455717891 0.159261435 -0.384563416 0.084765047 -0.243600175 0.053416129 0.964686811
6930.000000 0.453496009 0.165835962 -0.379901022 0.085521616 -0.231188357 0.056132913 0.967515945
6931.000000 0.456346482 0.162811518 -0.381113648 0.085126720 -0.231493935 0.054730374 0.967558086
6932.000000 0.450800687 0.161724746 -0.376949340 0.083908290 -0.220579967 0.050838348 0.970422328
6933.000000 0.452850550 0.160616487 -0.378110588 0.083615318 -0.220928445 0.050449315 0.970388591
6934.000000 0.446024030 0.158148691 -0.368994951 0.081033081 -0.210212842 0.048468031 0.973085403
6935.000000 0.447300673 0.158760160 -0.368594587 0.081102580 -0.210760653 0.048711125 0.972948968
6936.000000 0.438935488 0.155109614 -0.366624773 0.079001680 -0.195532784 0.046682559 0.976394653
6937.000000 0.441846848 0.155147612 -0.365812451 0.079099961 -0.196287274 0.046396848 0.976248920
6938.000000 0.432320416 0.149440572 -0.364948601 0.077617921 -0.177971676 0.040314205 0.980141044
6939.000000 0.433450818 0.150747359 -0.362935454 0.077847309 -0.178451106 0.040915709 0.980010688
6940.000000 0.415578723 0.151289865 -0.356673926 -0.077409282 0.160506889 -0.038008165 -0.983260334
6941.000000 0.423340440 0.147042558 -0.356664658 -0.076268069 0.162279889 -0.036733981 -0.983106911
6942.000000 0.410494357 0.151894897 -0.349347323 -0.077747755 0.152798980 -0.038209151 -0.984453082
6943.000000 0.406661928 0.153023288 -0.351073325 -0.077651083 0.135088131 -0.040594205 -0.986951709
6944.000000 0.404316038 0.155051813 -0.354728878 -0.078103125 0.134117648 -0.040667892 -0.987045348
6945.000000 0.383152753 0.145389467 -0.347619504 -0.073362619 0.112945862 -0.039931308 -0.990084231
6946.000000 0.379258633 0.139232635 -0.339335233 -0.073019601 0.113097839 -0.038170435 -0.990161657
6947.000000 0.376156420 0.093763158 -0.430630654 -0.075173348 0.084721401 -0.022907630 -0.993300796
6948.000000 0.416233748 0.132290825 -0.409732312 -0.075738288 0.095765397 -0.042161599 -0.991622508
6949.000000 0.388129085 0.127717555 -0.383793235 0.075937599 -0.077155180 0.049065910 0.992911458
6950.000000 0.391885936 0.128352284 -0.385302037 0.075906575 -0.078022517 0.049041256 0.992847264
6951.000000 0.388941288 0.130830184 -0.383613884 0.077143259 -0.071707204 0.052072741 0.993073761
6952.000000 0.389422327 0.130864650 -0.384323746 0.076931678 -0.066657476 0.053268578 0.993378520
6953.000000 0.386558115 0.128404304 -0.386074245 0.075197481 -0.060518842 0.051585227 0.993992865
6954.000000 0.375784069 0.131135374 -0.382004797 0.075026296 -0.053327952 0.051066093 0.994444370
6955.000000 0.365165472 0.132855818 -0.378436685 0.078817151 -0.042569205 0.052381285 0.994601369
6956.000000 0.360625356 0.131009087 -0.377217680 0.078964248 -0.038274895 0.054066237 0.994674146
6957.000000 0.356216550 0.127097636 -0.375188053 0.079279125 -0.033649340 0.054187495 0.994809747
6958.000000 0.349667639 0.124147825 -0.374458283 0.079211235 -0.027664341 0.053687371 0.995026588
6959.000000 0.348607242 0.129521936 -0.375827432 0.077996388 -0.019282192 0.054718863 0.995264173
6960.000000 0.350024790 0.130296096 -0.376773089 0.078012682 -0.019658633 0.054956574 0.995242417
6961.000000 0.350187570 0.129440874 -0.377682120 0.076542400 -0.013314072 0.052434314 0.995597661
6962.000000 0.354032815 0.130249694 -0.380928308 0.076412559 -0.013864927 0.052522961 0.995595455
6963.000000 0.343760878 0.134788513 -0.373299420 0.073348068 -0.008993555 0.050946534 0.995963752
6964.000000 0.345093489 0.134777725 -0.374270767 0.073134400 -0.009269218 0.051229384 0.995962381
6965.000000 0.330284119 0.123559959 -0.366044372 0.071097985 -0.000355259 0.045058444 0.996451139
6966.000000 0.333704263 0.125780985 -0.367633671 0.071377464 -0.001097877 0.045379676 0.996415973
6967.000000 0.311962873 0.122699253 -0.350907743 0.069668509 0.011162762 0.044758290 0.996503115
6968.000000 0.313778549 0.122111224 -0.350337833 0.069542617 0.010536168 0.044679046 0.996522307
6969.000000 0.315705389 0.126080737 -0.348641127 0.069704570 0.015573569 0.049189255 0.996232569
6970.000000 0.307145029 0.122730494 -0.344656765 0.069241539 0.016788190 0.049163178 0.996246397
6971.000000 0.312861115 0.123453617 -0.344518304 0.067396432 0.022387525 0.047868188 0.996325850
6972.000000 0.313506156 0.124628238 -0.346382111 0.067481942 0.022204567 0.048095576 0.996313214
6973.000000 0.313001364 0.119910933 -0.338792711 0.061915480 0.029524118 0.043195695 0.996709108
6974.000000 0.314865828 0.120473698 -0.342384100 0.061917797 0.029300923 0.043118965 0.996718824
6975.000000 0.286317259 0.124191508 -0.317206740 0.062040068 0.036939647 0.043938439 0.996421635
6976.000000 0.275476247 0.123336039 -0.305165142 0.065244034 0.048110906 0.046296477 0.995633066
6977.000000 0.277949750 0.123019569 -0.303695351 0.065117903 0.047235575 0.046489574 0.995674253
6978.000000 0.268671244 0.121283926 -0.293280959 0.067801520 0.058150962 0.048380464 0.994827032
6979.000000 0.270113230 0.120964386 -0.291442305 0.067727499 0.057457574 0.048574723 0.994862854
6980.000000 0.274801433 0.124915235 -0.295798212 0.067871936 0.060834311 0.050975688 0.994532108
6981.000000 0.266522884 0.122837953 -0.280658096 0.069534883 0.069794849 0.053800412 0.993679583
6982.000000 0.266902268 0.122769453 -0.281089246 0.069494851 0.069557451 0.053968199 0.993689954
6983.000000 0.258614242 0.120632507 -0.265756369 0.066794448 0.079312749 0.056339040 0.993012547
6984.000000 0.258290857 0.120706104 -0.267041713 0.066783644 0.079163752 0.056437977 0.993019581
6985.000000 0.252007395 0.119615152 -0.248765990 0.068670496 0.092114359 0.058578383 0.991649091
6986.000000 0.252270341 0.118829377 -0.249722466 0.068515792 0.091897912 0.059055105 0.991651595
6987.000000 0.241912767 0.107725084 -0.238138095 0.068467811 0.107124701 0.062687077 0.989902437
6988.000000 0.243066549 0.108186483 -0.238042668 0.068588667 0.106906831 0.062273055 0.989943802
6989.000000 0.238596424 0.105556205 -0.221730381 0.069604769 0.121650077 0.064312197 0.988038719
6990.000000 0.238748923 0.105597228 -0.221940726 0.069621727 0.121555842 0.064465590 0.988039136
6991.000000 0.226681009 0.102065451 -0.210566312 0.071827076 0.150138721 0.061755609 0.984116614
6992.000000 0.228249386 0.101911120 -0.208806872 0.071713507 0.150050476 0.061842125 0.984132946
6993.000000 0.225136861 0.096176967 -0.199032798 0.071534850 0.162295893 0.065426871 0.981968522
6994.000000 0.225201428 0.096443348 -0.199072286 0.071550727 0.162236705 0.065388583 0.981979728
6995.000000 0.224449039 0.098068491 -0.192364618 0.071996592 0.168058783 0.066019177 0.980925202
6996.000000 0.222655222 0.094597667 -0.182391778 0.072009452 0.182629719 0.067164093 0.978238285
6997.000000 0.222704783 0.095009916 -0.182103351 0.072085090 0.182598695 0.066632807 0.978274822
6998.000000 0.222393274 0.092952810 -0.173410237 0.070683718 0.194852814 0.067559794 0.975946665
6999.000000 0.221372083 0.094133154 -0.174536452 0.070833385 0.194867358 0.067064978 0.975967050
7000.000000 0.225847393 0.099891916 -0.158705205 0.071761519 0.209220037 0.069195747 0.972774029
7001.000000 0.226115659 0.100443400 -0.157882676 0.071915470 0.209442452 0.068617411 0.972755730
7002.000000 0.226498157 0.096856527 -0.150484830 0.071221478 0.224379182 0.071090989 0.969292343
7003.000000 0.225393355 0.098086968 -0.150679260 0.071420699 0.224591762 0.070536554 0.969268978
7004.000000 0.224702865 0.097071350 -0.144377410 0.070738696 0.238000721 0.069012061 0.966224134
7005.000000 0.221238896 0.097399287 -0.145868957 0.070707455 0.238421306 0.069473438 0.966089725
7006.000000 0.224379644 0.094258629 -0.138382912 0.067393489 0.252326995 0.066603079 0.962991834
7007.000000 0.221279502 0.094063893 -0.139498100 0.067268394 0.252542853 0.067046270 0.962913215
7008.000000 0.216664582 0.091392785 -0.137567133 0.066507876 0.260530263 0.068866380 0.960707128
7009.000000 0.214743167 0.091361903 -0.137884229 0.066374771 0.260979980 0.068869196 0.960594058
7010.000000 0.213476151 0.091584332 -0.136735901 0.063296430 0.264239520 0.066233799 0.960095942
7011.000000 0.209632531 0.088325992 -0.135809466 0.058958102 0.266583651 0.066778846 0.959686279
7012.000000 0.206328273 0.085179597 -0.131844908 0.057423335 0.265083283 0.071017370 0.959890664
7013.000000 0.208799630 0.082700893 -0.131508604 0.057103105 0.264253527 0.072705068 0.960012197
7014.000000 0.200558782 0.082458667 -0.130270064 0.067910850 0.261025071 0.077369973 0.959827065
7015.000000 0.199882954 0.082203768 -0.130807683 0.067915194 0.260957330 0.077697426 0.959818780
7016.000000 0.189853206 0.075612202 -0.132962093 0.066521637 0.252791792 0.076005697 0.962234020
7017.000000 0.189589649 0.074066475 -0.134274721 0.066275634 0.252430916 0.077450559 0.962230563
7018.000000 0.181251571 0.071613416 -0.130115896 0.066044942 0.237282977 0.076394819 0.966177344
7019.000000 0.183541939 0.070785657 -0.130017385 0.066039175 0.236579821 0.077911690 0.966229081
7020.000000 0.170960203 0.068711810 -0.127831176 0.067556933 0.221227929 0.075024650 0.969982266
7021.000000 0.171854153 0.067931965 -0.129472077 0.067361668 0.220692441 0.075888067 0.970050693
7022.000000 0.166283309 0.070523314 -0.126380086 0.066799127 0.214146554 0.072538503 0.971811414
7023.000000 0.155984655 0.067395166 -0.122837424 0.065647513 0.199780062 0.068756275 0.975218415
7024.000000 0.158111989 0.068369344 -0.123958021 0.065620564 0.199268475 0.068920232 0.975313365
7025.000000 0.146790802 0.055866212 -0.115863763 0.064595476 0.182702109 0.065368041 0.978863835
7026.000000 0.141344965 0.048256323 -0.126789719 0.063866794 0.182726964 0.064702235 0.978951275
7027.000000 0.118759714 0.036252167 -0.141298652 0.062138688 0.165202960 0.064823546 0.982163310
7028.000000 0.119518816 0.039202403 -0.141302615 0.062378671 0.164998755 0.063757390 0.982252181
7029.000000 0.112099178 0.041345064 -0.062720247 0.064050913 0.142712310 0.059985377 0.985866427
7030.000000 0.113339648 0.037630040 -0.114426188 0.062962949 0.138972118 0.065114513 0.986145318
7031.000000 0.099734344 0.055238668 -0.129754663 0.063910507 0.109867871 0.055164862 0.990354180
7032.000000 0.083414324 0.085768349 -0.128728688 0.066559084 0.110132724 0.051216114 0.990362406
7033.000000 0.074242182 0.078326195 -0.153507888 0.068689629 0.078956403 0.053776100 0.993053794
7034.000000 0.079002231 0.103733987 -0.134773001 0.069350019 0.078079037 0.059102882 0.992774487
7035.000000 0.055726741 0.104137167 -0.142199948 0.077434525 0.043635573 0.064049624 0.993980646
7036.000000 0.059206016 0.103135630 -0.137116760 0.077245727 0.043358717 0.063837275 0.994021118
7037.000000 0.040269952 0.103797778 -0.151478261 0.077509001 0.004518539 0.059108768 0.995227635
7038.000000 0.053857278 0.104732141 -0.145629272 0.077402547 0.002794842 0.058160756 0.995298147
7039.000000 0.033241548 0.111291304 -0.112015322 0.075680770 -0.016187040 0.060102254 0.995187461
7040.000000 0.018626783 0.110218003 -0.109079093 0.069890991 -0.046781529 0.050408036 0.995181262
7041.000000 0.008408862 0.107413560 -0.103210822 0.068372905 -0.059240870 0.046698846 0.994803965
7042.000000 -0.003237102 0.097932748 -0.108021721 0.065591551 -0.078213453 0.038125761 0.994045675
7043.000000 -0.002586802 0.098884232 -0.100455016 0.065683201 -0.078573957 0.039265390 0.993966877
7044.000000 -0.010692012 0.099271342 -0.094145164 0.065041713 -0.085614607 0.040896006 0.993361592
7045.000000 -0.020283340 0.095682584 -0.094981045 0.063741550 -0.099822216 0.039845157 0.992161751
7046.000000 -0.019360639 0.095970050 -0.092246309 0.063639887 -0.099818304 0.040216140 0.992153704
7047.000000 -0.031202508 0.095249146 -0.087237127 0.065321133 -0.110363491 0.040359896 0.990920901
7048.000000 -0.031268746 0.094808489 -0.082417585 0.065369055 -0.110327080 0.040366232 0.990921497
7049.000000 -0.035762265 0.094977908 -0.086454913 0.066692479 -0.119976833 0.040845342 0.989691556
7050.000000 -0.020569423 0.094756305 -0.095444873 0.066247962 -0.121043690 0.037194390 0.989735425
7051.000000 -0.024158293 0.094736733 -0.092095159 0.066275835 -0.125723720 0.037951801 0.989121258
7052.000000 -0.031433698 0.092315957 -0.084001936 0.067383870 -0.136573628 0.036353480 0.987666726
7053.000000 -0.031674039 0.092594273 -0.082623862 0.067432947 -0.136412859 0.036734864 0.987671494
7054.000000 -0.039681200 0.086300701 -0.073465854 0.067876466 -0.143918410 0.031677932 0.986750662
7055.000000 -0.040735953 0.085857227 -0.071708240 0.067763105 -0.143619388 0.031772420 0.986798942
7056.000000 -0.049327772 0.079687230 -0.059859365 0.071656197 -0.147021934 0.032953124 0.985983789
7057.000000 -0.049861267 0.080048971 -0.058781087 0.071790323 -0.146942884 0.033292886 0.985974431
7058.000000 -0.054750696 0.073936597 -0.047940318 0.073672362 -0.147443995 0.033465959 0.985754907
7059.000000 -0.055221166 0.073735222 -0.047305260 0.073650092 -0.147361189 0.033495363 0.985767961
7060.000000 -0.058756750 0.076534718 -0.035504613 0.076740690 -0.149759635 0.039404187 0.984951913
7061.000000 -0.058539625 0.076402292 -0.035328921 0.076749459 -0.149762273 0.039251480 0.984956920
7062.000000 -0.055402957 0.076352157 -0.033534728 0.074502729 -0.152770460 0.039059572 0.984675109
7063.000000 -0.056707732 0.072862186 -0.028563080 0.070680127 -0.153389022 0.035483994 0.984995961
7064.000000 -0.067978330 0.067589134 -0.008051272 0.070699140 -0.149675146 0.030815881 0.985722780
7065.000000 -0.068216346 0.067775935 -0.007637057 0.070717409 -0.149643883 0.031052642 0.985718787
7066.000000 -0.066334531 0.062936991 0.000526913 0.071526080 -0.144838408 0.027388213 0.986486614
7067.000000 -0.066661105 0.062913813 0.000598024 0.071507581 -0.144959271 0.027339013 0.986471534
7068.000000 -0.069351107 0.059556920 0.016048359 0.067938119 -0.134280518 0.024398234 0.988310635
7069.000000 -0.070352398 0.058896530 0.016165635 0.067931570 -0.134246171 0.023892274 0.988328099
7070.000000 -0.072536692 0.057949621 0.030944146 0.065892197 -0.121721670 0.024081267 0.990081906
7071.000000 -0.071617812 0.056213047 0.030204136 0.065778151 -0.121826664 0.022054922 0.990123808
7072.000000 -0.070264429 0.051282115 0.048336629 0.064363874 -0.100970201 0.022459360 0.992551208
7073.000000 -0.070144236 0.051926658 0.046374593 0.064546533 -0.101280101 0.022453068 0.992507935
7074.000000 -0.072209477 0.042155966 0.065836601 0.067570753 -0.065711573 0.017529033 0.995393872
7075.000000 -0.072523989 0.043209326 0.062899634 0.067995846 -0.065670602 0.017155573 0.995374143
7076.000000 -0.071636885 0.046290949 0.087513477 0.069078997 -0.031042928 0.030051248 0.996675193
7077.000000 -0.071539395 0.048218183 0.082322665 0.069408901 -0.030854659 0.030634625 0.996640325
7078.000000 -0.069458097 0.048722878 0.101899512 0.073733620 0.002209377 0.034942131 0.996663213
7079.000000 -0.071482040 0.051792581 0.103974700 0.074069113 0.002404703 0.036594145 0.996578634
7080.000000 -0.064705729 0.053196441 0.104583241 0.074733004 0.035303436 0.036693949 0.995902717
7081.000000 -0.066205926 0.054581542 0.102259934 0.075125657 0.035210788 0.037161812 0.995859146
7082.000000 -0.073542990 0.074309051 0.097621590 0.078197613 0.063732363 0.037323799 0.994198322
7083.000000 -0.044204026 0.053509995 0.127490401 0.076846547 0.062119834 0.040189840 0.994294047
7084.000000 -0.049031992 0.056727078 0.120677739 0.069119684 0.090783007 0.043731082 0.992506206
7085.000000 -0.043647483 0.048574626 0.145187467 0.069418423 0.091235593 0.046787586 0.992304504
7086.000000 -0.001528814 0.048122298 0.098780632 0.064387962 0.111971341 0.042060524 0.990730882
7087.000000 -0.057274293 0.069484465 0.125108659 0.069622770 0.122242004 0.043155935 0.989114344
7088.000000 -0.056934420 0.076448165 0.150835395 0.067323200 0.153215781 0.044121630 0.984909117
7089.000000 -0.106742404 0.105188720 0.168464348 0.076207116 0.162830204 0.055769011 0.982124567
7090.000000 -0.046093583 0.077986211 0.171418190 0.068101361 0.185837820 0.045104969 0.979179263
7091.000000 -0.040870056 0.076090343 0.169795930 0.067951754 0.185533017 0.046539042 0.979180396
7092.000000 -0.041955911 0.071105234 0.176880822 0.069441557 0.214465097 0.050141618 0.972968876
7093.000000 -0.036411300 0.074988000 0.182198301 0.070090927 0.214417174 0.049362514 0.972972751
7094.000000 -0.050315853 0.064434573 0.171855003 0.067756541 0.242575437 0.048849665 0.966529846
7095.000000 -0.093117744 0.048158821 0.214118615 0.066506714 0.253075719 0.051649500 0.963774860
7096.000000 -0.079438277 0.040359095 0.224766314 0.063659161 0.266558260 0.050254907 0.960400283
7097.000000 -0.065064356 0.037902098 0.230772793 0.066414185 0.291911751 0.051711787 0.952734292
7098.000000 -0.047786273 0.082980439 0.190586612 0.072022341 0.286378413 0.043085057 0.954433858
7099.000000 -0.023514654 0.055654738 0.212299272 0.074815691 0.308715552 0.048861958 0.946947694
7100.000000 -0.018436274 0.054404140 0.216647536 0.074597947 0.308759868 0.049349178 0.946925104
7101.000000 -0.018164940 0.052296899 0.218450382 0.075543046 0.333382249 0.049388107 0.938461721
7102.000000 -0.022770945 0.054252133 0.221279725 0.076329000 0.334657103 0.048768520 0.937976658
7103.000000 -0.020805616 0.022278113 0.228623450 0.072079852 0.355486155 0.052607190 0.930412114
7104.000000 -0.026345626 0.047272485 0.220778689 0.076370269 0.356662452 0.051283225 0.929693282
7105.000000 -0.047395311 0.054492164 0.246694878 0.079571448 0.376123101 0.057415131 0.921359479
7106.000000 -0.056295834 0.063285619 0.254151374 0.081294969 0.377830893 0.057687234 0.920492887
7107.000000 -0.036076538 0.055598486 0.244973809 0.076740354 0.387958795 0.055848707 0.916776896
7108.000000 -0.007644936 0.036476932 0.242050409 0.072969586 0.382851779 0.055817161 0.919230342
7109.000000 -0.008386753 0.036449004 0.250164777 0.071499303 0.394369364 0.054017782 0.914572477
7110.000000 -0.007599622 0.035303734 0.250997186 0.071504660 0.394255072 0.054906920 0.914568424
7111.000000 -0.012651302 0.034619283 0.256134480 0.064903423 0.400287390 0.055910431 0.912376940
7112.000000 -0.012869656 0.033105727 0.255533844 0.064748794 0.400244057 0.057304565 0.912320435
7113.000000 -0.016728513 0.035279509 0.264444500 0.061431557 0.403605282 0.056958836 0.911089897
7114.000000 -0.017199270 0.035061423 0.263614684 0.061430220 0.403573632 0.057106398 0.911094666
7115.000000 -0.016425580 0.038577937 0.273004889 0.055998858 0.409385026 0.056910530 0.908861518
7116.000000 -0.016821526 0.038137782 0.272590846 0.055974755 0.409353673 0.057217333 0.908857942
7117.000000 -0.018434301 0.036996108 0.281965733 0.049813911 0.420967817 0.057484876 0.903880715
7118.000000 -0.023088694 0.036001820 0.281289965 0.049714085 0.421474218 0.058347072 0.903594851
7119.000000 -0.018454641 0.035125736 0.289776802 0.046013333 0.427107960 0.065535910 0.900647938
7120.000000 -0.017793924 0.035315849 0.289514005 0.046088718 0.426992983 0.065788157 0.900680184
7121.000000 -0.016241819 0.031273924 0.295848519 0.050383274 0.430230021 0.072416507 0.898398280
7122.000000 -0.015814491 0.032761559 0.295786381 0.050607085 0.430163592 0.071597040 0.898483217
7123.000000 -0.016281150 0.031899244 0.303862602 0.051381569 0.431582958 0.071770214 0.897744536
7124.000000 -0.016421236 0.031301096 0.304256856 0.051322095 0.431615114 0.071852356 0.897725880
7125.000000 -0.017512374 0.028585201 0.310843110 0.047185931 0.430561841 0.069112435 0.898673177
7126.000000 -0.016967267 0.029468566 0.310948521 0.047423340 0.430526942 0.068740010 0.898706019
7127.000000 -0.015369885 0.026310692 0.316737503 0.044645324 0.428614289 0.066537149 0.899927497
7128.000000 -0.014890037 0.027996324 0.321348608 0.044752758 0.426314354 0.064483389 0.901163220
7129.000000 -0.017872132 0.026544845 0.322310269 0.047292236 0.423026085 0.064614281 0.902572691
7130.000000 -0.022695176 0.070256174 0.343040764 0.061970152 0.402374953 0.075416096 0.910256326
7131.000000 -0.038065456 0.062146541 0.352219492 0.061053663 0.405356616 0.076354794 0.908916056
7132.000000 -0.029273607 0.069762848 0.344798177 0.064680904 0.371204674 0.074370414 0.923305273
7133.000000 -0.037787907 0.076402307 0.339385390 0.065706924 0.372105926 0.073453553 0.922943354
7134.000000 -0.042807750 0.068309791 0.346316248 0.057527270 0.337413788 0.073031396 0.936754465
7135.000000 -0.030776847 0.023990715 0.332673013 0.047593411 0.336254328 0.066655248 0.938203096
7136.000000 -0.023246907 0.013521109 0.356063336 0.039811812 0.305890232 0.064791471 0.949024916
7137.000000 -0.063107252 -0.009998141 0.350033909 0.037789561 0.311045438 0.069950990 0.947063684
7138.000000 -0.030194573 -0.035434458 0.382221371 0.041375034 0.282950431 0.067453057 0.955864668
7139.000000 -0.035353653 0.008799840 0.370274574 0.048663054 0.282804340 0.064294025 0.955782413
7140.000000 -0.029708494 -0.002223667 0.379400104 0.050303083 0.270785362 0.064271420 0.959173679
7141.000000 -0.033561051 -0.005210218 0.385158956 0.053482048 0.258872718 0.065557458 0.962198973
7142.000000 -0.036363419 -0.011701716 0.391270816 0.055238325 0.244604066 0.067438796 0.965696514
7143.000000 -0.037633806 -0.001755167 0.420036882 0.060117468 0.216314882 0.058654156 0.972704172
7144.000000 -0.044926919 -0.015347421 0.402088463 0.058109768 0.215980828 0.062112693 0.972685754
7145.000000 -0.050381057 -0.021683222 0.401825517 0.060426708 0.201766729 0.061971877 0.975601554
7146.000000 -0.055069834 -0.028204063 0.425541192 0.069423988 0.168472439 0.063220523 0.981224000
7147.000000 -0.060904212 -0.023974584 0.417231292 0.070572726 0.167855993 0.062587567 0.981288254
7148.000000 -0.299939811 -0.002794086 0.109972015 0.077675156 0.158954680 0.066294886 0.981990337
7149.000000 -0.083602391 -0.020107798 0.434187800 0.077884495 0.135304332 0.058022100 0.986032546
7150.000000 -0.101837769 -0.019790521 0.442319930 0.080635458 0.106132269 0.056389157 0.989471614
7151.000000 -0.111419179 -0.032926772 0.414797217 0.079442292 0.107331850 0.060583863 0.989190817
7152.000000 -0.107852675 -0.024165615 0.434077442 0.079823568 0.090150110 0.060042385 0.990906715
7153.000000 -0.121012397 -0.030080032 0.441300452 0.080044456 0.052450988 0.063174412 0.993403673
7154.000000 -0.111668237 0.005138178 0.440650076 0.082378693 0.050946511 0.055004828 0.993777037
7155.000000 -0.130072862 -0.014116543 0.453740090 0.076048434 0.013101110 0.052610282 0.995629013
7156.000000 -0.130163044 -0.017403698 0.464244694 0.075804226 0.012588127 0.052436396 0.995663524
7157.000000 -0.150610536 -0.019543491 0.426592261 0.067211464 -0.030947117 0.058371872 0.995548904
7158.000000 -0.148207963 -0.020280322 0.433624983 0.067400753 -0.032212753 0.056496479 0.995604157
7159.000000 -0.156679004 -0.027500995 0.436423182 0.065339290 -0.078015238 0.054433100 0.993318439
7160.000000 -0.172551632 0.008055931 0.388634294 0.066701703 -0.077706441 0.052657317 0.993347824
7161.000000 -0.131525457 0.030741518 0.482215613 0.073596016 -0.110011801 0.051756524 0.989849687
7162.000000 -0.148540556 0.029865626 0.512103915 0.073697776 -0.108539104 0.049326859 0.990128696
7163.000000 -0.146124378 0.023238450 0.503022790 0.072787717 -0.113334745 0.044595048 0.989883125
7164.000000 -0.151403934 0.020004774 0.505307317 0.067820542 -0.113838688 0.041549888 0.990310431
7165.000000 -0.162680075 0.024967194 0.511279762 0.059941776 -0.115151145 0.040361807 0.990716040
7166.000000 -0.163353518 0.024052953 0.514997303 0.059903808 -0.115040988 0.040044650 0.990743995
7167.000000 -0.172250375 0.025437575 0.518309891 0.055469327 -0.120975442 0.031771190 0.990595102
7168.000000 -0.172758386 0.024883995 0.521919131 0.055515587 -0.120852120 0.031774651 0.990607560
7169.000000 -0.179230183 0.025209656 0.527261615 0.054185588 -0.123305611 0.028009837 0.990492404
7170.000000 -0.186328113 0.022849422 0.532965124 0.052171677 -0.124950215 0.023345966 0.990515351
7171.000000 -0.209102109 0.009962333 0.557557642 0.052216228 -0.113573216 0.017099528 0.992009223
7172.000000 -0.209483087 0.009993543 0.556970000 0.052294172 -0.113481089 0.016911402 0.992018878
7173.000000 -0.215626359 0.011305412 0.557284594 0.058985975 -0.107934557 0.020223059 0.992200494
7174.000000 -0.216067240 0.011517662 0.555817485 0.058998898 -0.107836120 0.020103155 0.992212951
7175.000000 -0.217911839 0.008143574 0.559437513 0.049609017 -0.097986534 0.011180514 0.993887663
7176.000000 -0.218840644 0.008468941 0.557857513 0.049687192 -0.097908460 0.010893992 0.993894637
7177.000000 -0.237707600 0.007710839 0.590367377 0.049206473 -0.081248768 0.010721135 0.995420814
7178.000000 -0.236049533 0.007820990 0.587744951 0.049186006 -0.081604101 0.011585332 0.995383024
7179.000000 -0.239714995 -0.000662229 0.598988950 0.049230065 -0.065504454 0.008494191 0.996600926
7180.000000 -0.239292800 0.000277051 0.597341001 0.049351018 -0.065959290 0.009087457 0.996559739
7181.000000 -0.245289937 -0.010186104 0.615697742 0.052814219 -0.041684594 0.002235485 0.997731507
7182.000000 -0.244112983 -0.009538468 0.613456845 0.053068120 -0.041902050 0.002539517 0.997708201
7183.000000 -0.264100730 0.011898895 0.599339366 0.057688080 -0.006960097 -0.000021476 0.998310387
7184.000000 -0.265111804 0.014307220 0.598044515 0.058490146 -0.006528519 0.001551314 0.998265445
7185.000000 -0.262265474 0.005753493 0.608215451 0.062607184 0.032996219 0.002483077 0.997489572
7186.000000 -0.259211302 0.020213757 0.614497900 0.063865274 0.032599665 0.002395745 0.997423053
7187.000000 -0.262592345 0.011480249 0.622713804 0.059227336 0.072403751 0.012986436 0.995530605
7188.000000 -0.269079626 0.015441440 0.620554745 0.060271252 0.073571667 0.013950108 0.995369256
7189.000000 -0.252410263 0.025632402 0.630037606 0.061787352 0.086813547 0.016473429 0.994170249
7190.000000 -0.247283027 0.001438261 0.633622050 0.057636954 0.120408095 0.019819887 0.990851700
7191.000000 -0.285991043 -0.011549883 0.642435849 0.054776803 0.142079487 0.026174884 0.987991869
7192.000000 -0.276484996 0.012888892 0.591753304 0.059199579 0.149169266 0.023318961 0.986762464
7193.000000 -0.255356848 -0.015440613 0.617988646 0.058404237 0.148770526 0.018845743 0.986965656
7194.000000 -0.232534051 -0.005705270 0.656641006 0.060991216 0.174758211 0.026441196 0.982364833
7195.000000 -0.319249541 -0.017980441 0.627906144 0.056049310 0.186473936 0.039001890 0.980084121
7196.000000 -0.220541403 -0.005695605 0.670199037 0.056945149 0.201939017 0.030242354 0.977273464
7197.000000 -0.195432052 -0.017549213 0.697586477 0.056216728 0.200730443 0.033264969 0.977466404
7198.000000 -0.200531736 -0.011466396 0.691140711 0.054047801 0.228582069 0.032805365 0.971469462
7199.000000 -0.185412735 -0.019066259 0.705525696 0.053659074 0.227940470 0.033577729 0.971615374
7200.000000 -0.186695740 -0.007168754 0.712022066 0.056245789 0.253090322 0.031203998 0.965302050
7201.000000 -0.177763596 -0.015735188 0.718186319 0.055528484 0.252814263 0.032198559 0.965383291
7202.000000 -0.181752175 -0.009830744 0.713614404 0.054591682 0.281491160 0.027997065 0.957600474
7203.000000 -0.159525841 -0.016799215 0.732659459 0.053914629 0.280594051 0.028476126 0.957888007
7204.000000 -0.143191218 -0.018291678 0.760698259 0.058013104 0.299229681 0.036637135 0.951711059
7205.000000 -0.143736869 -0.029303282 0.737484932 0.057338744 0.298487782 0.033010688 0.952117443
7206.000000 -0.144470870 -0.037541378 0.746634543 0.060482141 0.310858816 0.046428759 0.947392821
7207.000000 -0.135241494 -0.047492024 0.758916676 0.058570050 0.310344011 0.049107626 0.947546601
7208.000000 -0.183772251 -0.062189404 0.716453910 0.053725686 0.326445907 0.055328242 0.942064524
7209.000000 -0.171891019 -0.074955627 0.720124900 0.051334929 0.324955255 0.056511067 0.942642748
7210.000000 -0.159781516 -0.086070322 0.732731044 0.049504943 0.337266684 0.057105806 0.938370645
7211.000000 -0.159075707 -0.085650399 0.743651986 0.050483499 0.338413537 0.058716018 0.937806070
7212.000000 -0.165244207 -0.058971386 0.739607513 0.062647246 0.357099682 0.058480714 0.930126429
7213.000000 -0.114353091 -0.088495113 0.805273771 0.058139071 0.354075700 0.062904701 0.931285858
7214.000000 -0.139472142 -0.105420090 0.748376310 0.051272869 0.371542454 0.059555110 0.925084114
7215.000000 -0.141560823 -0.096794285 0.763154149 0.055105224 0.373619467 0.063925520 0.923734546
7216.000000 -0.127695397 -0.108417362 0.775315702 0.048014082 0.383522570 0.060156722 0.920318663
7217.000000 -0.123112500 -0.114404954 0.782719254 0.047836713 0.383478880 0.065960757 0.919948280
7218.000000 -0.116573244 -0.101499110 0.783341527 0.045825504 0.383945733 0.063835844 0.920005858
7219.000000 -0.116906926 -0.101290643 0.783834815 0.045828540 0.384028941 0.064155169 0.919948757
7220.000000 -0.114699975 -0.101362616 0.798968256 0.045009028 0.385695755 0.062077601 0.919434309
7221.000000 -0.112736136 -0.104652278 0.808955550 0.042548608 0.390155941 0.056199349 0.918046653
7222.000000 -0.098446533 -0.090814613 0.821143866 0.045653429 0.388121545 0.058302641 0.918628454
7223.000000 -0.094527423 -0.065486312 0.829653859 0.055080887 0.382650644 0.058304623 0.920404911
7224.000000 -0.089331761 -0.084529959 0.831885874 0.051229931 0.382701308 0.058593482 0.920587897
7225.000000 -0.093323722 -0.083253741 0.832605660 0.060617756 0.363332510 0.052681483 0.928191662
7226.000000 -0.089249805 -0.077652760 0.828559577 0.061396439 0.362160265 0.052162431 0.928627729
7227.000000 -0.087205529 -0.078463249 0.836661816 0.061195865 0.350581259 0.047883734 0.933303356
7228.000000 -0.084702894 -0.068016991 0.826511145 0.060799673 0.334094465 0.043658379 0.939562857
7229.000000 -0.098864965 -0.060387496 0.861238897 0.058840688 0.301397771 0.043903749 0.950668037
7230.000000 -0.099117741 -0.062700070 0.852124810 0.058302920 0.300633132 0.044241536 0.950927556
7231.000000 -0.117283531 -0.059667259 0.849299908 0.057438146 0.258656323 0.047134381 0.963107586
7232.000000 -0.130310193 -0.058330797 0.872030199 0.059078053 0.208311215 0.050269932 0.974981666
7233.000000 -0.130808577 -0.060124774 0.865284383 0.058752190 0.207763672 0.050846782 0.975088298
7234.000000 -0.136209100 -0.059978064 0.867723405 0.062508635 0.175507456 0.050992966 0.981167495
7235.000000 -0.154766634 -0.063848883 0.864927888 0.060620558 0.148648262 0.048600543 0.985833108
7236.000000 -0.163942933 -0.048693512 0.895558774 0.056414783 0.120355189 0.041018166 0.990277529
7237.000000 -0.163292140 -0.045511436 0.896505356 0.056615479 0.120137528 0.040186867 0.990326583
7238.000000 -0.171070933 -0.047051925 0.904301286 0.060137708 0.111427411 0.045516290 0.990906537
7239.000000 -0.177618772 -0.049022652 0.907310724 0.066053890 0.100611106 0.051019989 0.991418898
7240.000000 -0.178573936 -0.045622464 0.906125426 0.067643300 0.087825797 0.052790962 0.992433429
7241.000000 -0.208655506 -0.057996411 0.895400703 0.065138750 0.062934168 0.049594559 0.994654059
7242.000000 -0.194994539 -0.049863238 0.919758499 0.065297469 0.061656110 0.047997981 0.994801998
7243.000000 -0.209517583 -0.020776942 0.918726385 0.071781382 0.038099010 0.042763557 0.995774686
7244.000000 -0.215528488 -0.042367730 0.923178792 0.069823496 0.036959782 0.049822092 0.995628655
7245.000000 -0.220340088 -0.023761041 0.920232058 0.074241623 0.015345185 0.042142693 0.996231318
7246.000000 -0.226366535 -0.017175423 0.932617843 0.074792787 0.014431383 0.047598537 0.995957911
7247.000000 -0.233605266 -0.020410450 0.934709549 0.072925091 0.008151001 0.042660613 0.996391296
7248.000000 -0.253478229 -0.024326414 0.949305117 0.075538173 -0.003450150 0.037859350 0.996417999
7249.000000 -0.253777921 -0.025116272 0.953967512 0.075350136 -0.003370861 0.038112041 0.996422887
7250.000000 -0.261851221 -0.025445726 0.949963987 0.080476865 -0.018507916 0.034235481 0.995996416
7251.000000 -0.257708102 -0.032178730 0.957490623 0.080022924 -0.018363791 0.033797156 0.996050656
7252.000000 -0.265790194 -0.029495798 0.953522265 0.080616482 -0.025685832 0.029942598 0.995964229
7253.000000 -0.269551754 -0.027186666 0.947773159 0.084520586 -0.035746310 0.028733257 0.995365739
7254.000000 -0.274270803 -0.023976292 0.954994440 0.084957533 -0.035078112 0.027672626 0.995382309
7255.000000 -0.278317273 -0.037995245 0.963681877 0.087576702 -0.037580121 0.029881857 0.995000064
7256.000000 -0.280772567 -0.038709439 0.963187516 0.089215100 -0.040499181 0.031121425 0.994701982
7257.000000 -0.282610685 -0.038356520 0.957429647 0.089963809 -0.045900065 0.033029899 0.994338334
7258.000000 -0.282868922 -0.038842570 0.959063530 0.089905046 -0.045838226 0.033025131 0.994346678
7259.000000 -0.287279218 -0.038496323 0.961819232 0.083695911 -0.051753998 0.037399109 0.994443476
7260.000000 -0.287570357 -0.040022343 0.965349078 0.083434008 -0.051647764 0.036264595 0.994513094
7261.000000 -0.289453983 -0.036929086 0.963238358 0.080074750 -0.059431195 0.040356457 0.994196892
7262.000000 -0.289895624 -0.038280524 0.966554880 0.079823680 -0.059315417 0.039687261 0.994250894
7263.000000 -0.287297904 -0.037106950 0.970935524 0.076224767 -0.064011231 0.040393375 0.994213641
7264.000000 -0.292768478 -0.037166454 0.983735561 0.073711820 -0.069857739 0.036046397 0.994176626
7265.000000 -0.292824715 -0.036949217 0.986518204 0.073778108 -0.069797531 0.036019031 0.994176924
7266.000000 -0.297286570 -0.037358902 0.998026192 0.076869354 -0.074307062 0.034382641 0.993673742
7267.000000 -0.307764262 -0.036103889 1.000442386 0.077136815 -0.073309280 0.035991367 0.993670166
7268.000000 -0.306430250 -0.037818220 1.002168655 0.076577038 -0.076371945 0.035548691 0.993498683
7269.000000 -0.308610916 -0.035822339 1.011081934 0.078893013 -0.083116248 0.038917817 0.992649496
7270.000000 -0.308702707 -0.035110012 1.013475776 0.079091407 -0.083057821 0.039294079 0.992623806
7271.000000 -0.306809008 -0.033926785 1.014539480 0.078691080 -0.086161241 0.037685249 0.992453456
7272.000000 -0.303018659 -0.035774782 1.015437722 0.077449292 -0.090321615 0.035926197 0.992246389
7273.000000 -0.304192662 -0.035818420 1.021736622 0.076881647 -0.094613686 0.036301218 0.991876900
7274.000000 -0.307890654 -0.038703743 1.036374211 0.076199897 -0.103705540 0.036966972 0.990995646
7275.000000 -0.307881981 -0.038847193 1.036696196 0.076112024 -0.103579164 0.036958702 0.991015911
7276.000000 -0.313352436 -0.043432042 1.054592133 0.082158573 -0.109850906 0.036691904 0.989866912
7277.000000 -0.313532233 -0.042910602 1.054981709 0.082292318 -0.109709524 0.037385002 0.989845514
7278.000000 -0.314950645 -0.044410493 1.063075185 0.088182122 -0.112731956 0.037008982 0.989012599
7279.000000 -0.314578563 -0.043892801 1.069384217 0.094594985 -0.116031930 0.037119813 0.988033712
7280.000000 -0.311275750 -0.040970467 1.081186056 0.097674623 -0.126124531 0.035831418 0.986543655
7281.000000 -0.311178446 -0.041199595 1.081216931 0.097656816 -0.125875250 0.035472039 0.986590266
7282.000000 -0.311713725 -0.043331981 1.096919179 0.090921298 -0.137029186 0.032917403 0.985836089
7283.000000 -0.311488479 -0.043878503 1.097671151 0.090774998 -0.136901915 0.032366298 0.985885501
7284.000000 -0.313653171 -0.046418428 1.108005524 0.090586282 -0.140695915 0.031335253 0.985401928
7285.000000 -0.314537019 -0.049637061 1.116920471 0.093490072 -0.143826127 0.029561451 0.984733343
7286.000000 -0.311872900 -0.052311976 1.123312116 0.096982688 -0.145590648 0.027818127 0.984186947
7287.000000 -0.308013111 -0.053728551 1.128207564 0.098850541 -0.145237118 0.025676383 0.984111547
7288.000000 -0.307987660 -0.055111811 1.138094068 0.098768674 -0.144055426 0.026447130 0.984273016
7289.000000 -0.306209713 -0.056635424 1.155736804 0.103768319 -0.145835042 0.033337850 0.983286798
7290.000000 -0.306114256 -0.056766059 1.155740261 0.103774399 -0.145781234 0.033193760 0.983298957
7291.000000 -0.300082982 -0.057242658 1.164727211 0.108785212 -0.152882814 0.033576544 0.981664598
7292.000000 -0.299882621 -0.056884661 1.164540887 0.108885385 -0.152845293 0.033944625 0.981646657
7293.000000 -0.297401637 -0.057532731 1.174890518 0.105867885 -0.161343589 0.028032182 0.980803013
7294.000000 -0.296623826 -0.057435457 1.174992323 0.105899788 -0.161473453 0.028000008 0.980779052
7295.000000 -0.297974378 -0.059710607 1.188321352 0.105234303 -0.165064856 0.023076037 0.980381012
7296.000000 -0.297789991 -0.059760682 1.188315749 0.105276018 -0.164968669 0.022885274 0.980397165
7297.000000 -0.296770334 -0.059744902 1.199393749 0.102604441 -0.167320698 0.022646753 0.980287373
7298.000000 -0.296669096 -0.059869491 1.199157596 0.102548063 -0.167336553 0.022435103 0.980295420
7299.000000 -0.297996968 -0.060528979 1.211370230 0.095416836 -0.164299116 0.021697572 0.981545091
7300.000000 -0.297918051 -0.060516987 1.211433053 0.095365942 -0.164505944 0.021813773 0.981512845
7301.000000 -0.297307998 -0.060044765 1.221509814 0.091542184 -0.160961539 0.023594210 0.982422948
7302.000000 -0.297260016 -0.060014408 1.221148849 0.091519527 -0.161104381 0.023533022 0.982403100
7303.000000 -0.296229899 -0.060573585 1.232286215 0.086287759 -0.155430719 0.020745201 0.983852327
7304.000000 -0.296639621 -0.060626395 1.232277989 0.086285241 -0.155524403 0.020796601 0.983836710
7305.000000 -0.295059949 -0.061678410 1.237910509 0.082535669 -0.152384356 0.018983424 0.984686017
7306.000000 -0.295504242 -0.061413981 1.256988406 0.073481716 -0.143746644 0.023553025 0.986601532
7307.000000 -0.295513600 -0.061586101 1.256265759 0.073377177 -0.143831491 0.023312820 0.986602724
7308.000000 -0.292718142 -0.061717909 1.271909118 0.075396635 -0.135419890 0.025148537 0.987595260
7309.000000 -0.292913914 -0.061127659 1.270057559 0.075511433 -0.135509610 0.025350865 0.987569034
7310.000000 -0.291970938 -0.055843048 1.288140535 0.067374341 -0.124563567 0.022545701 0.989664733
7311.000000 -0.292139471 -0.056027792 1.288093567 0.067354016 -0.124697641 0.022442639 0.989651620
7312.000000 -0.294848561 -0.053195387 1.301658750 0.068813525 -0.121576630 0.024947222 0.989879549
7313.000000 -0.292452097 -0.053984068 1.317937851 0.064932406 -0.115946196 0.023002159 0.990863919
7314.000000 -0.292649120 -0.054067533 1.317636371 0.064875327 -0.115969345 0.023038777 0.990864038
7315.000000 -0.297567397 -0.057010405 1.350926995 0.066785067 -0.105502471 0.024764346 0.991864800
7316.000000 -0.297396779 -0.056012653 1.350041270 0.067024842 -0.105823025 0.025774855 0.991788685
7317.000000 -0.299724728 -0.052087039 1.337294340 0.072262734 -0.087904446 0.026104329 0.993161380
7318.000000 -0.299572676 -0.050515760 1.335343122 0.072640121 -0.088275187 0.027452270 0.993064642
7319.000000 -0.290770918 -0.047923144 1.381455183 0.074446782 -0.070392959 0.027267143 0.994363606
7320.000000 -0.290845096 -0.047431499 1.379970908 0.074475154 -0.070585631 0.027731597 0.994334996
7321.000000 -0.301463574 -0.042822674 1.373731017 0.077192672 -0.044433255 0.024410360 0.995726466
7322.000000 -0.300242215 -0.040607214 1.371180773 0.077686414 -0.045164939 0.026232863 0.995608807
7323.000000 -0.298085362 -0.045036692 1.398494720 0.089186065 -0.017464656 0.030994181 0.995379508
7324.000000 -0.282458156 -0.063055292 1.423456550 0.087871730 -0.017611826 0.028692888 0.995562732
7325.000000 -0.276499569 -0.065700181 1.427438021 0.090969883 -0.005917734 0.028279912 0.995434403
7326.000000 -0.266588539 -0.068945095 1.424527287 0.089283459 0.006960997 0.021563435 0.995748520
7327.000000 -0.271340162 -0.071200371 1.463626146 0.086935833 0.033522628 0.018593367 0.995476127
7328.000000 -0.272837460 -0.071011752 1.461727619 0.086932957 0.033984650 0.018282827 0.995466471
7329.000000 -0.267469704 -0.073654339 1.477175355 0.091872588 0.057128947 0.022592669 0.993873954
7330.000000 -0.264377564 -0.071858123 1.470137119 0.092078201 0.056880780 0.022881228 0.993862510
7331.000000 -0.261946350 -0.072255760 1.476896644 0.091718033 0.065077469 0.029938066 0.993205190
7332.000000 -0.258668959 -0.075738974 1.494722486 0.094208173 0.083891995 0.033330709 0.991451502
7333.000000 -0.257579595 -0.074331917 1.490648270 0.094454415 0.083874114 0.033782814 0.991414249
7334.000000 -0.254702538 -0.076105073 1.494235158 0.094756767 0.094152190 0.034255005 0.990445971
7335.000000 -0.251702458 -0.078185081 1.495383859 0.093775265 0.103153057 0.037001405 0.989543676
7336.000000 -0.246354938 -0.078235097 1.516247630 0.093293242 0.121908747 0.042260848 0.987242997
7337.000000 -0.244610429 -0.074974470 1.514616013 0.093828492 0.121923372 0.041844986 0.987208188
7338.000000 -0.242192850 -0.079153672 1.517298818 0.093389474 0.142704338 0.047293980 0.984214008
7339.000000 -0.241450757 -0.077888183 1.519965053 0.093730502 0.142950416 0.046691548 0.984174609
7340.000000 -0.229149744 -0.079612672 1.544190168 0.094283156 0.160757750 0.050754067 0.981168568
7341.000000 -0.228512689 -0.077623039 1.537088633 0.094442181 0.160960317 0.050687619 0.981123447
7342.000000 -0.225894690 -0.082183182 1.541034222 0.093919337 0.168679982 0.050779331 0.979871273
7343.000000 -0.220853686 -0.085760914 1.540885091 0.087947242 0.180790886 0.046395537 0.978482187
7344.000000 -0.221405044 -0.083076894 1.530578136 0.088132501 0.180724919 0.045662086 0.978512287
7345.000000 -0.213320613 -0.084832966 1.545813680 0.081232369 0.192118555 0.038608082 0.977241695
7346.000000 -0.212987036 -0.080859177 1.541905642 0.081690781 0.192044228 0.037959605 0.977243423
7347.000000 -0.199095577 -0.076474950 1.585477710 0.078154877 0.199007586 0.040234253 0.976047695
7348.000000 -0.198754683 -0.075660557 1.584364533 0.078228056 0.199015424 0.039849468 0.976056039
7349.000000 -0.199446589 -0.081440456 1.580712080 0.076815739 0.203310013 0.041191973 0.975226939
7350.000000 -0.187220961 -0.078745529 1.596897721 0.077707306 0.212945685 0.040153492 0.973141074
7351.000000 -0.185061097 -0.078475483 1.597497106 0.077771924 0.212818831 0.040121257 0.973164916
7352.000000 -0.178345814 -0.083917648 1.606053233 0.078940213 0.219498992 0.040532771 0.971568763
7353.000000 -0.177101761 -0.083481848 1.606702328 0.079058319 0.219454497 0.040125467 0.971586108
7354.000000 -0.165686682 -0.087633967 1.621747613 0.078826718 0.223064259 0.039470933 0.970809340
7355.000000 -0.164718837 -0.086843170 1.621686220 0.078986801 0.222982228 0.039192982 0.970826447
7356.000000 -0.157055229 -0.089665316 1.629647613 0.079769738 0.222485840 0.039881855 0.970848262
7357.000000 -0.151231825 -0.089677215 1.636311769 0.081312984 0.221581817 0.039400261 0.970946670
7358.000000 -0.149790406 -0.097829223 1.643382430 0.079385906 0.218788609 0.041904215 0.971634448
7359.000000 -0.149395734 -0.097373262 1.643519998 0.079427525 0.218670353 0.041638266 0.971669137
7360.000000 -0.134166926 -0.097503491 1.661638260 0.080973037 0.212560460 0.039812431 0.972973049
7361.000000 -0.135129184 -0.098793820 1.659889221 0.080797806 0.212469175 0.040621664 0.972974062
7362.000000 -0.132373840 -0.103418499 1.669975042 0.080949143 0.206879303 0.042278327 0.974094868
7363.000000 -0.131999344 -0.103206046 1.670339942 0.080961719 0.206817195 0.042093247 0.974115074
7364.000000 -0.124312691 -0.102946281 1.684459209 0.081011273 0.201461643 0.039281927 0.975349903
7365.000000 -0.124418139 -0.103266731 1.684738874 0.080981009 0.201471433 0.039390676 0.975345969
7366.000000 -0.119230472 -0.105920717 1.696355581 0.079326890 0.196264192 0.039460108 0.976540148
7367.000000 -0.119259275 -0.106090382 1.696130037 0.079287000 0.196249560 0.039593484 0.976540864
7368.000000 -0.113158584 -0.110917360 1.702491999 0.079605989 0.190869033 0.042231593 0.977470458
7369.000000 -0.108412087 -0.113341033 1.710355997 0.077489458 0.179431006 0.042226367 0.979804516
7370.000000 -0.109068252 -0.112492360 1.710403323 0.077546425 0.179419875 0.041699890 0.979824603
7371.000000 -0.101760462 -0.114046738 1.721286058 0.073283255 0.164419621 0.039878361 0.982855797
7372.000000 -0.102470711 -0.114355125 1.721117735 0.073146321 0.164343134 0.039869167 0.982879162
7373.000000 -0.096782044 -0.114701375 1.727401614 0.074022502 0.155183047 0.039099690 0.984332383
7374.000000 -0.091392010 -0.115485720 1.747153044 0.077202253 0.132063299 0.041200381 0.987371087
7375.000000 -0.093718082 -0.117098272 1.743492365 0.076693580 0.131771952 0.042100761 0.987411678
7376.000000 -0.093403094 -0.122535177 1.749903679 0.077669844 0.106384397 0.038853426 0.990525246
7377.000000 -0.095518038 -0.124851517 1.748472214 0.077046424 0.106067739 0.040142022 0.990556538
7378.000000 -0.102727860 -0.125258133 1.741180182 0.072424740 0.081607960 0.036822524 0.993347347
7379.000000 -0.102299452 -0.125573367 1.744595766 0.072220631 0.081285879 0.036424588 0.993403256
7380.000000 -0.103156865 -0.112409249 1.759791851 0.072514258 0.058366444 0.031537537 0.995158494
7381.000000 -0.103235342 -0.116578780 1.763299346 0.071762376 0.057965152 0.033210639 0.995182037
7382.000000 -0.111651734 -0.112540871 1.762195826 0.073049024 0.041048910 0.032151319 0.995964468
7383.000000 -0.111685552 -0.113721222 1.765084743 0.073277876 0.040970076 0.030539220 0.996001661
7384.000000 -0.116945259 -0.111899145 1.766230464 0.074569121 0.025383502 0.028713714 0.996479154
7385.000000 -0.117521249 -0.114812128 1.769328952 0.074294366 0.025324672 0.028950395 0.996494293
7386.000000 -0.122955836 -0.115926348 1.769282460 0.072663881 0.018418355 0.028021421 0.996792614
7387.000000 -0.124930330 -0.117696092 1.771627188 0.070344456 0.010948014 0.028280687 0.997061670
7388.000000 -0.130523890 -0.107418858 1.777478337 0.070986912 -0.004903299 0.032724675 0.996928275
7389.000000 -0.130159318 -0.103813484 1.779922247 0.071235679 -0.004916913 0.032152053 0.996929109
7390.000000 -0.133185819 -0.111188419 1.787314534 0.072804958 -0.012790893 0.035372689 0.996636629
7391.000000 -0.143029854 -0.113392904 1.782441735 0.072841369 -0.025512382 0.037070844 0.996327817
7392.000000 -0.142911017 -0.115579218 1.788289189 0.072704576 -0.025532929 0.037063662 0.996337473
7393.000000 -0.141878694 -0.108757861 1.793549299 0.071992151 -0.030968308 0.033440847 0.996363342
7394.000000 -0.150257766 -0.098206773 1.788476110 0.070274249 -0.040949211 0.031594638 0.996185958
7395.000000 -0.148252442 -0.107956551 1.796747327 0.069620602 -0.041205540 0.029463630 0.996286631
7396.000000 -0.152800843 -0.108868167 1.803637981 0.068120971 -0.047113262 0.030431300 0.996099353
7397.000000 -0.162974611 -0.099302359 1.807258964 0.068122134 -0.060067907 0.030551657 0.995398343
7398.000000 -0.162249312 -0.098339520 1.811385036 0.068201981 -0.060074735 0.030207034 0.995402932
7399.000000 -0.168788597 -0.101794422 1.819800496 0.074886017 -0.070907027 0.031847432 0.994157910
7400.000000 -0.169327155 -0.100443795 1.823835373 0.075146697 -0.070849255 0.032486387 0.994121730
7401.000000 -0.178138047 -0.100088187 1.834143281 0.081648760 -0.082104005 0.037037805 0.992582798
7402.000000 -0.177785784 -0.099391334 1.837214708 0.081767537 -0.082093395 0.037167568 0.992569089
7403.000000 -0.175583258 -0.103921138 1.826443434 0.083331674 -0.093872525 0.032627895 0.991553962
7404.000000 -0.177383333 -0.105036557 1.832534313 0.083374344 -0.093681417 0.032760106 0.991564095
7405.000000 -0.180736586 -0.104777373 1.837821603 0.080507286 -0.098064147 0.029460369 0.991480827
7406.000000 -0.201123238 -0.106552675 1.859191060 0.082519680 -0.107718289 0.025043853 0.990434289
7407.000000 -0.201622412 -0.105395719 1.866881251 0.082746930 -0.107637107 0.025066713 0.990423560
7408.000000 -0.210175782 -0.109253772 1.877215385 0.083706260 -0.115332931 0.024505282 0.989490330
7409.000000 -0.210611790 -0.108353570 1.880520821 0.083866268 -0.115257323 0.024523305 0.989485145
7410.000000 -0.221496120 -0.119636931 1.887533784 0.086150192 -0.121584773 0.024743740 0.988525689
7411.000000 -0.222467706 -0.119399078 1.888830304 0.086285837 -0.121428825 0.025252420 0.988520205
7412.000000 -0.231936350 -0.120712399 1.898503542 0.088910975 -0.127064690 0.025817258 0.987564147
7413.000000 -0.232540026 -0.120508343 1.899802804 0.089014031 -0.126951650 0.026109289 0.987561703
7414.000000 -0.243021458 -0.127179652 1.909458876 0.090312660 -0.136966363 0.024457030 0.986146867
7415.000000 -0.243456736 -0.127059013 1.910723448 0.090396211 -0.136931092 0.024683017 0.986138523
7416.000000 -0.244184002 -0.127090663 1.912251115 0.090410501 -0.136788860 0.024799557 0.986154020
7417.000000 -0.248805121 -0.127887845 1.917814493 0.091529481 -0.137812227 0.025900146 0.985880017
7418.000000 -0.253383368 -0.127965257 1.922671437 0.091889746 -0.140220076 0.028369579 0.985438943
7419.000000 -0.253738880 -0.127926365 1.923342824 0.091881640 -0.140154719 0.028410012 0.985447764
7420.000000 -0.258199096 -0.128548637 1.929564834 0.089993425 -0.140353695 0.028559327 0.985589445
7421.000000 -0.258270830 -0.128652573 1.929880977 0.089988045 -0.140353382 0.028483225 0.985592127
7422.000000 -0.260551691 -0.125329167 1.934965014 0.084403120 -0.142629266 0.033154510 0.985613465
7423.000000 -0.260798126 -0.126146257 1.935467958 0.084175617 -0.142540812 0.032458369 0.985668838
7424.000000 -0.265899599 -0.126388744 1.944116831 0.079937436 -0.146386430 0.034048680 0.985404372
7425.000000 -0.266529202 -0.126154557 1.945298910 0.079974957 -0.146325529 0.034281444 0.985402286
7426.000000 -0.266623139 -0.126474038 1.947032332 0.078613743 -0.147709578 0.033082802 0.985346317
7427.000000 -0.268796623 -0.126073807 1.954428673 0.075383350 -0.150893465 0.033190750 0.985112667
7428.000000 -0.268800884 -0.126083508 1.954758048 0.075408958 -0.150874048 0.033155877 0.985114872
7429.000000 -0.271123648 -0.127215356 1.963614225 0.070905060 -0.152794108 0.034397360 0.985110819
7430.000000 -0.271237135 -0.127450421 1.963903546 0.070877314 -0.152766123 0.034083541 0.985128045
7431.000000 -0.272395939 -0.127407372 1.969751596 0.070256107 -0.153326005 0.036345411 0.985004663
7432.000000 -0.271720469 -0.126306519 1.982840061 0.065956384 -0.156136543 0.036333688 0.984860957
7433.000000 -0.272196382 -0.126095027 1.983812213 0.066011377 -0.156091049 0.036577638 0.984855473
7434.000000 -0.272860080 -0.127061263 1.989438653 0.066689000 -0.157169759 0.035049297 0.984693825
7435.000000 -0.270972431 -0.127119571 2.001535892 0.065737985 -0.158101842 0.033735815 0.984654427
7436.000000 -0.270570129 -0.127278447 2.001234770 0.065686151 -0.158123702 0.033567719 0.984660149
7437.000000 -0.269945502 -0.126535177 2.017231703 0.067592733 -0.157874435 0.035556030 0.984501243
7438.000000 -0.270224512 -0.126217425 2.017743111 0.067653179 -0.157852605 0.035769384 0.984492898
7439.000000 -0.262576014 -0.127727970 2.030436516 0.069221906 -0.159325078 0.034925979 0.984176874
7440.000000 -0.263050675 -0.127634779 2.030895948 0.069261916 -0.159316957 0.035128005 0.984168172
7441.000000 -0.257591575 -0.132882878 2.048617125 0.070193350 -0.157389939 0.031657636 0.984529912
7442.000000 -0.257756621 -0.132491991 2.048860073 0.070255883 -0.157386258 0.031907558 0.984517992
7443.000000 -0.253323942 -0.139487222 2.073459864 0.076840907 -0.150287926 0.030949527 0.985165536
7444.000000 -0.252841473 -0.139115393 2.072114706 0.076899387 -0.150461420 0.031294119 0.985123634
7445.000000 -0.245948270 -0.146232516 2.093403816 0.077910282 -0.138182417 0.030648878 0.986861825
7446.000000 -0.247400850 -0.145274401 2.094059229 0.078184374 -0.138092205 0.030968081 0.986842871
7447.000000 -0.235601500 -0.151419550 2.112370491 0.080959424 -0.123282529 0.033236865 0.988505065
7448.000000 -0.235861674 -0.151084334 2.112621784 0.081143536 -0.123214021 0.033620849 0.988485575
7449.000000 -0.228636861 -0.155782387 2.137009621 0.084091827 -0.105671935 0.033731323 0.990264714
7450.000000 -0.228477418 -0.154173002 2.135245085 0.084338509 -0.105646171 0.034148626 0.990232229
7451.000000 -0.214364097 -0.157236621 2.147048473 0.084361866 -0.087827072 0.031701934 0.992050648
7452.000000 -0.215095714 -0.156924173 2.144474506 0.084403738 -0.087790638 0.031820539 0.992046535
7453.000000 -0.214909762 -0.156216323 2.159723759 0.085240066 -0.078801923 0.033646926 0.992669284
7454.000000 -0.208214015 -0.158104658 2.166318893 0.086642936 -0.070137814 0.033333737 0.993208289
7455.000000 -0.190439075 -0.161420077 2.172176123 0.082266837 -0.050294876 0.030298665 0.994879186
7456.000000 -0.191603303 -0.160156667 2.174824715 0.082634293 -0.050362349 0.030253114 0.994846702
7457.000000 -0.191545486 -0.159207448 2.191386938 0.082048424 -0.038863301 0.030852431 0.995392323
7458.000000 -0.177300364 -0.144972488 2.191290379 0.084697098 -0.014915532 0.031085365 0.995810032
7459.000000 -0.185940146 -0.142679110 2.187116146 0.085202761 -0.014282382 0.032596435 0.995727897
7460.000000 -0.172362238 -0.141529784 2.185237169 0.081300937 0.008449124 0.030390818 0.996190369
7461.000000 -0.170308203 -0.143366382 2.184448481 0.081424505 0.008517236 0.031557571 0.996143401
7462.000000 -0.165902451 -0.137936026 2.183838367 0.078031301 0.019080488 0.030990945 0.996286452
7463.000000 -0.153023586 -0.137969345 2.205359221 0.076291822 0.040044241 0.033026546 0.995733619
7464.000000 -0.154919833 -0.135165557 2.196431398 0.076538958 0.040314429 0.032994937 0.995704710
7465.000000 -0.149950728 -0.132543817 2.202638149 0.076682352 0.050447050 0.034882292 0.995167434
7466.000000 -0.144804150 -0.130677894 2.207423687 0.078260966 0.061465733 0.037067104 0.994345665
7467.000000 -0.136576593 -0.136074096 2.221343279 0.079867423 0.084313110 0.041620970 0.992360950
7468.000000 -0.136729121 -0.137042046 2.219784498 0.079783134 0.084208682 0.042401455 0.992343545
7469.000000 -0.127187371 -0.138193831 2.230069160 0.075844504 0.104984976 0.042819284 0.990652442
7470.000000 -0.126238257 -0.140313208 2.230533838 0.075837150 0.105050974 0.042462800 0.990661383
7471.000000 -0.128386915 -0.128773704 2.232844114 0.075614147 0.115184925 0.044441432 0.989464521
7472.000000 -0.126923978 -0.130081311 2.235292435 0.072676338 0.125360042 0.044262048 0.988455355
7473.000000 -0.124064431 -0.128510684 2.239733696 0.069692574 0.135034040 0.045225386 0.987351775
7474.000000 -0.117773339 -0.127549678 2.255804062 0.068619192 0.154878199 0.043918252 0.984568655
7475.000000 -0.111791119 -0.134765282 2.255568266 0.068256363 0.154711217 0.042660777 0.984675407
7476.000000 -0.110387988 -0.131982416 2.258820057 0.068449996 0.164823711 0.042431884 0.983029723
7477.000000 -0.106209718 -0.132540539 2.275594711 0.066916361 0.183246702 0.043254126 0.979832649
7478.000000 -0.103270248 -0.135066494 2.277130604 0.067202657 0.183194682 0.042408898 0.979859769
7479.000000 -0.101968221 -0.134245217 2.279886484 0.066664658 0.191561222 0.043439142 0.978250027
7480.000000 -0.101249464 -0.141544431 2.286581516 0.065558970 0.198574454 0.044220548 0.976890385
7481.000000 -0.092593223 -0.140998930 2.302347660 0.065053619 0.204466328 0.041360140 0.975833535
7482.000000 -0.095224857 -0.138097882 2.303791046 0.063809767 0.212209404 0.037620243 0.974412799
7483.000000 -0.092489377 -0.138200834 2.322676897 0.063069120 0.228359655 0.035157681 0.970895529
7484.000000 -0.091089219 -0.139480144 2.320739031 0.063245192 0.228566408 0.035953615 0.970806301
7485.000000 -0.091054961 -0.141639695 2.333655119 0.064060099 0.243311793 0.035570577 0.967176557
7486.000000 -0.086893603 -0.141926005 2.338192225 0.064053841 0.243332386 0.035867091 0.967160821
7487.000000 -0.088629410 -0.147616923 2.345893383 0.060537349 0.253112108 0.039184563 0.964745641
7488.000000 -0.087637186 -0.147919908 2.346832037 0.060503315 0.253208429 0.039212827 0.964721382
7489.000000 -0.086469159 -0.148433626 2.353812933 0.058207583 0.256915718 0.039144967 0.963884771
7490.000000 -0.083257645 -0.151038855 2.370243549 0.056586564 0.262818396 0.040833727 0.962318659
7491.000000 -0.081285447 -0.149495497 2.374711037 0.056790236 0.262862772 0.040590499 0.962304771
7492.000000 -0.084306613 -0.151891470 2.375149012 0.056724142 0.265808076 0.040780060 0.961491346
7493.000000 -0.085388854 -0.150612667 2.382021189 0.056694131 0.268392593 0.039620031 0.960823298
7494.000000 -0.084661603 -0.158403918 2.388765812 0.054894503 0.269463748 0.042631075 0.960499108
7495.000000 -0.084160447 -0.161170647 2.399726152 0.056074593 0.266684562 0.047178678 0.960993886
7496.000000 -0.084694445 -0.161272869 2.399212360 0.056061059 0.266602635 0.047223192 0.961015224
7497.000000 -0.087878585 -0.162875280 2.400789261 0.055939015 0.264057338 0.048375733 0.961667478
7498.000000 -0.089303404 -0.168524429 2.406388044 0.054644115 0.260330766 0.050685376 0.962638557
7499.000000 -0.090085775 -0.169966891 2.409576654 0.054035723 0.254813343 0.052189711 0.964067757
7500.000000 -0.098830149 -0.171275392 2.409804583 0.053878650 0.242135972 0.052800514 0.967305243
7501.000000 -0.101703390 -0.169460863 2.407415390 0.054208741 0.242048904 0.052452289 0.967327476
7502.000000 -0.103813916 -0.170631498 2.412582397 0.052904118 0.235665366 0.050776388 0.969063878
7503.000000 -0.105210364 -0.171522260 2.419457674 0.051233348 0.229591280 0.049278952 0.970687687
7504.000000 -0.098605245 -0.179850265 2.438390970 0.050186265 0.215431631 0.049198054 0.973986745
7505.000000 -0.107151255 -0.174838230 2.432073832 0.050939590 0.215935647 0.047611304 0.973914862
7506.000000 -0.109917790 -0.177738875 2.441525936 0.054162752 0.201893747 0.044317439 0.976903975
7507.000000 -0.111751154 -0.177738369 2.440839291 0.054191925 0.201790944 0.044289984 0.976924837
7508.000000 -0.119107679 -0.177954257 2.444420815 0.055436105 0.188368365 0.040256925 0.979705930
7509.000000 -0.121707253 -0.178041473 2.444426298 0.055438068 0.188462362 0.040075697 0.979695201
7510.000000 -0.124904707 -0.176322177 2.451357603 0.053840466 0.176251918 0.036257263 0.982202590
7511.000000 -0.120925590 -0.177261531 2.455309629 0.053988826 0.175900936 0.035740614 0.982276320
7512.000000 -0.130015865 -0.174449250 2.459147215 0.051180787 0.164761052 0.033128150 0.984447479
7513.000000 -0.124472484 -0.178994805 2.462997913 0.051036313 0.164283007 0.034122199 0.984500945
7514.000000 -0.125504643 -0.174119920 2.475014210 0.052844241 0.154166356 0.033968020 0.986045897
7515.000000 -0.126769766 -0.173855647 2.473626137 0.052811313 0.154275149 0.033826347 0.986035466
7516.000000 -0.129632205 -0.176547170 2.484365702 0.054288112 0.143782988 0.037014078 0.987425566
7517.000000 -0.129110724 -0.176652372 2.484760284 0.054200254 0.143809944 0.036312111 0.987452567
7518.000000 -0.125921309 -0.181104079 2.493366480 0.055025607 0.136579871 0.038101859 0.988365531
7519.000000 -0.127232581 -0.180547997 2.504040241 0.056598790 0.129562020 0.037071556 0.989260375
7520.000000 -0.127485752 -0.176730216 2.511665821 0.057491589 0.122035734 0.034845851 0.990246356
7521.000000 -0.134080127 -0.177927151 2.517394066 0.055914335 0.108196996 0.033786085 0.991980672
7522.000000 -0.131197631 -0.176183373 2.525973558 0.055935662 0.107997783 0.033421822 0.992013454
7523.000000 -0.129472882 -0.176377222 2.535737753 0.057147752 0.100776963 0.034469295 0.992668152
7524.000000 -0.129606873 -0.178384781 2.542765856 0.060785390 0.093170673 0.037226859 0.993095458
7525.000000 -0.129257113 -0.177557141 2.550339460 0.063797757 0.086146668 0.037442643 0.993532419
7526.000000 -0.131134301 -0.175544158 2.561480999 0.064656198 0.075299613 0.039095305 0.994294345
7527.000000 -0.128450081 -0.177378491 2.564953089 0.064691223 0.074963361 0.039277617 0.994310200
7528.000000 -0.132757053 -0.172110260 2.571085215 0.071721375 0.065495804 0.039695606 0.994480133
7529.000000 -0.129870147 -0.177868202 2.575348377 0.071222499 0.065233395 0.041390084 0.994464099
7530.000000 -0.130676031 -0.177772135 2.584900856 0.069361128 0.058862533 0.042286661 0.994955361
7531.000000 -0.129922003 -0.178081974 2.586699009 0.069354437 0.058837436 0.042259894 0.994958460
7532.000000 -0.128475949 -0.177177101 2.594281435 0.069410689 0.049298499 0.041257996 0.995514750
7533.000000 -0.127391636 -0.178182498 2.597660780 0.069332264 0.049275808 0.041281693 0.995520413
7534.000000 -0.125565886 -0.180269018 2.603982925 0.069241583 0.045912914 0.039475817 0.995760679
7535.000000 -0.124634802 -0.181064010 2.611225128 0.074367464 0.037450925 0.038468637 0.995784700
7536.000000 -0.122164533 -0.182962313 2.616357088 0.074239790 0.037259724 0.038773086 0.995789587
7537.000000 -0.131763235 -0.186462551 2.608023643 0.075348906 0.024742873 0.039125510 0.996082067
7538.000000 -0.131597444 -0.187302053 2.611295938 0.075295232 0.024755049 0.039121829 0.996086001
7539.000000 -0.130321279 -0.188449293 2.620185852 0.074557118 0.017427679 0.038214393 0.996331871
7540.000000 -0.136987820 -0.188452616 2.616832495 0.073139369 0.010019750 0.039691735 0.996481240
7541.000000 -0.131653309 -0.190089956 2.627393007 0.072277449 0.000901414 0.042499784 0.996478319
7542.000000 -0.143228412 -0.169555902 2.627944231 0.080576725 -0.016308069 0.047205959 0.995496452
7543.000000 -0.140142411 -0.172420785 2.649570942 0.080514990 -0.016577616 0.047080293 0.995502949
7544.000000 -0.151406899 -0.182952851 2.613793135 0.082527161 -0.034323923 0.050458685 0.994718611
7545.000000 -0.149136797 -0.188862190 2.637117386 0.082279123 -0.034549918 0.050549150 0.994726717
7546.000000 -0.161021203 -0.180645317 2.612237215 0.082235076 -0.054119084 0.050462276 0.993862212
7547.000000 -0.158300668 -0.179051027 2.639495134 0.082679540 -0.054329205 0.050338753 0.993820131
7548.000000 -0.152148977 -0.195580617 2.655712128 0.079130217 -0.064242490 0.048754398 0.993596673
7549.000000 -0.174552694 -0.185371205 2.628822803 0.078453146 -0.090947546 0.049625468 0.991519511
7550.000000 -0.171553195 -0.184115261 2.647376537 0.078682430 -0.091142580 0.049696848 0.991479874
7551.000000 -0.176767766 -0.186409086 2.634509802 0.076040506 -0.098400004 0.046986833 0.991124392
7552.000000 -0.178847402 -0.194300413 2.662497997 0.074174009 -0.105233952 0.045366667 0.990639210
7553.000000 -0.192787677 -0.185667127 2.658246040 0.073941357 -0.126918718 0.040867452 0.988308787
7554.000000 -0.187644541 -0.187215373 2.661308527 0.074053369 -0.127198279 0.041556951 0.988235712
7555.000000 -0.198212549 -0.188140720 2.667072058 0.073815823 -0.138839439 0.038262174 0.986818552
7556.000000 -0.199302346 -0.188458666 2.656487942 0.073820427 -0.138561815 0.038976636 0.986829281
7557.000000 -0.211140275 -0.190324634 2.683063030 0.072747551 -0.147053525 0.034712773 0.985838830
7558.000000 -0.211228788 -0.190396756 2.685464144 0.072826378 -0.146992773 0.035030875 0.985830784
7559.000000 -0.215149447 -0.190742999 2.684882402 0.075705975 -0.157474726 0.034735907 0.984003961
7560.000000 -0.215148509 -0.189981252 2.677351475 0.075820304 -0.157294556 0.035661373 0.983990908
7561.000000 -0.220487893 -0.191187501 2.694836855 0.073559344 -0.168159351 0.028200304 0.982606888
7562.000000 -0.219760478 -0.191566616 2.695670366 0.073460795 -0.168116406 0.027993964 0.982627451
7563.000000 -0.222626761 -0.193633631 2.700558901 0.071913488 -0.171721458 0.024280149 0.982217312
7564.000000 -0.227108628 -0.195791110 2.708748817 0.070379764 -0.174200073 0.022258978 0.981939733
7565.000000 -0.232834488 -0.195176855 2.716053009 0.071218126 -0.175904214 0.021154473 0.981599867
7566.000000 -0.241171330 -0.196232930 2.726006508 0.071952738 -0.179520547 0.019910404 0.980917335
7567.000000 -0.241407439 -0.196208298 2.726792097 0.071993560 -0.179403052 0.020108420 0.980931818
7568.000000 -0.245705768 -0.198601276 2.732593536 0.072183378 -0.182386503 0.016950762 0.980427206
7569.000000 -0.248736471 -0.197573125 2.736889124 0.072364680 -0.182124689 0.017071424 0.980460405
7570.000000 -0.249003574 -0.203055009 2.739684820 0.070554331 -0.183164552 0.014585212 0.980438709
7571.000000 -0.248852357 -0.203096122 2.739816666 0.070570923 -0.183163866 0.014589838 0.980437636
7572.000000 -0.254129946 -0.205005750 2.747595072 0.068135180 -0.181552425 0.012486786 0.980938554
7573.000000 -0.254731774 -0.205076396 2.749626398 0.068175636 -0.181494027 0.012157961 0.980950654
7574.000000 -0.262496501 -0.205800623 2.760827780 0.067570277 -0.178441361 0.010552770 0.981570959
7575.000000 -0.263595045 -0.206149086 2.761952639 0.067525618 -0.178411961 0.010534420 0.981579602
7576.000000 -0.263631701 -0.207057446 2.766592026 0.067601964 -0.174758941 0.010270849 0.982234120
7577.000000 -0.264261872 -0.209353238 2.767570972 0.067283124 -0.174719512 0.010261990 0.982263088
7578.000000 -0.272147924 -0.209370822 2.781744480 0.065799117 -0.167861506 0.009360468 0.983567715
7579.000000 -0.272148013 -0.210871711 2.780410290 0.065826476 -0.167802900 0.008902346 0.983580112
7580.000000 -0.270852476 -0.210900828 2.783816338 0.068442948 -0.161845222 0.008851959 0.984400034
7581.000000 -0.272129774 -0.210897744 2.783007622 0.068423875 -0.161806896 0.008737087 0.984408677
7582.000000 -0.273193628 -0.214523613 2.793104887 0.063517064 -0.150663897 0.008594780 0.986505032
7583.000000 -0.274414361 -0.215976238 2.795204401 0.063307382 -0.150778472 0.007710900 0.986508310
7584.000000 -0.274709493 -0.213109195 2.802085161 0.065475136 -0.142993689 0.010393308 0.987500846
7585.000000 -0.274727732 -0.213001728 2.800911427 0.065492712 -0.143030956 0.010354246 0.987494648
7586.000000 -0.272884279 -0.213692874 2.808294058 0.064753987 -0.135825813 0.008219409 0.988580167
7587.000000 -0.273829520 -0.213527158 2.806769848 0.064663358 -0.135692805 0.008113888 0.988605261
7588.000000 -0.270875603 -0.218331233 2.809195995 0.063189998 -0.131938592 0.007015705 0.989216924
7589.000000 -0.271895200 -0.215852842 2.825886726 0.060229801 -0.122503407 0.008413661 0.990603149
7590.000000 -0.273941725 -0.217432678 2.823152065 0.060008865 -0.122444503 0.008002966 0.990627229
7591.000000 -0.272908866 -0.218895197 2.841638327 0.058179572 -0.111448444 0.007654122 0.992036223
7592.000000 -0.271662265 -0.219225794 2.834037066 0.058119711 -0.111663379 0.006837117 0.992021561
7593.000000 -0.269325078 -0.217485726 2.864657402 0.059263226 -0.097053044 0.010371464 0.993459105
7594.000000 -0.272167087 -0.213952675 2.848974466 0.059521630 -0.096764229 0.010139752 0.993474245
7595.000000 -0.267855078 -0.224033266 2.882130861 0.061929509 -0.083656006 0.014676297 0.994460225
7596.000000 -0.270763099 -0.222731218 2.870877504 0.061989196 -0.083378203 0.014913626 0.994476318
7597.000000 -0.268574536 -0.217122510 2.878169298 0.064818978 -0.076815635 0.016447850 0.994800150
7598.000000 -0.263416439 -0.226991042 2.903142214 0.066951692 -0.064115897 0.017835382 0.995534301
7599.000000 -0.264050394 -0.218792960 2.889663219 0.067614429 -0.064105980 0.017223420 0.995500922
7600.000000 -0.263796568 -0.221816957 2.904174328 0.067965925 -0.057610925 0.016017508 0.995894134
7601.000000 -0.256599098 -0.227391198 2.930563927 0.070533507 -0.044322107 0.016645934 0.996385276
7602.000000 -0.256949186 -0.219836250 2.918521404 0.071176685 -0.044417489 0.016621901 0.996335626
7603.000000 -0.251470000 -0.224209577 2.939437389 0.074345969 -0.031322107 0.015621291 0.996618092
7604.000000 -0.252174318 -0.223221824 2.929932117 0.074314028 -0.031326570 0.015909074 0.996615767
7605.000000 -0.246900275 -0.225682259 2.937109947 0.072795898 -0.024667364 0.013535046 0.996949911
7606.000000 -0.242386565 -0.231955722 2.966330528 0.066456415 -0.012005450 0.013526994 0.997625411
7607.000000 -0.242292687 -0.232126951 2.950906515 0.066262670 -0.012074768 0.013017812 0.997644246
7608.000000 -0.239116982 -0.228587300 2.987772703 0.068600923 0.000191802 0.015684059 0.997520864
7609.000000 -0.238128871 -0.226420105 2.979983091 0.068638325 -0.000043300 0.015434370 0.997522235
7610.000000 -0.228358328 -0.230738908 2.999256611 0.068343587 0.012136673 0.017578932 0.997433126
7611.000000 -0.228589639 -0.228687406 2.990578413 0.068436988 0.012142770 0.017322913 0.997431099
7612.000000 -0.225513279 -0.231881261 3.020371914 0.069910198 0.021246599 0.020397803 0.997118413
7613.000000 -0.224626228 -0.232709885 3.009806156 0.069780007 0.021099580 0.020355830 0.997131526
7614.000000 -0.218883485 -0.234546065 3.015852690 0.065956786 0.031206235 0.018800817 0.997157216
7615.000000 -0.220089823 -0.235346094 3.008062363 0.065844841 0.031310450 0.018066384 0.997174919
7616.000000 -0.219967186 -0.236159965 3.045318842 0.061724156 0.046800185 0.016714666 0.996855378
7617.000000 -0.219417721 -0.232652947 3.033381224 0.061964076 0.046780959 0.016869936 0.996838689
7618.000000 -0.214225456 -0.236947328 3.058129072 0.063657805 0.062085103 0.019666554 0.995844603
7619.000000 -0.213877633 -0.231769517 3.044973135 0.063992575 0.062020276 0.019748744 0.995825529
7620.000000 -0.214241207 -0.232700169 3.056168079 0.064238168 0.067647800 0.023615474 0.995359063
7621.000000 -0.206456035 -0.236246616 3.066733837 0.063243821 0.075844400 0.022704517 0.994853020
7622.000000 -0.207033396 -0.234288171 3.062220812 0.063395746 0.075875215 0.022131257 0.994853914
7623.000000 -0.206555411 -0.238544822 3.089474916 0.062966473 0.083831914 0.022051444 0.994244039
7624.000000 -0.206747577 -0.238249362 3.084359646 0.062912233 0.083818592 0.022090139 0.994247794
7625.000000 -0.202744886 -0.239487574 3.092949629 0.062320970 0.095807590 0.018666863 0.993271649
7626.000000 -0.202569008 -0.233371019 3.072666883 0.062600218 0.095600531 0.018650647 0.993274331
7627.000000 -0.203590065 -0.238298446 3.094091415 0.061351627 0.104836792 0.016111083 0.992464423
7628.000000 -0.202876300 -0.237701774 3.102998495 0.060985450 0.113763146 0.014867572 0.991522908
7629.000000 -0.199985743 -0.238266259 3.134183168 0.061706152 0.128697067 0.017338360 0.989610434
7630.000000 -0.201180756 -0.233588129 3.120850801 0.061931971 0.128836766 0.017341638 0.989578128
7631.000000 -0.197194546 -0.235982820 3.142413616 0.064242095 0.145124465 0.014855550 0.987213850
7632.000000 -0.198500127 -0.231140137 3.132090807 0.064690135 0.145435095 0.014568305 0.987143159
7633.000000 -0.194945544 -0.231224582 3.158531189 0.066518746 0.161258012 0.014759535 0.984557450
7634.000000 -0.194086090 -0.231964067 3.142285347 0.066198714 0.161097527 0.015018437 0.984601378
7635.000000 -0.188947529 -0.235168919 3.155169964 0.063884959 0.167316496 0.017355032 0.983678162
7636.000000 -0.189573348 -0.233424485 3.149329424 0.063961990 0.167344227 0.017226599 0.983670652
7637.000000 -0.186713815 -0.226215199 3.192870140 0.065142177 0.176398546 0.012985054 0.982075095
7638.000000 -0.187216893 -0.225682333 3.191597939 0.065223813 0.176399589 0.012967576 0.982069731
7639.000000 -0.185640752 -0.229567289 3.197882891 0.067986287 0.180967420 0.013964379 0.981037080
7640.000000 -0.187296569 -0.235295340 3.201882601 0.068747997 0.183505967 0.018520355 0.980436802
7641.000000 -0.185069710 -0.242300108 3.207040071 0.069419980 0.182451949 0.025412094 0.980431795
7642.000000 -0.184430271 -0.248949185 3.211045265 0.069476716 0.178466678 0.032840334 0.980940521
7643.000000 -0.185709313 -0.252739668 3.216374159 0.068419553 0.164174333 0.042741336 0.983127058
7644.000000 -0.177115977 -0.264990419 3.223262072 0.067423329 0.163323045 0.044731896 0.983249128
7645.000000 -0.185658157 -0.242951497 3.230035543 0.069567554 0.155445442 0.044414230 0.984390378
7646.000000 -0.186097682 -0.241851702 3.237407446 0.071531706 0.147722095 0.044010065 0.985456586
7647.000000 -0.192222700 -0.230858237 3.231745481 0.074433118 0.142675504 0.041007299 0.986114562
7648.000000 -0.195595250 -0.230101973 3.218734026 0.072177887 0.134050429 0.039839532 0.987539291
7649.000000 -0.194823056 -0.226899043 3.223769665 0.072500981 0.134015307 0.039117340 0.987549126
7650.000000 -0.194086790 -0.242197618 3.230851412 0.069296882 0.120083034 0.042526849 0.989428878
7651.000000 -0.191976517 -0.244719088 3.242365360 0.069168530 0.119858913 0.041875176 0.989492893
7652.000000 -0.196901560 -0.240794450 3.239671469 0.066880703 0.106502853 0.038911968 0.991297126
7653.000000 -0.196021095 -0.241366819 3.247501850 0.066923194 0.106402203 0.038669717 0.991314530
7654.000000 -0.197865963 -0.242239758 3.251997471 0.064938471 0.100250132 0.037186138 0.992144227
7655.000000 -0.201236084 -0.239029184 3.257054806 0.061652381 0.089821406 0.033683881 0.993476987
7656.000000 -0.200734451 -0.239150733 3.264830828 0.061757393 0.089802325 0.033413701 0.993481338
7657.000000 -0.204640269 -0.236754149 3.270621061 0.059369899 0.078568086 0.032110855 0.994621158
7658.000000 -0.205424339 -0.237928703 3.277245045 0.059352811 0.078663446 0.031912521 0.994621038
7659.000000 -0.209648907 -0.238354638 3.278349638 0.058717769 0.065257117 0.032377258 0.995613098
7660.000000 -0.209022760 -0.241030023 3.290595531 0.058622543 0.065208428 0.032623932 0.995613873
7661.000000 -0.211018980 -0.235838145 3.284089327 0.061091453 0.050255593 0.031871341 0.996356606
7662.000000 -0.211923584 -0.240735739 3.302933216 0.060824748 0.050259691 0.032016847 0.996368051
7663.000000 -0.212314203 -0.241481483 3.307991505 0.061555386 0.042717308 0.032451581 0.996661007
7664.000000 -0.213469803 -0.242567331 3.317361593 0.062533297 0.035456385 0.032663018 0.996877909
7665.000000 -0.211863771 -0.240454480 3.319582701 0.063938081 0.028522538 0.032812167 0.997006416
7666.000000 -0.214850858 -0.243196711 3.325880527 0.064505935 0.021922698 0.032841593 0.997135818
7667.000000 -0.213415936 -0.240575165 3.327462196 0.064891882 0.007004110 0.031591907 0.997367561
7668.000000 -0.212059274 -0.247696415 3.343354464 0.064454578 0.006905405 0.031212624 0.997408569
7669.000000 -0.214074835 -0.246398672 3.343027115 0.068366699 -0.006683188 0.029448105 0.997203171
7670.000000 -0.213053092 -0.249087781 3.352566481 0.068253435 -0.006782140 0.029951654 0.997195303
7671.000000 -0.216813564 -0.249639228 3.354398012 0.071406640 -0.019982684 0.031061573 0.996763289
7672.000000 -0.216813236 -0.251903057 3.366981268 0.071372725 -0.019966790 0.031553131 0.996750593
7673.000000 -0.217073590 -0.244916543 3.368854284 0.078397639 -0.036213480 0.034008827 0.995683610
7674.000000 -0.213658303 -0.247253507 3.383800745 0.078326613 -0.036524303 0.034281161 0.995668530
7675.000000 -0.213654354 -0.249468401 3.372601271 0.080263577 -0.050687972 0.033044044 0.994935513
7676.000000 -0.212899864 -0.252702445 3.382937431 0.080145128 -0.050724350 0.033183735 0.994938552
7677.000000 -0.212038279 -0.249317437 3.380372763 0.080507286 -0.064248107 0.030613480 0.994210064
7678.000000 -0.210908383 -0.253018081 3.394161224 0.080295518 -0.064330250 0.030660598 0.994220436
7679.000000 -0.218583450 -0.249425322 3.385543585 0.084321141 -0.086165346 0.032437939 0.992176056
7680.000000 -0.219802633 -0.247065470 3.384128094 0.086437739 -0.093290731 0.031729437 0.991372108
7681.000000 -0.216349423 -0.255074114 3.397395372 0.086057328 -0.093680963 0.031974826 0.991360545
7682.000000 -0.216319516 -0.257500589 3.391660690 0.085020438 -0.100326747 0.031350158 0.990819514
7683.000000 -0.214964107 -0.261634409 3.402299881 0.084733158 -0.100369863 0.031300142 0.990841329
7684.000000 -0.220038205 -0.263633430 3.413052797 0.082163915 -0.106468387 0.031807456 0.990404963
7685.000000 -0.223691598 -0.255149722 3.401112795 0.078763396 -0.119231947 0.030615384 0.989263773
7686.000000 -0.221797243 -0.258527517 3.415474892 0.078630872 -0.119299814 0.030380597 0.989273429
7687.000000 -0.226875052 -0.253954262 3.407574177 0.073169023 -0.133603841 0.032607388 0.987792075
7688.000000 -0.228629231 -0.254760861 3.417468548 0.073228456 -0.133408785 0.033124071 0.987796843
7689.000000 -0.233553857 -0.246653318 3.409457207 0.068227008 -0.145010993 0.030384712 0.986607194
7690.000000 -0.232149720 -0.250027150 3.418694496 0.067980200 -0.145076051 0.029989921 0.986626744
7691.000000 -0.239754185 -0.250653774 3.428040743 0.065525629 -0.153266653 0.024860501 0.985696614
7692.000000 -0.238039821 -0.252493411 3.433964491 0.065432519 -0.153380260 0.024981817 0.985682011
7693.000000 -0.244800061 -0.247437879 3.428102732 0.065812573 -0.160737753 0.023264090 0.984525740
7694.000000 -0.244047120 -0.248985767 3.433763742 0.065793924 -0.160783201 0.023314355 0.984518349
7695.000000 -0.243493706 -0.248691946 3.441178799 0.065242104 -0.166407794 0.022727055 0.983633816
7696.000000 -0.248749822 -0.250865340 3.446339607 0.062736928 -0.175424069 0.018424891 0.982319236
7697.000000 -0.246978819 -0.252408713 3.449808121 0.062611267 -0.175509170 0.018457977 0.982311487
7698.000000 -0.252537370 -0.254541188 3.461606264 0.061439451 -0.177511334 0.014717115 0.982088804
7699.000000 -0.254871607 -0.261527836 3.471486807 0.059708115 -0.178495258 0.011836677 0.982056201
7700.000000 -0.258260995 -0.260850698 3.488270283 0.061114337 -0.179176569 0.011763395 0.981846511
7701.000000 -0.261441410 -0.262829393 3.494035006 0.063332863 -0.180088907 0.011992006 0.981536090
7702.000000 -0.266636729 -0.269612134 3.512842178 0.069332547 -0.176390752 0.007193224 0.981849074
7703.000000 -0.269642651 -0.278294444 3.532672644 0.070746161 -0.169990659 0.006472771 0.982881665
7704.000000 -0.269839644 -0.277398020 3.527204514 0.070839427 -0.169971362 0.006757532 0.982876360
7705.000000 -0.270974904 -0.277683437 3.533834696 0.073940471 -0.166305333 0.006074327 0.983279526
7706.000000 -0.269398570 -0.278985739 3.549914837 0.077901028 -0.159836814 0.008751121 0.984026015
7707.000000 -0.270402849 -0.278025180 3.542933941 0.077884093 -0.159802586 0.008897262 0.984031558
7708.000000 -0.271478117 -0.282998502 3.552102804 0.078833364 -0.156288445 0.009711645 0.984512568
7709.000000 -0.271934241 -0.285023004 3.570660114 0.078323126 -0.151564851 0.015958663 0.985210121
7710.000000 -0.270109534 -0.282087356 3.561553001 0.078481898 -0.151922211 0.015743176 0.985145867
7711.000000 -0.269179821 -0.281772584 3.561924219 0.077418044 -0.151151210 0.016750555 0.985332012
7712.000000 -0.267938346 -0.279313445 3.557784796 0.074885607 -0.150676653 0.017597346 0.985585630
7713.000000 -0.274211705 -0.279559016 3.579506874 0.074777156 -0.150336474 0.020000827 0.985599995
7714.000000 -0.276104450 -0.278248221 3.575688839 0.077454038 -0.155232653 0.026018020 0.984493196
7715.000000 -0.275374085 -0.280958384 3.581714869 0.077212721 -0.155261517 0.025973389 0.984508753
7716.000000 -0.278044939 -0.278946847 3.580990314 0.075434200 -0.157695428 0.025570486 0.984270334
7717.000000 -0.283580273 -0.279872775 3.590475559 0.073555008 -0.161930338 0.028373543 0.983647943
7718.000000 -0.283689380 -0.280981809 3.596344709 0.073479913 -0.161834672 0.028190320 0.983674586
7719.000000 -0.291029036 -0.281909853 3.609070778 0.070378646 -0.165147066 0.032295894 0.983224452
7720.000000 -0.289973021 -0.283726454 3.611429930 0.070243686 -0.165230438 0.032160085 0.983224571
7721.000000 -0.296693683 -0.283591211 3.622365952 0.070221044 -0.167883009 0.032108866 0.982778370
7722.000000 -0.295482963 -0.283061028 3.621453285 0.070328072 -0.168069094 0.032253280 0.982734203
7723.000000 -0.299817622 -0.284245610 3.628557205 0.067549758 -0.170218065 0.029146878 0.982656240
7724.000000 -0.298657507 -0.284509271 3.632287025 0.067560539 -0.170258686 0.029114326 0.982649446
7725.000000 -0.303905994 -0.288927794 3.646078348 0.067300215 -0.170127377 0.028153587 0.982718050
7726.000000 -0.304685503 -0.288462520 3.643756390 0.067335851 -0.170030802 0.028189706 0.982731283
7727.000000 -0.305869013 -0.292874217 3.662312508 0.067506544 -0.167870164 0.026613889 0.983134866
7728.000000 -0.306855738 -0.292403787 3.661232471 0.067552269 -0.167760864 0.026685106 0.983148456
7729.000000 -0.309264421 -0.296026915 3.661096811 0.067352980 -0.165268511 0.026294515 0.983594716
7730.000000 -0.305495232 -0.296445817 3.676525116 0.066782959 -0.160128519 0.025667543 0.984499991
7731.000000 -0.305749267 -0.295044005 3.671364546 0.066775188 -0.160110548 0.025534395 0.984506845
7732.000000 -0.304174453 -0.299070388 3.691462517 0.063280545 -0.151401728 0.021843035 0.986202896
7733.000000 -0.305454701 -0.297318757 3.680634260 0.063207507 -0.151320592 0.021679847 0.986223638
7734.000000 -0.305252135 -0.299143761 3.711156607 0.059787128 -0.138391823 0.018779987 0.988392949
7735.000000 -0.305328131 -0.296522349 3.703602314 0.059905190 -0.138459235 0.018331598 0.988384783
7736.000000 -0.305296272 -0.297670901 3.756007671 0.062965631 -0.127210557 0.021368727 0.989644468
7737.000000 -0.306197912 -0.296283484 3.746798754 0.063072406 -0.127243653 0.021838628 0.989623189
7738.000000 -0.293345749 -0.303002745 3.750834227 0.062220987 -0.118969120 0.021074275 0.990722418
7739.000000 -0.294457972 -0.301166266 3.744137049 0.062284537 -0.118917957 0.020747177 0.990731418
7740.000000 -0.295886338 -0.301387489 3.808006048 0.065391071 -0.103191249 0.018800259 0.992331684
7741.000000 -0.296930909 -0.297451615 3.796799660 0.065831527 -0.103169180 0.019635169 0.992288709
7742.000000 -0.282427311 -0.306684226 3.819892645 0.072590813 -0.085181624 0.022017168 0.993473709
7743.000000 -0.282912523 -0.302348286 3.802571058 0.072968714 -0.085201204 0.022516316 0.993433118
7744.000000 -0.275724828 -0.307038844 3.837823868 0.074267052 -0.067790851 0.028439742 0.994525015
7745.000000 -0.274571896 -0.305316567 3.821651697 0.074324034 -0.068021163 0.028332315 0.994508147
7746.000000 -0.261115849 -0.310569823 3.846687555 0.072799005 -0.053594578 0.030570220 0.995436311
7747.000000 -0.261106849 -0.307035238 3.835691452 0.073046252 -0.053708971 0.031561539 0.995381117
7748.000000 -0.259552509 -0.313655674 3.875801086 0.073757924 -0.037746962 0.035770826 0.995919406
7749.000000 -0.258470595 -0.310471624 3.866952658 0.074138135 -0.037962645 0.036374450 0.995861113
7750.000000 -0.247151271 -0.315157801 3.884994268 0.073300518 -0.022546725 0.036556788 0.996384621
7751.000000 -0.245807603 -0.313204855 3.875632763 0.073419742 -0.022635378 0.036882877 0.996361852
7752.000000 -0.241670310 -0.315183699 3.883816957 0.072401807 -0.015380152 0.036436088 0.996591091
7753.000000 -0.242516115 -0.312837899 3.898511648 0.072253525 -0.007965058 0.036713008 0.996678591
7754.000000 -0.238224626 -0.310333341 3.903545141 0.072819531 -0.001324617 0.036043216 0.996692836
7755.000000 -0.231513917 -0.313873410 3.902295589 0.069863707 0.004830823 0.033189375 0.996992588
7756.000000 -0.226050407 -0.309822708 3.901697874 0.064401172 0.010552974 0.033083372 0.997319758
7757.000000 -0.230154127 -0.311012745 3.922398567 0.061697442 0.017738666 0.033393979 0.997378409
7758.000000 -0.226178825 -0.311611474 3.941072941 0.062173732 0.030543534 0.038868606 0.996840417
7759.000000 -0.225345463 -0.311614931 3.935224771 0.062133513 0.030520841 0.039027426 0.996837378
7760.000000 -0.224209964 -0.318639040 3.949256420 0.060759112 0.038067777 0.040821683 0.996590555
7761.000000 -0.221348226 -0.319915116 3.970797777 0.063253075 0.054809842 0.045695540 0.995443106
7762.000000 -0.220438719 -0.317866653 3.963532209 0.063366681 0.054645490 0.046001658 0.995430768
7763.000000 -0.216241643 -0.320907027 3.983971119 0.060012136 0.067870595 0.050635979 0.994599521
7764.000000 -0.216821462 -0.319869190 3.976278305 0.060054071 0.067938253 0.050318073 0.994608462
7765.000000 -0.211362883 -0.319561303 3.993274450 0.061032806 0.075842962 0.051897172 0.993896127
7766.000000 -0.211087093 -0.316533595 3.987982035 0.061269313 0.075791284 0.051834088 0.993888795
7767.000000 -0.212148666 -0.318622410 4.000630379 0.060864680 0.079873547 0.050190907 0.993678331
7768.000000 -0.208426028 -0.322187990 4.017776012 0.059541985 0.087669060 0.045099992 0.993345320
7769.000000 -0.208577156 -0.320688844 4.013206482 0.059627235 0.087652884 0.044971142 0.993347466
7770.000000 -0.209676579 -0.321355790 4.022991657 0.059118837 0.092028655 0.043800179 0.993034363
7771.000000 -0.210827768 -0.316343635 4.035778522 0.061490268 0.097588375 0.043927155 0.992353678
7772.000000 -0.208767101 -0.320189357 4.042289257 0.063813850 0.103986345 0.043119390 0.991592348
7773.000000 -0.207490414 -0.321910918 4.045235634 0.063574240 0.110598788 0.042535231 0.990917265
7774.000000 -0.205778077 -0.326076686 4.054372787 0.061248481 0.116904415 0.043527540 0.990296662
7775.000000 -0.203507483 -0.323400080 4.069053650 0.061912324 0.122317739 0.044186819 0.989572048
7776.000000 -0.202393532 -0.328606933 4.088770866 0.061666705 0.133693814 0.043566290 0.988142252
7777.000000 -0.202250540 -0.325952560 4.079970360 0.061822753 0.133620441 0.043461431 0.988147080
7778.000000 -0.203180641 -0.328433484 4.114203930 0.065366529 0.146453843 0.045650717 0.985999286
7779.000000 -0.203153938 -0.325882852 4.106227398 0.065440372 0.146415442 0.045918286 0.985987663
7780.000000 -0.202049345 -0.331137240 4.122426987 0.068785541 0.152053565 0.053005859 0.984549999
7781.000000 -0.200873017 -0.330182761 4.119975090 0.068833567 0.151845813 0.053046405 0.984576523
7782.000000 -0.197612107 -0.329682827 4.123228550 0.070923612 0.145957574 0.059245668 0.984965146
7783.000000 -0.197456449 -0.328924865 4.126920223 0.071014501 0.145858333 0.059455171 0.984960675
7784.000000 -0.199435204 -0.324586272 4.128887653 0.065981664 0.131756619 0.063022085 0.987073898
7785.000000 -0.199512839 -0.326878965 4.134810925 0.065836541 0.131691054 0.062894024 0.987100482
7786.000000 -0.203827977 -0.326104254 4.147080421 0.064111240 0.117750369 0.058778457 0.989226878
7787.000000 -0.203501999 -0.329538584 4.153968334 0.063844755 0.117697582 0.058530685 0.989265025
7788.000000 -0.210338414 -0.328472048 4.157895565 0.061097540 0.105297916 0.053537291 0.991117179
7789.000000 -0.210586071 -0.330006212 4.165045261 0.060997184 0.105197392 0.053853519 0.991116881
7790.000000 -0.212237209 -0.327332288 4.169370651 0.058448140 0.094070032 0.052850313 0.992442250
7791.000000 -0.211441323 -0.330494225 4.173898697 0.058040246 0.094008557 0.052692395 0.992480397
7792.000000 -0.213943392 -0.331228554 4.181799412 0.055606954 0.087245330 0.054217592 0.993154943
7793.000000 -0.214043111 -0.328063160 4.190899372 0.056723703 0.080549896 0.053574719 0.993692100
7794.000000 -0.219876915 -0.328302830 4.192422390 0.063466936 0.071680434 0.050293632 0.994135082
7795.000000 -0.219772190 -0.330589622 4.198123455 0.063240804 0.071685642 0.050969046 0.994114697
7796.000000 -0.221026942 -0.328905672 4.195535183 0.065754928 0.062861279 0.046551295 0.994765162
7797.000000 -0.220440865 -0.331358463 4.201997757 0.065557584 0.062885471 0.046630390 0.994773030
7798.000000 -0.222241670 -0.334315956 4.205416203 0.063882425 0.058044933 0.045376137 0.995234132
7799.000000 -0.225580230 -0.334514916 4.211727142 0.061925765 0.052615274 0.044589866 0.995695055
7800.000000 -0.224634707 -0.329562664 4.215230465 0.061445855 0.046819713 0.041075934 0.996165216
7801.000000 -0.228440925 -0.331807852 4.218191624 0.060506899 0.038087197 0.035564668 0.996806681
7802.000000 -0.227962390 -0.333425671 4.224514961 0.060403649 0.038053066 0.035718460 0.996808767
7803.000000 -0.231652707 -0.332105368 4.223723412 0.061867680 0.030179130 0.035043206 0.997012317
7804.000000 -0.232917190 -0.333408326 4.227687359 0.061529316 0.030271607 0.036198117 0.996989250
7805.000000 -0.232683763 -0.333796382 4.236469269 0.062075432 0.023794988 0.035500299 0.997156084
7806.000000 -0.232457608 -0.333413541 4.238584995 0.061959390 0.023791980 0.036272284 0.997135580
7807.000000 -0.233838841 -0.333765358 4.243128777 0.065240495 0.015238927 0.036204245 0.997096181
7808.000000 -0.232655525 -0.334900618 4.247510910 0.065119803 0.015140679 0.036644079 0.997089446
7809.000000 -0.233215377 -0.334842712 4.254087448 0.066757463 0.010727929 0.035034984 0.997096300
7810.000000 -0.232260540 -0.332077175 4.261533737 0.069041118 0.005555762 0.034951564 0.996985912
7811.000000 -0.231824785 -0.333273053 4.266595840 0.070542522 -0.004892051 0.033274766 0.996941626
7812.000000 -0.232964829 -0.334143460 4.270163059 0.070590407 -0.004686284 0.033422515 0.996934295
7813.000000 -0.232776195 -0.336357087 4.274310589 0.070210934 -0.009053132 0.031272780 0.997000813
7814.000000 -0.233659834 -0.337052435 4.279957771 0.070614688 -0.012827896 0.029049948 0.996998131
7815.000000 -0.233189672 -0.336445510 4.283322811 0.070804998 -0.016569888 0.027356269 0.996977389
7816.000000 -0.232484773 -0.337456018 4.287060738 0.069842242 -0.020021327 0.025992105 0.997018456
7817.000000 -0.232678086 -0.337214887 4.293516636 0.069270574 -0.023011433 0.025687767 0.997001648
7818.000000 -0.231283709 -0.338464230 4.296287060 0.069492146 -0.025051974 0.025465684 0.996942699
7819.000000 -0.230363339 -0.340337634 4.304457664 0.069848277 -0.028298190 0.026974950 0.996791303
7820.000000 -0.230577707 -0.340441436 4.305035114 0.069845587 -0.028215397 0.027055731 0.996791661
7821.000000 -0.227035105 -0.340361834 4.309283733 0.069669105 -0.030628938 0.025410369 0.996776104
7822.000000 -0.227458820 -0.340308815 4.309760094 0.069704525 -0.030552657 0.025532918 0.996772766
7823.000000 -0.226296857 -0.339891791 4.316668510 0.069819532 -0.031931832 0.027058253 0.996681213
7824.000000 -0.226377100 -0.340065718 4.317106724 0.069825917 -0.031914640 0.026995316 0.996683061
7825.000000 -0.225663573 -0.343862504 4.323227406 0.069459848 -0.033700485 0.028419666 0.996610284
7826.000000 -0.225928545 -0.343678296 4.323143005 0.069468223 -0.033647098 0.028552642 0.996607721
7827.000000 -0.223354414 -0.343722552 4.322907925 0.068400964 -0.033673402 0.026765533 0.996730208
7828.000000 -0.223940298 -0.343303323 4.330801487 0.068957232 -0.032001764 0.024657227 0.996801257
7829.000000 -0.223579466 -0.342854202 4.330576420 0.069009662 -0.032100067 0.024733244 0.996792674
7830.000000 -0.222006246 -0.343325317 4.334149361 0.068142287 -0.030661149 0.025698476 0.996873260
7831.000000 -0.221010804 -0.343004256 4.333436966 0.068164654 -0.030800482 0.025384268 0.996875405
